table,N,verdict_checker_a,verdict_checker_b,locally_optimal_certified,rho_rel,Delta_rel
ccq,57,CERTIFIED,CERTIFIED,yes,6.685e-08,2.370e-44
ccq,59,CERTIFIED,CERTIFIED,yes,9.192e-08,1.662e-44
ccq,63,CERTIFIED,CERTIFIED,yes,2.000e-06,1.422e-44
ccq,70,CERTIFIED,CERTIFIED,yes,2.700e-08,2.363e-44
ccq,78,CERTIFIED,CERTIFIED,yes,1.138e-08,2.657e-44
ccq,85,CERTIFIED,CERTIFIED,yes,2.373e-07,1.540e-44
ccq,86,CERTIFIED,CERTIFIED,yes,4.182e-08,3.019e-44
ccq,87,CERTIFIED,CERTIFIED,yes,4.133e-07,2.867e-44
ccq,90,CERTIFIED,CERTIFIED,yes,3.919e-09,2.115e-44
ccq,92,CERTIFIED,CERTIFIED,yes,4.385e-13,1.456e-44
ccq,98,NOT_RIGID,-,no,,
ccq,99,CERTIFIED,CERTIFIED,yes,4.131e-08,2.120e-44
ccq,100,CERTIFIED,CERTIFIED,yes,2.259e-08,2.111e-44
ccq,105,NOT_RIGID,-,no,,
ccq,106,NOT_RIGID,-,no,,
ccq,108,CERTIFIED,CERTIFIED,yes,3.056e-09,2.882e-44
ccq,111,NOT_RIGID,-,no,,
ccq,112,NOT_RIGID,-,no,,
ccq,113,NOT_RIGID,-,no,,
ccq,114,NOT_RIGID,-,no,,
ccq,115,CERTIFIED,CERTIFIED,yes,1.636e-09,2.625e-44
ccq,116,NOT_RIGID,-,no,,
ccq,117,NOT_RIGID,-,no,,
ccq,118,NOT_RIGID,-,no,,
ccq,119,NOT_RIGID,-,no,,
ccq,120,CERTIFIED,CERTIFIED,yes,7.195e-09,3.156e-44
ccq,121,CERTIFIED,CERTIFIED,yes,7.745e-08,1.799e-44
ccq,122,NOT_RIGID,-,no,,
ccq,123,CERTIFIED,CERTIFIED,yes,7.287e-10,2.174e-44
ccq,124,CERTIFIED,CERTIFIED,yes,8.083e-09,3.543e-44
ccq,125,CERTIFIED,CERTIFIED,yes,8.699e-11,1.432e-44
ccq,127,CERTIFIED,CERTIFIED,yes,7.129e-09,1.455e-44
ccq,128,NOT_RIGID,-,no,,
ccq,129,CERTIFIED,CERTIFIED,yes,1.113e-09,1.828e-44
ccq,132,NOT_RIGID,-,no,,
ccq,133,NOT_RIGID,-,no,,
ccq,134,CERTIFIED,CERTIFIED,yes,5.518e-08,2.652e-44
ccq,135,CERTIFIED,CERTIFIED,yes,5.101e-10,3.195e-44
ccq,136,NOT_RIGID,-,no,,
ccq,137,CERTIFIED,CERTIFIED,yes,3.883e-08,3.889e-44
ccq,138,NOT_RIGID,-,no,,
ccq,139,NOT_RIGID,-,no,,
ccq,140,CERTIFIED,CERTIFIED,yes,1.363e-08,1.483e-44
ccq,141,CERTIFIED,CERTIFIED,yes,1.617e-10,4.067e-44
ccq,142,CERTIFIED,CERTIFIED,yes,1.343e-08,3.023e-44
ccq,143,NOT_RIGID,-,no,,
ccq,145,NOT_RIGID,-,no,,
ccq,147,NOT_RIGID,-,no,,
ccq,148,CERTIFIED,CERTIFIED,yes,1.471e-09,3.188e-44
ccq,149,NOT_RIGID,-,no,,
ccq,201,NOT_RIGID,-,no,,
ccq,202,CERTIFIED,CERTIFIED,yes,1.539e-10,3.603e-44
ccq,203,CERTIFIED,CERTIFIED,yes,2.474e-12,1.943e-44
ccq,204,NOT_RIGID,-,no,,
ccq,205,NOT_RIGID,-,no,,
ccq,206,CERTIFIED,CERTIFIED,yes,1.731e-09,4.160e-44
ccq,207,NOT_RIGID,-,no,,
ccq,208,NOT_RIGID,-,no,,
ccq,209,NOT_RIGID,-,no,,
ccq,210,CERTIFIED,CERTIFIED,yes,3.418e-09,2.169e-44
ccq,211,CERTIFIED,CERTIFIED,yes,7.147e-09,3.954e-44
ccq,212,NOT_RIGID,-,no,,
ccq,213,NOT_RIGID,-,no,,
ccq,214,CERTIFIED,CERTIFIED,yes,2.207e-10,2.545e-44
ccq,215,CERTIFIED,CERTIFIED,yes,1.894e-13,3.071e-44
ccq,216,NOT_RIGID,-,no,,
ccq,217,NOT_RIGID,-,no,,
ccq,218,NOT_RIGID,-,no,,
ccq,219,NOT_RIGID,-,no,,
ccq,220,NOT_RIGID,-,no,,
ccq,221,NOT_RIGID,-,no,,
ccq,222,NOT_RIGID,-,no,,
ccq,223,NOT_RIGID,-,no,,
ccq,224,CERTIFIED,CERTIFIED,yes,8.606e-11,4.299e-44
ccq,225,CERTIFIED,CERTIFIED,yes,2.350e-08,3.780e-44
ccq,226,NOT_RIGID,-,no,,
ccq,227,NOT_RIGID,-,no,,
ccq,228,NOT_RIGID,-,no,,
ccq,229,NOT_RIGID,-,no,,
ccq,230,NOT_RIGID,-,no,,
ccq,231,NOT_RIGID,-,no,,
ccq,232,CERTIFIED,CERTIFIED,yes,3.644e-09,4.278e-44
ccq,233,CERTIFIED,CERTIFIED,yes,7.277e-09,2.125e-44
ccq,234,NOT_RIGID,-,no,,
ccq,235,NOT_RIGID,-,no,,
ccq,236,NOT_RIGID,-,no,,
ccq,237,NOT_RIGID,-,no,,
ccq,238,NOT_RIGID,-,no,,
ccq,239,NOT_RIGID,-,no,,
ccq,240,NOT_RIGID,-,no,,
ccq,241,CERTIFIED,CERTIFIED,yes,6.536e-09,1.650e-44
ccq,242,NOT_RIGID,-,no,,
ccq,243,NOT_RIGID,-,no,,
ccq,244,NOT_RIGID,-,no,,
ccq,245,NOT_RIGID,-,no,,
ccq,246,NOT_RIGID,-,no,,
ccq,247,NOT_RIGID,-,no,,
ccq,248,NOT_RIGID,-,no,,
ccq,249,NOT_RIGID,-,no,,
ccq,250,NOT_RIGID,-,no,,
ccq,251,NOT_RIGID,-,no,,
ccq,252,CERTIFIED,CERTIFIED,yes,1.702e-13,1.059e-26
ccq,253,CERTIFIED,CERTIFIED,yes,2.863e-09,4.208e-44
ccq,254,NOT_RIGID,-,no,,
ccq,255,NOT_RIGID,-,no,,
ccq,256,CERTIFIED,CERTIFIED,yes,2.094e-11,4.287e-44
ccq,257,NOT_RIGID,-,no,,
ccq,258,CERTIFIED,CERTIFIED,yes,5.602e-09,3.216e-44
ccq,259,NOT_RIGID,-,no,,
ccq,260,CERTIFIED,CERTIFIED,yes,8.649e-12,2.229e-44
ccq,261,NOT_RIGID,-,no,,
ccq,262,NOT_RIGID,-,no,,
ccq,263,NOT_RIGID,-,no,,
ccq,264,NOT_RIGID,-,no,,
ccq,265,NOT_RIGID,-,no,,
ccq,266,NOT_RIGID,-,no,,
ccq,267,CERTIFIED,CERTIFIED,yes,5.337e-10,3.082e-44
ccq,268,NOT_RIGID,-,no,,
ccq,269,NOT_RIGID,-,no,,
ccq,271,LP_FAIL,-,no,,
ccq,272,CERTIFIED,CERTIFIED,yes,2.110e-09,3.390e-44
ccq,273,NOT_RIGID,-,no,,
ccq,274,NOT_RIGID,-,no,,
ccq,275,NOT_RIGID,-,no,,
ccq,277,NOT_RIGID,-,no,,
ccq,278,NOT_RIGID,-,no,,
ccq,279,NOT_RIGID,-,no,,
ccq,280,NOT_RIGID,-,no,,
ccq,281,CERTIFIED,CERTIFIED,yes,3.602e-10,4.859e-44
ccq,282,NOT_RIGID,-,no,,
ccq,283,NOT_RIGID,-,no,,
ccq,284,CERTIFIED,CERTIFIED,yes,1.377e-13,2.681e-40
ccq,285,CERTIFIED,CERTIFIED,yes,2.700e-09,3.820e-44
ccq,286,NOT_RIGID,-,no,,
ccq,287,CERTIFIED,CERTIFIED,yes,3.176e-11,4.294e-44
ccq,288,CERTIFIED,CERTIFIED,yes,3.738e-10,2.344e-44
ccq,289,NOT_RIGID,-,no,,
ccq,290,NOT_RIGID,-,no,,
ccq,291,NOT_RIGID,-,no,,
ccq,293,NOT_RIGID,-,no,,
ccq,294,NOT_RIGID,-,no,,
ccq,295,CERTIFIED,CERTIFIED,yes,1.317e-10,3.246e-44
ccq,296,NOT_RIGID,-,no,,
ccq,297,NOT_RIGID,-,no,,
ccq,298,NOT_RIGID,-,no,,
ccq,299,NOT_RIGID,-,no,,
ccq,300,CERTIFIED,CERTIFIED,yes,3.657e-12,3.788e-44
ccq,301,NOT_RIGID,-,no,,
ccq,302,NOT_RIGID,-,no,,
ccq,303,NOT_RIGID,-,no,,
ccq,304,NOT_RIGID,-,no,,
ccq,305,NOT_RIGID,-,no,,
ccq,306,CERTIFIED,CERTIFIED,yes,4.413e-09,5.282e-44
ccq,307,NOT_RIGID,-,no,,
ccq,308,NOT_RIGID,-,no,,
ccq,309,NOT_RIGID,-,no,,
ccq,310,NOT_RIGID,-,no,,
ccq,311,NOT_RIGID,-,no,,
ccq,312,NOT_RIGID,-,no,,
ccq,313,NOT_RIGID,-,no,,
ccq,314,NOT_RIGID,-,no,,
ccq,315,CERTIFIED,CERTIFIED,yes,2.212e-09,2.359e-44
ccq,316,CERTIFIED,CERTIFIED,yes,2.372e-10,4.984e-44
ccq,317,CERTIFIED,CERTIFIED,yes,2.386e-10,2.541e-44
ccq,318,NOT_RIGID,-,no,,
ccq,319,CERTIFIED,CERTIFIED,yes,2.995e-11,2.763e-44
ccq,320,NOT_RIGID,-,no,,
ccq,321,NOT_RIGID,-,no,,
ccq,322,CERTIFIED,CERTIFIED,yes,5.690e-11,4.673e-44
ccq,323,NOT_RIGID,-,no,,
ccq,324,NOT_RIGID,-,no,,
ccq,325,NOT_RIGID,-,no,,
ccq,326,NOT_RIGID,-,no,,
ccq,327,NOT_RIGID,-,no,,
ccq,328,NOT_RIGID,-,no,,
ccq,329,NOT_RIGID,-,no,,
ccq,330,NOT_RIGID,-,no,,
ccq,331,NOT_RIGID,-,no,,
ccq,332,NOT_RIGID,-,no,,
ccq,333,NOT_RIGID,-,no,,
ccq,334,NOT_RIGID,-,no,,
ccq,335,NOT_RIGID,-,no,,
ccq,336,NOT_RIGID,-,no,,
ccq,337,NOT_RIGID,-,no,,
ccq,338,NOT_RIGID,-,no,,
ccq,339,NOT_RIGID,-,no,,
ccq,340,NOT_RIGID,-,no,,
ccq,341,NOT_RIGID,-,no,,
ccq,342,NOT_RIGID,-,no,,
ccq,343,NOT_RIGID,-,no,,
ccq,344,NOT_RIGID,-,no,,
ccq,345,CERTIFIED,CERTIFIED,yes,1.723e-10,2.733e-44
ccq,346,NOT_RIGID,-,no,,
ccq,347,NOT_RIGID,-,no,,
ccq,348,NOT_RIGID,-,no,,
ccq,349,NOT_RIGID,-,no,,
ccq,350,NOT_RIGID,-,no,,
ccq,351,NOT_RIGID,-,no,,
ccq,352,CERTIFIED,CERTIFIED,yes,3.432e-11,3.629e-44
ccq,353,NOT_RIGID,-,no,,
ccq,354,NOT_RIGID,-,no,,
ccq,355,NOT_RIGID,-,no,,
ccq,356,NOT_RIGID,-,no,,
ccq,357,NOT_RIGID,-,no,,
ccq,358,NOT_RIGID,-,no,,
ccq,359,NOT_RIGID,-,no,,
ccq,360,CERTIFIED,CERTIFIED,yes,8.925e-10,5.292e-44
ccq,361,NOT_RIGID,-,no,,
ccq,362,NOT_RIGID,-,no,,
ccq,363,NOT_RIGID,-,no,,
ccq,364,NOT_RIGID,-,no,,
ccq,365,NOT_RIGID,-,no,,
ccq,366,NOT_RIGID,-,no,,
ccq,367,NOT_RIGID,-,no,,
ccq,368,NOT_RIGID,-,no,,
ccq,370,NOT_RIGID,-,no,,
ccq,371,CERTIFIED,CERTIFIED,yes,2.266e-10,5.299e-44
ccq,372,CERTIFIED,CERTIFIED,yes,2.916e-09,5.549e-44
ccq,373,CERTIFIED,CERTIFIED,yes,1.033e-10,3.130e-44
ccq,374,CERTIFIED,CERTIFIED,yes,4.012e-12,2.983e-44
ccq,375,NOT_RIGID,-,no,,
ccq,376,NOT_RIGID,-,no,,
ccq,377,NOT_RIGID,-,no,,
ccq,378,NOT_RIGID,-,no,,
ccq,379,NOT_RIGID,-,no,,
ccq,380,NOT_RIGID,-,no,,
ccq,381,NOT_RIGID,-,no,,
ccq,382,NOT_RIGID,-,no,,
ccq,383,NOT_RIGID,-,no,,
ccq,384,NOT_RIGID,-,no,,
ccq,385,NOT_RIGID,-,no,,
ccq,386,NOT_RIGID,-,no,,
ccq,387,NOT_RIGID,-,no,,
ccq,388,NOT_RIGID,-,no,,
ccq,389,NOT_RIGID,-,no,,
ccq,390,CERTIFIED,CERTIFIED,yes,1.487e-11,2.535e-44
ccq,391,NOT_RIGID,-,no,,
ccq,392,NOT_RIGID,-,no,,
ccq,393,CERTIFIED,CERTIFIED,yes,5.895e-10,3.446e-44
ccq,394,CERTIFIED,CERTIFIED,yes,2.927e-11,5.349e-44
ccq,395,CERTIFIED,CERTIFIED,yes,1.420e-09,5.272e-44
ccq,396,CERTIFIED,CERTIFIED,yes,3.957e-10,5.158e-44
ccq,397,CERTIFIED,CERTIFIED,yes,1.929e-09,4.055e-44
ccq,398,CERTIFIED,CERTIFIED,yes,9.959e-11,4.116e-44
ccq,399,CERTIFIED,CERTIFIED,yes,5.574e-10,4.915e-44
ccq,400,NOT_RIGID,-,no,,
ccq,401,NOT_RIGID,-,no,,
ccq,402,NOT_RIGID,-,no,,
ccq,403,NOT_RIGID,-,no,,
ccq,404,NOT_RIGID,-,no,,
ccq,405,NOT_RIGID,-,no,,
ccq,406,NOT_RIGID,-,no,,
ccq,407,NOT_RIGID,-,no,,
ccq,408,CERTIFIED,CERTIFIED,yes,1.495e-09,2.940e-44
ccq,409,NOT_RIGID,-,no,,
ccq,410,NOT_RIGID,-,no,,
ccq,411,NOT_RIGID,-,no,,
ccq,412,NOT_RIGID,-,no,,
ccq,413,CERTIFIED,CERTIFIED,yes,2.022e-11,5.873e-44
ccq,414,NOT_RIGID,-,no,,
ccq,415,NOT_RIGID,-,no,,
ccq,416,NOT_RIGID,-,no,,
ccq,417,NOT_RIGID,-,no,,
ccq,418,CERTIFIED,CERTIFIED,yes,1.189e-11,2.370e-44
ccq,419,NOT_RIGID,-,no,,
ccq,420,NOT_RIGID,-,no,,
ccq,421,NOT_RIGID,-,no,,
ccq,422,NOT_RIGID,-,no,,
ccq,423,NOT_RIGID,-,no,,
ccq,424,NOT_RIGID,-,no,,
ccq,425,CERTIFIED,CERTIFIED,yes,8.928e-10,4.833e-44
ccq,426,NOT_RIGID,-,no,,
ccq,427,NOT_RIGID,-,no,,
ccq,428,NOT_RIGID,-,no,,
ccq,429,NOT_RIGID,-,no,,
ccq,430,NOT_RIGID,-,no,,
ccq,431,NOT_RIGID,-,no,,
ccq,432,NOT_RIGID,-,no,,
ccq,433,NOT_RIGID,-,no,,
ccq,434,NOT_RIGID,-,no,,
ccq,435,CERTIFIED,CERTIFIED,yes,9.519e-10,4.675e-44
ccq,436,NOT_STATIONARY,-,no,,
ccq,437,NOT_RIGID,-,no,,
ccq,438,NOT_RIGID,-,no,,
ccq,439,NOT_RIGID,-,no,,
ccq,440,CERTIFIED,CERTIFIED,yes,4.021e-11,2.953e-44
ccq,441,NOT_RIGID,-,no,,
ccq,442,NOT_RIGID,-,no,,
ccq,443,NOT_RIGID,-,no,,
ccq,444,CERTIFIED,CERTIFIED,yes,6.398e-11,7.190e-44
ccq,445,NOT_RIGID,-,no,,
ccq,446,NOT_RIGID,-,no,,
ccq,447,NOT_RIGID,-,no,,
ccq,448,NOT_RIGID,-,no,,
ccq,449,NOT_RIGID,-,no,,
ccq,450,NOT_RIGID,-,no,,
ccq,451,NOT_RIGID,-,no,,
ccq,452,NOT_RIGID,-,no,,
ccq,453,CERTIFIED,CERTIFIED,yes,2.634e-10,3.867e-44
ccq,454,CERTIFIED,CERTIFIED,yes,7.334e-12,3.968e-44
ccq,455,NOT_RIGID,-,no,,
ccq,456,NOT_RIGID,-,no,,
ccq,457,NOT_RIGID,-,no,,
ccq,458,NOT_RIGID,-,no,,
ccq,459,NOT_RIGID,-,no,,
ccq,460,NOT_RIGID,-,no,,
ccq,461,NOT_RIGID,-,no,,
ccq,462,CERTIFIED,CERTIFIED,yes,2.364e-12,4.997e-44
ccq,463,NOT_RIGID,-,no,,
ccq,464,CERTIFIED,CERTIFIED,yes,5.618e-12,7.029e-44
ccq,465,NOT_RIGID,-,no,,
ccq,466,NOT_RIGID,-,no,,
ccq,467,NOT_RIGID,-,no,,
ccq,468,NOT_RIGID,-,no,,
ccq,469,NOT_RIGID,-,no,,
ccq,470,NOT_RIGID,-,no,,
ccq,471,NOT_RIGID,-,no,,
ccq,472,CERTIFIED,CERTIFIED,yes,9.825e-13,4.050e-44
ccq,473,CERTIFIED,CERTIFIED,yes,3.310e-11,3.101e-44
ccq,474,NOT_RIGID,-,no,,
ccq,475,CERTIFIED,CERTIFIED,yes,3.498e-11,4.939e-44
ccq,476,NOT_RIGID,-,no,,
ccq,477,CERTIFIED,CERTIFIED,yes,4.195e-11,6.619e-44
ccq,478,CERTIFIED,CERTIFIED,yes,7.031e-13,6.356e-44
ccq,479,NOT_RIGID,-,no,,
ccq,480,NOT_RIGID,-,no,,
ccq,481,NOT_RIGID,-,no,,
ccq,482,CERTIFIED,CERTIFIED,yes,1.225e-09,3.929e-44
ccq,483,NOT_RIGID,-,no,,
ccq,484,LAMBDA_FAIL,-,no,,
ccq,485,CERTIFIED,CERTIFIED,yes,8.543e-11,5.445e-44
ccq,486,NOT_RIGID,-,no,,
ccq,487,NOT_RIGID,-,no,,
ccq,488,NOT_RIGID,-,no,,
ccq,489,NOT_RIGID,-,no,,
ccq,490,NOT_RIGID,-,no,,
ccq,491,NOT_RIGID,-,no,,
ccq,492,NOT_RIGID,-,no,,
ccq,493,CERTIFIED,CERTIFIED,yes,3.566e-11,4.065e-44
ccq,494,NOT_RIGID,-,no,,
ccq,495,NOT_RIGID,-,no,,
ccq,496,CERTIFIED,CERTIFIED,yes,2.646e-10,4.145e-44
ccq,497,NOT_RIGID,-,no,,
ccq,498,NOT_RIGID,-,no,,
ccq,499,NOT_RIGID,-,no,,
ccq,500,LP_FAIL,-,no,,
ccq,501,CERTIFIED,CERTIFIED,yes,1.392e-11,5.151e-44
ccq,502,CERTIFIED,CERTIFIED,yes,2.278e-10,4.808e-44
ccq,503,CERTIFIED,CERTIFIED,yes,3.271e-10,4.447e-44
ccq,504,NOT_RIGID,-,no,,
ccq,505,NOT_RIGID,-,no,,
ccq,506,NOT_RIGID,-,no,,
ccq,507,NOT_RIGID,-,no,,
ccq,508,CERTIFIED,CERTIFIED,yes,8.335e-11,3.838e-44
ccq,509,NOT_RIGID,-,no,,
ccq,510,NOT_RIGID,-,no,,
ccq,511,CERTIFIED,CERTIFIED,yes,2.220e-10,3.513e-44
ccq,512,NOT_RIGID,-,no,,
ccq,513,NOT_RIGID,-,no,,
ccq,514,NOT_RIGID,-,no,,
ccq,515,NOT_RIGID,-,no,,
ccq,516,NOT_RIGID,-,no,,
ccq,517,CERTIFIED,CERTIFIED,yes,1.538e-10,5.575e-44
ccq,518,NOT_RIGID,-,no,,
ccq,519,NOT_RIGID,-,no,,
ccq,520,NOT_RIGID,-,no,,
ccq,521,NOT_RIGID,-,no,,
ccq,522,NOT_RIGID,-,no,,
ccq,523,NOT_RIGID,-,no,,
ccq,524,NOT_RIGID,-,no,,
ccq,525,NOT_RIGID,-,no,,
ccq,526,CERTIFIED,CERTIFIED,yes,5.333e-13,7.020e-44
ccq,527,NOT_RIGID,-,no,,
ccq,528,NOT_RIGID,-,no,,
ccq,529,NOT_RIGID,-,no,,
ccq,530,NOT_RIGID,-,no,,
ccq,531,NOT_RIGID,-,no,,
ccq,532,CERTIFIED,CERTIFIED,yes,7.026e-12,7.233e-44
ccq,533,NOT_RIGID,-,no,,
ccq,534,NOT_RIGID,-,no,,
ccq,535,NOT_RIGID,-,no,,
ccq,536,CERTIFIED,CERTIFIED,yes,2.931e-10,3.097e-44
ccq,537,NOT_RIGID,-,no,,
ccq,538,NOT_RIGID,-,no,,
ccq,539,NOT_RIGID,-,no,,
ccq,540,NOT_RIGID,-,no,,
ccq,541,CERTIFIED,CERTIFIED,yes,9.838e-13,5.746e-44
ccq,542,NOT_RIGID,-,no,,
ccq,543,NOT_RIGID,-,no,,
ccq,544,NOT_RIGID,-,no,,
ccq,545,NOT_RIGID,-,no,,
ccq,546,NOT_RIGID,-,no,,
ccq,547,NOT_RIGID,-,no,,
ccq,548,NOT_RIGID,-,no,,
ccq,549,NOT_RIGID,-,no,,
ccq,550,CERTIFIED,CERTIFIED,yes,1.828e-11,5.286e-44
ccq,551,CERTIFIED,CERTIFIED,yes,5.001e-13,4.178e-44
ccq,552,NOT_RIGID,-,no,,
ccq,553,NOT_RIGID,-,no,,
ccq,554,NOT_RIGID,-,no,,
ccq,555,NOT_RIGID,-,no,,
ccq,556,NOT_RIGID,-,no,,
ccq,557,NOT_RIGID,-,no,,
ccq,558,NOT_RIGID,-,no,,
ccq,559,NOT_RIGID,-,no,,
ccq,560,NOT_RIGID,-,no,,
ccq,561,NOT_RIGID,-,no,,
ccq,562,NOT_RIGID,-,no,,
ccq,563,NOT_RIGID,-,no,,
ccq,564,NOT_RIGID,-,no,,
ccq,565,NOT_RIGID,-,no,,
ccq,566,NOT_RIGID,-,no,,
ccq,567,NOT_RIGID,-,no,,
ccq,568,CERTIFIED,CERTIFIED,yes,2.188e-11,5.605e-44
ccq,569,NOT_RIGID,-,no,,
ccq,570,CERTIFIED,CERTIFIED,yes,1.504e-13,6.451e-44
ccq,571,CERTIFIED,CERTIFIED,yes,4.837e-11,2.404e-44
ccq,572,NOT_RIGID,-,no,,
ccq,573,NOT_RIGID,-,no,,
ccq,574,NOT_RIGID,-,no,,
ccq,575,NOT_RIGID,-,no,,
ccq,576,NOT_RIGID,-,no,,
ccq,577,CERTIFIED,CERTIFIED,yes,7.920e-11,6.025e-44
ccq,578,NOT_RIGID,-,no,,
ccq,579,NOT_RIGID,-,no,,
ccq,581,NOT_RIGID,-,no,,
ccq,582,NOT_RIGID,-,no,,
ccq,583,NOT_RIGID,-,no,,
ccq,584,CERTIFIED,CERTIFIED,yes,8.445e-11,6.620e-44
ccq,585,NOT_RIGID,-,no,,
ccq,586,NOT_RIGID,-,no,,
ccq,587,NOT_RIGID,-,no,,
ccq,588,NOT_RIGID,-,no,,
ccq,589,NOT_RIGID,-,no,,
ccq,590,NOT_RIGID,-,no,,
ccq,591,NOT_RIGID,-,no,,
ccq,592,NOT_RIGID,-,no,,
ccq,593,NOT_RIGID,-,no,,
ccq,594,CERTIFIED,CERTIFIED,yes,3.761e-10,4.398e-44
ccq,595,NOT_RIGID,-,no,,
ccq,596,NOT_RIGID,-,no,,
ccq,597,NOT_RIGID,-,no,,
ccq,598,NOT_RIGID,-,no,,
ccq,599,NOT_RIGID,-,no,,
ccq,600,NOT_RIGID,-,no,,
cpt,79,NOT_ATTEMPTED,-,no,,
cpt,84,NOT_ATTEMPTED,-,no,,
cpt,88,NOT_ATTEMPTED,-,no,,
cpt,89,NOT_ATTEMPTED,-,no,,
cpt,93,NOT_ATTEMPTED,-,no,,
cpt,95,NOT_ATTEMPTED,-,no,,
cpt,105,NOT_ATTEMPTED,-,no,,
cpt,107,NOT_ATTEMPTED,-,no,,
cpt,108,NOT_ATTEMPTED,-,no,,
cpt,112,NOT_ATTEMPTED,-,no,,
cpt,113,NOT_ATTEMPTED,-,no,,
cpt,114,NOT_ATTEMPTED,-,no,,
cpt,117,NOT_ATTEMPTED,-,no,,
cpt,120,NOT_ATTEMPTED,-,no,,
cpt,121,NOT_ATTEMPTED,-,no,,
cpt,122,NOT_ATTEMPTED,-,no,,
cpt,123,NOT_ATTEMPTED,-,no,,
cpt,125,NOT_ATTEMPTED,-,no,,
cpt,126,NOT_ATTEMPTED,-,no,,
cpt,127,NOT_ATTEMPTED,-,no,,
cpt,128,NOT_ATTEMPTED,-,no,,
cpt,131,NOT_ATTEMPTED,-,no,,
cpt,132,NOT_ATTEMPTED,-,no,,
cpt,135,NOT_ATTEMPTED,-,no,,
cpt,138,NOT_ATTEMPTED,-,no,,
cpt,140,NOT_ATTEMPTED,-,no,,
cpt,141,NOT_ATTEMPTED,-,no,,
cpt,142,NOT_ATTEMPTED,-,no,,
cpt,143,NOT_ATTEMPTED,-,no,,
cpt,144,NOT_ATTEMPTED,-,no,,
cpt,146,NOT_ATTEMPTED,-,no,,
cpt,148,NOT_ATTEMPTED,-,no,,
cpt,149,NOT_ATTEMPTED,-,no,,
cpt,150,NOT_ATTEMPTED,-,no,,
cpt,151,NOT_ATTEMPTED,-,no,,
cpt,152,NOT_ATTEMPTED,-,no,,
cpt,153,NOT_ATTEMPTED,-,no,,
cpt,154,NOT_ATTEMPTED,-,no,,
cpt,155,NOT_ATTEMPTED,-,no,,
cpt,156,NOT_ATTEMPTED,-,no,,
cpt,157,NOT_ATTEMPTED,-,no,,
cpt,158,NOT_ATTEMPTED,-,no,,
cpt,159,NOT_ATTEMPTED,-,no,,
cpt,160,NOT_ATTEMPTED,-,no,,
cpt,161,NOT_ATTEMPTED,-,no,,
cpt,162,NOT_ATTEMPTED,-,no,,
cpt,163,NOT_ATTEMPTED,-,no,,
cpt,164,NOT_ATTEMPTED,-,no,,
cpt,165,NOT_ATTEMPTED,-,no,,
cpt,166,NOT_ATTEMPTED,-,no,,
cpt,167,NOT_ATTEMPTED,-,no,,
cpt,169,NOT_ATTEMPTED,-,no,,
cpt,170,NOT_ATTEMPTED,-,no,,
cpt,171,NOT_ATTEMPTED,-,no,,
cpt,172,NOT_ATTEMPTED,-,no,,
cpt,173,NOT_ATTEMPTED,-,no,,
cpt,174,NOT_ATTEMPTED,-,no,,
cpt,175,NOT_ATTEMPTED,-,no,,
cpt,176,NOT_ATTEMPTED,-,no,,
cpt,177,NOT_ATTEMPTED,-,no,,
cpt,178,NOT_ATTEMPTED,-,no,,
cpt,179,NOT_ATTEMPTED,-,no,,
cpt,180,NOT_ATTEMPTED,-,no,,
cpt,181,NOT_ATTEMPTED,-,no,,
cpt,182,NOT_ATTEMPTED,-,no,,
cpt,183,NOT_ATTEMPTED,-,no,,
cpt,184,NOT_ATTEMPTED,-,no,,
cpt,186,NOT_ATTEMPTED,-,no,,
cpt,187,NOT_ATTEMPTED,-,no,,
cpt,188,NOT_ATTEMPTED,-,no,,
cpt,189,NOT_ATTEMPTED,-,no,,
cpt,190,NOT_ATTEMPTED,-,no,,
cpt,191,NOT_ATTEMPTED,-,no,,
cpt,192,NOT_ATTEMPTED,-,no,,
cpt,193,NOT_ATTEMPTED,-,no,,
cpt,194,NOT_ATTEMPTED,-,no,,
cpt,196,NOT_ATTEMPTED,-,no,,
cpt,197,NOT_ATTEMPTED,-,no,,
cpt,198,NOT_ATTEMPTED,-,no,,
cpt,199,NOT_ATTEMPTED,-,no,,
cpt,200,NOT_ATTEMPTED,-,no,,
crc_100,83,CERTIFIED,CERTIFIED,yes,2.111e-08,4.405e-44
crc_100,87,CERTIFIED,CERTIFIED,yes,2.673e-06,5.961e-44
crc_100,91,CERTIFIED,CERTIFIED,yes,1.348e-09,4.921e-44
crc_100,97,CERTIFIED,CERTIFIED,yes,8.636e-07,4.194e-44
crc_100,145,CERTIFIED,CERTIFIED,yes,6.492e-07,9.114e-44
crc_100,169,CERTIFIED,CERTIFIED,yes,1.301e-06,1.059e-43
crc_100,185,CERTIFIED,CERTIFIED,yes,2.816e-07,8.623e-44
crc_100,191,CERTIFIED,CERTIFIED,yes,5.228e-08,1.050e-43
crc_100,195,NOT_RIGID,-,no,,
crc_100,196,NOT_RIGID,-,no,,
crc_100,197,CERTIFIED,CERTIFIED,yes,1.233e-09,8.779e-44
crc_200,43,CERTIFIED,CERTIFIED,yes,5.194e-08,3.159e-44
crc_200,70,NOT_RIGID,-,no,,
crc_200,73,CERTIFIED,CERTIFIED,yes,9.708e-12,3.614e-44
crc_200,79,CERTIFIED,CERTIFIED,yes,4.596e-07,4.782e-44
crc_200,89,CERTIFIED,CERTIFIED,yes,1.433e-06,4.143e-44
crc_200,111,NOT_RIGID,-,no,,
crc_200,113,CERTIFIED,CERTIFIED,yes,1.135e-08,3.620e-44
crc_200,124,CERTIFIED,CERTIFIED,yes,2.108e-06,5.523e-44
crc_200,133,CERTIFIED,CERTIFIED,yes,9.328e-07,4.494e-44
crc_200,134,CERTIFIED,CERTIFIED,yes,1.645e-08,3.843e-44
crc_200,136,CERTIFIED,CERTIFIED,yes,1.436e-07,2.773e-44
crc_200,149,CERTIFIED,CERTIFIED,yes,2.041e-08,5.150e-44
crc_200,151,CERTIFIED,CERTIFIED,yes,6.433e-09,7.107e-44
crc_200,154,CERTIFIED,CERTIFIED,yes,7.539e-08,7.903e-44
crc_200,158,CERTIFIED,CERTIFIED,yes,5.746e-09,5.118e-44
crc_200,159,CERTIFIED,CERTIFIED,yes,1.185e-10,4.613e-44
crc_200,160,CERTIFIED,CERTIFIED,yes,1.326e-08,1.759e-44
crc_200,163,CERTIFIED,CERTIFIED,yes,3.021e-10,2.933e-44
crc_200,164,CERTIFIED,CERTIFIED,yes,7.004e-09,3.165e-44
crc_200,169,CERTIFIED,CERTIFIED,yes,2.613e-07,6.053e-44
crc_200,170,CERTIFIED,CERTIFIED,yes,5.035e-08,5.160e-44
crc_200,173,NOT_RIGID,-,no,,
crc_200,177,CERTIFIED,CERTIFIED,yes,2.205e-08,5.698e-44
crc_200,178,CERTIFIED,CERTIFIED,yes,1.861e-09,3.608e-44
crc_200,181,CERTIFIED,CERTIFIED,yes,2.607e-09,3.299e-44
crc_200,182,CERTIFIED,CERTIFIED,yes,1.296e-09,3.228e-44
crc_200,184,CERTIFIED,CERTIFIED,yes,5.255e-10,4.579e-44
crc_200,185,CERTIFIED,CERTIFIED,yes,8.904e-08,4.109e-44
crc_200,190,CERTIFIED,CERTIFIED,yes,1.500e-07,4.810e-44
crc_200,193,CERTIFIED,CERTIFIED,yes,1.406e-08,3.094e-44
crc_200,195,CERTIFIED,CERTIFIED,yes,1.053e-07,6.731e-44
crc_200,196,CERTIFIED,CERTIFIED,yes,7.202e-09,6.843e-44
crc_200,202,CERTIFIED,CERTIFIED,yes,1.751e-08,3.627e-44
crc_200,203,CERTIFIED,CERTIFIED,yes,1.617e-08,3.844e-44
crc_200,206,CERTIFIED,CERTIFIED,yes,2.566e-10,5.329e-44
crc_200,208,CERTIFIED,CERTIFIED,yes,1.147e-07,7.935e-44
crc_200,211,CERTIFIED,CERTIFIED,yes,2.168e-12,6.094e-44
crc_200,212,CERTIFIED,CERTIFIED,yes,2.661e-08,8.807e-44
crc_200,213,CERTIFIED,CERTIFIED,yes,1.047e-09,8.498e-44
crc_200,214,NOT_RIGID,-,no,,
crc_200,215,CERTIFIED,CERTIFIED,yes,8.495e-08,4.031e-44
crc_200,218,CERTIFIED,CERTIFIED,yes,9.169e-09,6.301e-44
crc_200,219,NOT_RIGID,-,no,,
crc_200,220,CERTIFIED,CERTIFIED,yes,3.005e-11,6.221e-44
crc_200,221,CERTIFIED,CERTIFIED,yes,5.776e-10,5.316e-44
crc_200,222,CERTIFIED,CERTIFIED,yes,3.828e-07,3.428e-44
crc_200,223,CERTIFIED,CERTIFIED,yes,1.356e-09,5.570e-44
crc_200,225,NOT_RIGID,-,no,,
crc_200,226,CERTIFIED,CERTIFIED,yes,9.603e-08,7.419e-44
crc_200,229,CERTIFIED,CERTIFIED,yes,2.890e-07,4.235e-44
crc_200,230,CERTIFIED,CERTIFIED,yes,3.310e-07,7.212e-44
crc_200,231,CERTIFIED,CERTIFIED,yes,5.453e-08,9.717e-44
crc_200,232,CERTIFIED,CERTIFIED,yes,3.769e-07,6.625e-44
crc_200,233,CERTIFIED,CERTIFIED,yes,5.268e-08,6.485e-44
crc_200,234,CERTIFIED,CERTIFIED,yes,9.693e-08,7.254e-44
crc_200,235,CERTIFIED,CERTIFIED,yes,1.183e-08,7.034e-44
crc_200,237,CERTIFIED,CERTIFIED,yes,6.421e-08,9.626e-44
crc_200,239,CERTIFIED,CERTIFIED,yes,3.312e-07,8.263e-44
crc_200,241,CERTIFIED,CERTIFIED,yes,1.924e-08,4.863e-44
crc_200,242,CERTIFIED,CERTIFIED,yes,1.292e-07,7.772e-44
crc_200,243,CERTIFIED,CERTIFIED,yes,8.934e-09,4.873e-44
crc_200,244,CERTIFIED,CERTIFIED,yes,4.257e-08,6.187e-44
crc_200,246,CERTIFIED,CERTIFIED,yes,1.012e-08,5.589e-44
crc_200,247,CERTIFIED,CERTIFIED,yes,9.777e-08,4.609e-44
crc_200,249,CERTIFIED,CERTIFIED,yes,1.968e-07,5.165e-44
crc_200,250,CERTIFIED,CERTIFIED,yes,1.353e-11,7.608e-44
crc_200,251,CERTIFIED,CERTIFIED,yes,6.265e-08,3.833e-44
crc_200,254,CERTIFIED,CERTIFIED,yes,5.989e-07,6.534e-44
crc_200,255,CERTIFIED,CERTIFIED,yes,2.139e-08,4.004e-44
crc_200,257,CERTIFIED,CERTIFIED,yes,2.481e-08,4.634e-44
crc_200,260,CERTIFIED,CERTIFIED,yes,4.160e-09,3.779e-44
crc_200,261,CERTIFIED,CERTIFIED,yes,2.177e-09,4.401e-44
crc_200,262,CERTIFIED,CERTIFIED,yes,3.522e-08,8.398e-44
crc_200,263,NOT_RIGID,-,no,,
crc_200,265,CERTIFIED,CERTIFIED,yes,2.872e-09,4.060e-44
crc_200,266,CERTIFIED,CERTIFIED,yes,1.744e-11,3.665e-44
crc_200,267,NOT_RIGID,-,no,,
crc_200,268,CERTIFIED,CERTIFIED,yes,3.900e-10,9.490e-44
crc_200,269,CERTIFIED,CERTIFIED,yes,3.591e-11,5.275e-44
crc_200,270,CERTIFIED,CERTIFIED,yes,7.500e-08,7.689e-44
crc_200,271,NOT_RIGID,-,no,,
crc_200,272,CERTIFIED,CERTIFIED,yes,5.047e-11,6.711e-44
crc_200,273,CERTIFIED,CERTIFIED,yes,2.739e-08,6.446e-44
crc_200,274,CERTIFIED,CERTIFIED,yes,7.180e-08,7.909e-44
crc_200,275,CERTIFIED,CERTIFIED,yes,4.661e-09,9.706e-44
crc_200,277,CERTIFIED,CERTIFIED,yes,2.018e-09,9.223e-44
crc_200,281,NOT_RIGID,-,no,,
crc_200,282,CERTIFIED,CERTIFIED,yes,9.050e-08,8.932e-44
crc_200,283,NOT_RIGID,-,no,,
crc_200,285,NOT_RIGID,-,no,,
crc_200,286,CERTIFIED,CERTIFIED,yes,6.478e-08,4.422e-44
crc_200,287,CERTIFIED,CERTIFIED,yes,4.648e-08,9.525e-44
crc_200,289,CERTIFIED,CERTIFIED,yes,1.550e-10,7.731e-44
crc_200,292,CERTIFIED,CERTIFIED,yes,6.109e-11,1.049e-43
crc_200,293,CERTIFIED,CERTIFIED,yes,1.639e-10,1.066e-43
crc_200,294,CERTIFIED,CERTIFIED,yes,4.071e-10,5.461e-44
crc_200,295,CERTIFIED,CERTIFIED,yes,7.207e-11,7.163e-44
crc_200,296,CERTIFIED,CERTIFIED,yes,1.364e-09,8.773e-44
crc_200,297,CERTIFIED,CERTIFIED,yes,2.726e-09,5.534e-44
crc_200,298,CERTIFIED,CERTIFIED,yes,3.839e-08,3.978e-44
crc_200,299,CERTIFIED,CERTIFIED,yes,4.544e-08,1.022e-43
crc_200,300,CERTIFIED,CERTIFIED,yes,2.973e-09,9.811e-44
crc_200,301,CERTIFIED,CERTIFIED,yes,3.836e-09,7.013e-44
crc_200,302,CERTIFIED,CERTIFIED,yes,2.123e-09,6.650e-44
crc_200,303,CERTIFIED,CERTIFIED,yes,4.206e-09,9.544e-44
crc_200,304,CERTIFIED,CERTIFIED,yes,5.646e-09,9.217e-44
crc_200,305,CERTIFIED,CERTIFIED,yes,2.869e-09,7.179e-44
crc_200,306,CERTIFIED,CERTIFIED,yes,4.526e-09,6.137e-44
crc_200,307,CERTIFIED,CERTIFIED,yes,4.942e-07,1.035e-43
crc_200,308,CERTIFIED,CERTIFIED,yes,5.126e-09,8.226e-44
crc_200,309,CERTIFIED,CERTIFIED,yes,1.192e-10,8.726e-44
crc_200,310,CERTIFIED,CERTIFIED,yes,1.115e-08,9.581e-44
crc_200,311,CERTIFIED,CERTIFIED,yes,1.167e-08,9.901e-44
crc_200,312,CERTIFIED,CERTIFIED,yes,5.390e-08,6.469e-44
crc_200,313,CERTIFIED,CERTIFIED,yes,2.223e-08,9.964e-44
crc_200,314,CERTIFIED,CERTIFIED,yes,6.196e-08,6.822e-44
crc_200,315,CERTIFIED,CERTIFIED,yes,8.413e-08,1.006e-43
crc_200,317,CERTIFIED,CERTIFIED,yes,7.417e-11,9.616e-44
crc_200,318,CERTIFIED,CERTIFIED,yes,5.282e-08,4.254e-44
crc_200,319,CERTIFIED,CERTIFIED,yes,1.217e-08,5.070e-44
crc_200,321,CERTIFIED,CERTIFIED,yes,6.326e-08,8.321e-44
crc_200,322,CERTIFIED,CERTIFIED,yes,1.111e-08,1.079e-43
crc_200,323,CERTIFIED,CERTIFIED,yes,1.194e-08,8.007e-44
crc_200,325,CERTIFIED,CERTIFIED,yes,4.084e-08,6.867e-44
crc_200,326,CERTIFIED,CERTIFIED,yes,1.132e-09,1.032e-43
crc_200,327,CERTIFIED,CERTIFIED,yes,1.032e-08,6.262e-44
crc_200,328,NOT_RIGID,-,no,,
crc_200,329,NOT_RIGID,-,no,,
crc_200,330,NOT_RIGID,-,no,,
crc_200,331,CERTIFIED,CERTIFIED,yes,6.522e-10,6.144e-44
crc_200,332,CERTIFIED,CERTIFIED,yes,7.991e-10,8.936e-44
crc_200,333,CERTIFIED,CERTIFIED,yes,5.867e-11,6.794e-44
crc_200,334,CERTIFIED,CERTIFIED,yes,4.715e-10,8.172e-44
crc_200,335,CERTIFIED,CERTIFIED,yes,1.289e-08,4.583e-44
crc_200,336,CERTIFIED,CERTIFIED,yes,2.528e-08,9.657e-44
crc_200,337,NOT_RIGID,-,no,,
crc_200,338,CERTIFIED,CERTIFIED,yes,8.561e-11,1.098e-43
crc_200,339,CERTIFIED,CERTIFIED,yes,6.343e-08,1.153e-43
crc_200,340,CERTIFIED,CERTIFIED,yes,1.640e-09,4.937e-44
crc_200,341,CERTIFIED,CERTIFIED,yes,1.457e-11,6.358e-44
crc_200,342,NOT_RIGID,-,no,,
crc_200,343,CERTIFIED,CERTIFIED,yes,2.462e-08,9.958e-44
crc_200,344,CERTIFIED,CERTIFIED,yes,5.400e-10,1.039e-43
crc_200,345,CERTIFIED,CERTIFIED,yes,4.142e-10,9.090e-44
crc_200,346,CERTIFIED,CERTIFIED,yes,4.690e-13,6.896e-44
crc_300,20,CERTIFIED,CERTIFIED,yes,1.353e-04,1.793e-44
crc_300,49,CERTIFIED,CERTIFIED,yes,4.653e-08,2.262e-44
crc_300,61,CERTIFIED,CERTIFIED,yes,1.555e-06,2.442e-44
crc_300,63,CERTIFIED,CERTIFIED,yes,1.202e-05,1.992e-44
crc_300,73,NOT_RIGID,-,no,,
crc_300,76,CERTIFIED,CERTIFIED,yes,2.099e-07,1.734e-44
crc_300,77,CERTIFIED,CERTIFIED,yes,3.756e-07,4.160e-44
crc_300,87,NOT_RIGID,-,no,,
crc_300,88,CERTIFIED,CERTIFIED,yes,2.259e-06,4.263e-44
crc_300,96,CERTIFIED,CERTIFIED,yes,3.302e-07,4.486e-44
crc_300,97,CERTIFIED,CERTIFIED,yes,9.965e-07,2.774e-44
crc_300,100,CERTIFIED,CERTIFIED,yes,6.348e-07,5.288e-44
crc_300,101,CERTIFIED,CERTIFIED,yes,1.763e-07,1.966e-44
crc_300,104,CERTIFIED,CERTIFIED,yes,6.384e-07,4.281e-44
crc_300,108,CERTIFIED,CERTIFIED,yes,2.486e-07,3.202e-44
crc_300,110,CERTIFIED,CERTIFIED,yes,1.956e-07,4.616e-44
crc_300,114,CERTIFIED,CERTIFIED,yes,2.280e-08,4.376e-44
crc_300,115,CERTIFIED,CERTIFIED,yes,2.260e-08,1.668e-44
crc_300,118,CERTIFIED,CERTIFIED,yes,8.761e-09,2.957e-44
crc_300,119,CERTIFIED,CERTIFIED,yes,2.773e-09,3.107e-44
crc_300,121,CERTIFIED,CERTIFIED,yes,2.494e-09,3.730e-44
crc_300,122,CERTIFIED,CERTIFIED,yes,2.017e-07,3.448e-44
crc_300,125,CERTIFIED,CERTIFIED,yes,3.067e-07,2.849e-44
crc_300,128,NOT_RIGID,-,no,,
crc_300,129,CERTIFIED,CERTIFIED,yes,3.780e-07,5.322e-44
crc_300,131,CERTIFIED,CERTIFIED,yes,1.309e-09,3.158e-44
crc_300,133,CERTIFIED,CERTIFIED,yes,3.297e-09,3.163e-44
crc_300,134,CERTIFIED,CERTIFIED,yes,7.012e-08,2.342e-44
crc_300,135,CERTIFIED,CERTIFIED,yes,2.041e-08,5.288e-44
crc_300,136,CERTIFIED,CERTIFIED,yes,4.644e-09,5.456e-44
crc_300,141,NOT_RIGID,-,no,,
crc_300,143,NOT_RIGID,-,no,,
crc_300,145,CERTIFIED,CERTIFIED,yes,3.317e-08,5.575e-44
crc_300,147,CERTIFIED,CERTIFIED,yes,2.613e-08,6.277e-44
crc_300,150,CERTIFIED,CERTIFIED,yes,5.308e-07,4.902e-44
crc_300,152,CERTIFIED,CERTIFIED,yes,8.660e-10,6.047e-44
crc_300,154,CERTIFIED,CERTIFIED,yes,1.029e-06,3.305e-44
crc_300,155,CERTIFIED,CERTIFIED,yes,9.893e-07,2.930e-44
crc_300,158,CERTIFIED,CERTIFIED,yes,2.815e-07,2.612e-44
crc_300,159,CERTIFIED,CERTIFIED,yes,1.001e-06,5.938e-44
crc_300,162,CERTIFIED,CERTIFIED,yes,2.089e-09,5.034e-44
crc_300,163,CERTIFIED,CERTIFIED,yes,3.758e-07,6.146e-44
crc_300,165,CERTIFIED,CERTIFIED,yes,4.651e-07,6.305e-44
crc_300,166,CERTIFIED,CERTIFIED,yes,1.258e-08,6.835e-44
crc_300,167,CERTIFIED,CERTIFIED,yes,1.491e-07,5.930e-44
crc_300,171,CERTIFIED,CERTIFIED,yes,6.578e-08,6.221e-44
crc_300,173,CERTIFIED,CERTIFIED,yes,1.912e-08,2.492e-44
crc_300,174,CERTIFIED,CERTIFIED,yes,8.717e-10,4.607e-44
crc_300,176,CERTIFIED,CERTIFIED,yes,4.216e-08,4.206e-44
crc_300,177,CERTIFIED,CERTIFIED,yes,1.206e-07,5.899e-44
crc_300,178,CERTIFIED,CERTIFIED,yes,2.588e-10,5.674e-44
crc_300,179,CERTIFIED,CERTIFIED,yes,2.870e-12,5.084e-44
crc_300,181,CERTIFIED,CERTIFIED,yes,9.149e-08,5.103e-44
crc_300,182,CERTIFIED,CERTIFIED,yes,1.200e-09,4.852e-44
crc_300,183,CERTIFIED,CERTIFIED,yes,2.477e-09,5.093e-44
crc_300,185,NOT_RIGID,-,no,,
crc_300,186,CERTIFIED,CERTIFIED,yes,2.406e-07,1.986e-44
crc_300,187,NOT_RIGID,-,no,,
crc_300,188,CERTIFIED,CERTIFIED,yes,9.224e-11,3.305e-44
crc_300,189,NOT_RIGID,-,no,,
crc_300,190,CERTIFIED,CERTIFIED,yes,1.229e-08,6.235e-44
crc_300,191,CERTIFIED,CERTIFIED,yes,8.746e-09,4.432e-44
crc_300,192,CERTIFIED,CERTIFIED,yes,4.368e-08,3.130e-44
crc_300,193,CERTIFIED,CERTIFIED,yes,2.161e-07,5.020e-44
crc_300,194,CERTIFIED,CERTIFIED,yes,7.129e-07,6.430e-44
crc_300,195,CERTIFIED,CERTIFIED,yes,2.070e-07,3.624e-44
crc_300,196,CERTIFIED,CERTIFIED,yes,2.721e-08,3.544e-44
crc_300,197,NOT_RIGID,-,no,,
crc_300,201,CERTIFIED,CERTIFIED,yes,2.681e-09,4.415e-44
crc_300,202,CERTIFIED,CERTIFIED,yes,1.487e-07,2.676e-44
crc_300,205,CERTIFIED,CERTIFIED,yes,1.102e-11,4.510e-44
crc_300,206,CERTIFIED,CERTIFIED,yes,1.975e-12,4.197e-44
crc_300,207,NOT_RIGID,-,no,,
crc_300,209,CERTIFIED,CERTIFIED,yes,3.860e-09,7.071e-44
crc_300,210,CERTIFIED,CERTIFIED,yes,1.114e-07,7.359e-44
crc_300,211,CERTIFIED,CERTIFIED,yes,2.633e-08,4.527e-44
crc_300,213,CERTIFIED,CERTIFIED,yes,1.807e-07,3.725e-44
crc_300,214,CERTIFIED,CERTIFIED,yes,3.377e-08,6.957e-44
crc_300,215,CERTIFIED,CERTIFIED,yes,3.193e-08,5.964e-44
crc_300,217,CERTIFIED,CERTIFIED,yes,2.583e-08,2.800e-44
crc_300,218,NOT_RIGID,-,no,,
crc_300,219,NOT_RIGID,-,no,,
crc_300,220,CERTIFIED,CERTIFIED,yes,1.063e-09,6.860e-44
crc_300,222,CERTIFIED,CERTIFIED,yes,4.933e-08,5.652e-44
crc_300,223,NOT_RIGID,-,no,,
crc_300,224,CERTIFIED,CERTIFIED,yes,1.847e-08,4.890e-44
crc_300,225,NOT_RIGID,-,no,,
crc_300,227,CERTIFIED,CERTIFIED,yes,1.318e-10,4.738e-44
crc_300,228,CERTIFIED,CERTIFIED,yes,2.917e-09,6.341e-44
crc_300,229,NOT_RIGID,-,no,,
crc_300,231,CERTIFIED,CERTIFIED,yes,3.279e-10,7.842e-44
crc_300,232,CERTIFIED,CERTIFIED,yes,2.027e-09,4.005e-44
crc_300,235,NOT_RIGID,-,no,,
crc_300,236,NOT_RIGID,-,no,,
crc_300,238,NOT_RIGID,-,no,,
crc_300,239,NOT_RIGID,-,no,,
crc_300,240,NOT_RIGID,-,no,,
crc_300,241,CERTIFIED,CERTIFIED,yes,8.060e-13,6.061e-26
crc_300,243,CERTIFIED,CERTIFIED,yes,1.331e-11,5.323e-44
crc_300,244,NOT_RIGID,-,no,,
crc_300,245,CERTIFIED,CERTIFIED,yes,3.184e-10,6.187e-44
crc_300,246,CERTIFIED,CERTIFIED,yes,5.606e-08,6.189e-44
crc_300,247,CERTIFIED,CERTIFIED,yes,5.819e-09,3.067e-44
crc_300,248,CERTIFIED,CERTIFIED,yes,4.733e-11,5.081e-44
crc_300,249,CERTIFIED,CERTIFIED,yes,1.046e-07,7.373e-44
crc_300,250,CERTIFIED,CERTIFIED,yes,1.930e-08,6.948e-44
crc_300,251,NOT_RIGID,-,no,,
crc_300,252,CERTIFIED,CERTIFIED,yes,4.186e-13,3.497e-30
crc_300,253,NOT_RIGID,-,no,,
crc_300,254,CERTIFIED,CERTIFIED,yes,3.843e-07,6.451e-44
crc_300,255,CERTIFIED,CERTIFIED,yes,1.775e-08,1.831e-44
crc_300,257,CERTIFIED,CERTIFIED,yes,2.522e-09,4.371e-44
crc_300,260,CERTIFIED,CERTIFIED,yes,4.904e-09,3.901e-44
crc_300,261,CERTIFIED,CERTIFIED,yes,9.316e-09,7.218e-44
crc_300,262,CERTIFIED,CERTIFIED,yes,8.437e-10,3.921e-44
crc_300,263,CERTIFIED,CERTIFIED,yes,1.238e-06,4.716e-44
crc_300,264,CERTIFIED,CERTIFIED,yes,2.031e-08,5.353e-44
crc_300,266,CERTIFIED,CERTIFIED,yes,5.394e-09,5.222e-44
crc_300,267,CERTIFIED,CERTIFIED,yes,2.997e-09,5.948e-44
crc_300,268,CERTIFIED,CERTIFIED,yes,1.865e-10,3.638e-44
crc_300,269,CERTIFIED,CERTIFIED,yes,6.897e-09,5.098e-44
crc_300,271,CERTIFIED,CERTIFIED,yes,2.008e-08,4.061e-44
crc_300,273,NOT_RIGID,-,no,,
crc_300,274,CERTIFIED,CERTIFIED,yes,4.004e-09,8.435e-44
crc_300,276,CERTIFIED,CERTIFIED,yes,6.291e-08,4.552e-44
crc_300,277,CERTIFIED,CERTIFIED,yes,5.609e-08,3.285e-44
crc_300,278,CERTIFIED,CERTIFIED,yes,1.854e-08,5.921e-44
crc_300,279,CERTIFIED,CERTIFIED,yes,3.599e-08,4.609e-44
crc_300,281,CERTIFIED,CERTIFIED,yes,1.365e-07,8.262e-44
crc_300,283,CERTIFIED,CERTIFIED,yes,1.870e-08,3.533e-44
crc_300,284,CERTIFIED,CERTIFIED,yes,3.053e-10,5.935e-44
crc_300,286,CERTIFIED,CERTIFIED,yes,1.710e-10,8.133e-44
crc_300,287,CERTIFIED,CERTIFIED,yes,1.356e-07,3.252e-44
crc_300,289,CERTIFIED,CERTIFIED,yes,2.499e-08,3.315e-44
crc_300,291,NOT_RIGID,-,no,,
crc_300,292,NOT_RIGID,-,no,,
crc_300,294,CERTIFIED,CERTIFIED,yes,9.053e-12,8.267e-44
crc_300,295,NOT_RIGID,-,no,,
crc_300,296,CERTIFIED,CERTIFIED,yes,1.654e-14,5.464e-44
crc_300,297,NOT_RIGID,-,no,,
crc_300,298,NOT_RIGID,-,no,,
crc_300,299,NOT_RIGID,-,no,,
crc_300,300,CERTIFIED,CERTIFIED,yes,5.691e-10,5.673e-44
crc_400,19,CERTIFIED,CERTIFIED,yes,1.003e-05,1.655e-44
crc_400,20,CERTIFIED,CERTIFIED,yes,4.856e-05,5.054e-45
crc_400,22,CERTIFIED,CERTIFIED,yes,3.388e-06,1.112e-44
crc_400,35,CERTIFIED,CERTIFIED,yes,2.157e-05,2.642e-44
crc_400,37,CERTIFIED,CERTIFIED,yes,1.232e-06,2.519e-44
crc_400,41,CERTIFIED,CERTIFIED,yes,6.348e-09,2.142e-44
crc_400,44,CERTIFIED,CERTIFIED,yes,1.371e-06,2.904e-44
crc_400,49,CERTIFIED,CERTIFIED,yes,1.355e-05,2.135e-44
crc_400,51,CERTIFIED,CERTIFIED,yes,5.861e-07,1.320e-44
crc_400,56,CERTIFIED,CERTIFIED,yes,2.915e-09,2.081e-44
crc_400,57,NOT_RIGID,-,no,,
crc_400,58,CERTIFIED,CERTIFIED,yes,2.429e-08,1.560e-44
crc_400,62,CERTIFIED,CERTIFIED,yes,1.674e-07,2.953e-44
crc_400,64,CERTIFIED,CERTIFIED,yes,7.155e-08,3.216e-44
crc_400,66,CERTIFIED,CERTIFIED,yes,1.865e-06,2.022e-44
crc_400,69,CERTIFIED,CERTIFIED,yes,2.443e-07,2.076e-44
crc_400,70,CERTIFIED,CERTIFIED,yes,6.874e-09,1.658e-44
crc_400,71,CERTIFIED,CERTIFIED,yes,4.332e-07,2.975e-44
crc_400,72,CERTIFIED,CERTIFIED,yes,5.192e-07,1.289e-44
crc_400,73,CERTIFIED,CERTIFIED,yes,1.356e-06,2.245e-44
crc_400,74,CERTIFIED,CERTIFIED,yes,2.115e-07,1.817e-44
crc_400,76,CERTIFIED,CERTIFIED,yes,2.197e-06,3.194e-44
crc_400,79,CERTIFIED,CERTIFIED,yes,5.922e-10,2.930e-44
crc_400,82,CERTIFIED,CERTIFIED,yes,7.845e-09,1.384e-44
crc_400,86,CERTIFIED,CERTIFIED,yes,1.094e-08,3.416e-44
crc_400,88,CERTIFIED,CERTIFIED,yes,2.653e-07,3.475e-44
crc_400,91,CERTIFIED,CERTIFIED,yes,1.117e-07,2.855e-44
crc_400,93,CERTIFIED,CERTIFIED,yes,1.609e-06,3.803e-44
crc_400,95,CERTIFIED,CERTIFIED,yes,2.138e-07,3.266e-44
crc_400,96,CERTIFIED,CERTIFIED,yes,1.449e-07,2.623e-44
crc_400,97,CERTIFIED,CERTIFIED,yes,5.230e-08,2.821e-44
crc_400,98,CERTIFIED,CERTIFIED,yes,3.534e-06,2.950e-44
crc_400,100,CERTIFIED,CERTIFIED,yes,1.074e-06,3.232e-44
crc_400,104,CERTIFIED,CERTIFIED,yes,8.950e-09,2.589e-44
crc_400,106,NOT_RIGID,-,no,,
crc_400,107,NOT_RIGID,-,no,,
crc_400,108,CERTIFIED,CERTIFIED,yes,2.885e-10,4.257e-44
crc_400,109,CERTIFIED,CERTIFIED,yes,1.325e-09,4.357e-44
crc_400,113,CERTIFIED,CERTIFIED,yes,2.260e-07,3.371e-44
crc_400,114,CERTIFIED,CERTIFIED,yes,3.950e-07,1.307e-44
crc_400,115,CERTIFIED,CERTIFIED,yes,6.612e-07,5.122e-44
crc_400,120,CERTIFIED,CERTIFIED,yes,4.795e-07,2.950e-44
crc_400,122,CERTIFIED,CERTIFIED,yes,6.834e-06,2.542e-44
crc_400,123,CERTIFIED,CERTIFIED,yes,5.934e-08,3.029e-44
crc_400,124,CERTIFIED,CERTIFIED,yes,1.205e-06,4.779e-44
crc_400,125,CERTIFIED,CERTIFIED,yes,1.040e-07,3.484e-44
crc_400,126,CERTIFIED,CERTIFIED,yes,1.164e-07,4.812e-44
crc_400,127,CERTIFIED,CERTIFIED,yes,1.755e-07,3.175e-44
crc_400,130,CERTIFIED,CERTIFIED,yes,1.152e-10,2.698e-44
crc_400,131,CERTIFIED,CERTIFIED,yes,6.458e-08,2.072e-44
crc_400,132,CERTIFIED,CERTIFIED,yes,1.388e-09,2.717e-44
crc_400,133,CERTIFIED,CERTIFIED,yes,8.136e-08,3.612e-44
crc_400,134,CERTIFIED,CERTIFIED,yes,1.109e-09,4.901e-44
crc_400,135,CERTIFIED,CERTIFIED,yes,3.548e-09,3.126e-44
crc_400,137,CERTIFIED,CERTIFIED,yes,1.427e-10,2.835e-44
crc_400,138,CERTIFIED,CERTIFIED,yes,8.362e-07,3.007e-44
crc_400,141,NOT_RIGID,-,no,,
crc_400,142,NOT_RIGID,-,no,,
crc_400,143,CERTIFIED,CERTIFIED,yes,3.684e-12,1.786e-44
crc_400,146,CERTIFIED,CERTIFIED,yes,3.310e-08,4.300e-44
crc_400,147,CERTIFIED,CERTIFIED,yes,3.325e-07,4.697e-44
crc_400,148,CERTIFIED,CERTIFIED,yes,6.226e-09,1.822e-44
crc_400,149,CERTIFIED,CERTIFIED,yes,7.874e-07,3.279e-44
crc_400,152,CERTIFIED,CERTIFIED,yes,2.959e-08,2.359e-44
crc_400,153,CERTIFIED,CERTIFIED,yes,6.122e-08,5.312e-44
crc_400,154,CERTIFIED,CERTIFIED,yes,1.810e-07,4.405e-44
crc_400,155,CERTIFIED,CERTIFIED,yes,3.618e-08,5.195e-44
crc_400,157,CERTIFIED,CERTIFIED,yes,1.767e-08,3.979e-44
crc_400,158,CERTIFIED,CERTIFIED,yes,2.084e-08,5.725e-44
crc_400,160,CERTIFIED,CERTIFIED,yes,1.592e-07,2.224e-44
crc_400,161,CERTIFIED,CERTIFIED,yes,5.088e-09,2.939e-44
crc_400,162,CERTIFIED,CERTIFIED,yes,4.314e-09,5.094e-44
crc_400,164,CERTIFIED,CERTIFIED,yes,1.143e-09,4.724e-44
crc_400,165,NOT_RIGID,-,no,,
crc_400,166,CERTIFIED,CERTIFIED,yes,6.797e-11,2.385e-44
crc_400,168,CERTIFIED,CERTIFIED,yes,2.051e-07,2.655e-44
crc_400,169,CERTIFIED,CERTIFIED,yes,7.083e-12,5.644e-44
crc_400,170,CERTIFIED,CERTIFIED,yes,3.067e-11,2.857e-44
crc_400,175,NOT_RIGID,-,no,,
crc_400,176,CERTIFIED,CERTIFIED,yes,4.990e-14,4.624e-34
crc_400,177,NOT_RIGID,-,no,,
crc_400,179,NOT_RIGID,-,no,,
crc_400,182,CERTIFIED,CERTIFIED,yes,1.428e-10,5.350e-44
crc_400,183,CERTIFIED,CERTIFIED,yes,4.486e-08,4.126e-44
crc_400,184,CERTIFIED,CERTIFIED,yes,6.899e-08,5.431e-44
crc_400,186,CERTIFIED,CERTIFIED,yes,2.791e-08,3.766e-44
crc_400,188,CERTIFIED,CERTIFIED,yes,8.102e-10,2.178e-44
crc_400,189,CERTIFIED,CERTIFIED,yes,8.783e-10,6.319e-44
crc_400,190,CERTIFIED,CERTIFIED,yes,4.557e-07,5.657e-44
crc_400,191,CERTIFIED,CERTIFIED,yes,5.370e-09,3.104e-44
crc_400,192,CERTIFIED,CERTIFIED,yes,4.411e-07,3.611e-44
crc_400,193,CERTIFIED,CERTIFIED,yes,1.013e-10,5.480e-44
crc_400,194,CERTIFIED,CERTIFIED,yes,1.704e-07,1.976e-44
crc_400,195,CERTIFIED,CERTIFIED,yes,2.888e-09,2.452e-44
crc_400,196,CERTIFIED,CERTIFIED,yes,1.535e-08,3.510e-44
crc_400,197,CERTIFIED,CERTIFIED,yes,5.960e-09,2.816e-44
crc_400,198,NOT_RIGID,-,no,,
crc_400,199,CERTIFIED,CERTIFIED,yes,2.654e-09,2.875e-44
crc_400,201,CERTIFIED,CERTIFIED,yes,6.708e-08,3.067e-44
crc_400,202,CERTIFIED,CERTIFIED,yes,1.166e-08,2.211e-44
crc_400,203,CERTIFIED,CERTIFIED,yes,2.569e-09,4.993e-44
crc_400,205,CERTIFIED,CERTIFIED,yes,1.974e-10,5.505e-44
crc_400,206,CERTIFIED,CERTIFIED,yes,9.621e-09,2.390e-44
crc_400,207,CERTIFIED,CERTIFIED,yes,7.850e-12,2.138e-44
crc_400,208,NOT_RIGID,-,no,,
crc_400,209,NOT_RIGID,-,no,,
crc_400,210,CERTIFIED,CERTIFIED,yes,1.451e-08,6.337e-44
crc_400,212,CERTIFIED,CERTIFIED,yes,4.667e-08,6.296e-44
crc_400,213,CERTIFIED,CERTIFIED,yes,1.452e-09,3.931e-44
crc_400,214,CERTIFIED,CERTIFIED,yes,4.570e-09,3.659e-44
crc_400,216,CERTIFIED,CERTIFIED,yes,1.657e-08,5.247e-44
crc_400,217,CERTIFIED,CERTIFIED,yes,5.324e-08,4.644e-44
crc_400,218,CERTIFIED,CERTIFIED,yes,2.908e-11,3.885e-44
crc_400,219,NOT_RIGID,-,no,,
crc_400,221,CERTIFIED,CERTIFIED,yes,3.073e-10,5.757e-44
crc_400,222,CERTIFIED,CERTIFIED,yes,2.941e-07,6.499e-44
crc_400,223,CERTIFIED,CERTIFIED,yes,1.820e-08,3.795e-44
crc_400,224,CERTIFIED,CERTIFIED,yes,2.212e-08,5.208e-44
crc_400,226,NOT_RIGID,-,no,,
crc_400,227,CERTIFIED,CERTIFIED,yes,1.252e-09,5.403e-44
crc_400,228,CERTIFIED,CERTIFIED,yes,7.080e-12,4.823e-44
crc_400,229,NOT_RIGID,-,no,,
crc_400,230,CERTIFIED,CERTIFIED,yes,3.090e-11,3.658e-44
crc_400,231,NOT_RIGID,-,no,,
crc_400,232,NOT_RIGID,-,no,,
crc_400,233,CERTIFIED,CERTIFIED,yes,6.129e-10,5.329e-44
crc_400,234,CERTIFIED,CERTIFIED,yes,9.119e-11,5.805e-44
crc_400,235,CERTIFIED,CERTIFIED,yes,5.094e-09,5.052e-44
crc_400,236,NOT_RIGID,-,no,,
crc_400,238,CERTIFIED,CERTIFIED,yes,8.739e-10,4.685e-44
crc_400,239,CERTIFIED,CERTIFIED,yes,1.184e-08,2.122e-44
crc_400,240,CERTIFIED,CERTIFIED,yes,5.319e-08,2.871e-44
crc_400,241,CERTIFIED,CERTIFIED,yes,7.238e-07,2.675e-44
crc_400,242,CERTIFIED,CERTIFIED,yes,1.244e-06,2.620e-44
crc_400,243,CERTIFIED,CERTIFIED,yes,2.173e-07,4.077e-44
crc_400,244,NOT_RIGID,-,no,,
crc_400,245,NOT_RIGID,-,no,,
crc_400,246,CERTIFIED,CERTIFIED,yes,8.399e-11,4.771e-44
crc_400,247,CERTIFIED,CERTIFIED,yes,5.900e-10,3.303e-44
crc_400,248,CERTIFIED,CERTIFIED,yes,5.477e-08,4.686e-44
crc_400,249,CERTIFIED,CERTIFIED,yes,7.886e-08,6.724e-44
crc_400,250,CERTIFIED,CERTIFIED,yes,1.782e-07,4.987e-44
crc_400,251,NOT_RIGID,-,no,,
crc_400,252,CERTIFIED,CERTIFIED,yes,6.034e-09,2.829e-44
crc_400,254,CERTIFIED,CERTIFIED,yes,7.637e-10,4.691e-44
crc_400,255,CERTIFIED,CERTIFIED,yes,8.088e-09,7.006e-44
crc_400,256,CERTIFIED,CERTIFIED,yes,1.562e-10,4.465e-44
crc_400,257,CERTIFIED,CERTIFIED,yes,2.363e-10,4.013e-44
crc_400,258,NOT_RIGID,-,no,,
crc_400,260,CERTIFIED,CERTIFIED,yes,9.060e-08,3.749e-44
crc_400,262,CERTIFIED,CERTIFIED,yes,3.499e-09,7.280e-44
crc_400,265,CERTIFIED,CERTIFIED,yes,1.486e-09,6.930e-44
crc_400,266,NOT_RIGID,-,no,,
crc_400,268,CERTIFIED,CERTIFIED,yes,1.554e-10,7.240e-44
crc_400,269,NOT_RIGID,-,no,,
crc_400,271,CERTIFIED,CERTIFIED,yes,5.657e-09,3.401e-44
crc_400,272,CERTIFIED,CERTIFIED,yes,3.665e-11,3.051e-44
crc_400,276,CERTIFIED,CERTIFIED,yes,2.641e-07,3.320e-44
crc_400,277,CERTIFIED,CERTIFIED,yes,4.290e-08,5.891e-44
crc_400,278,CERTIFIED,CERTIFIED,yes,9.400e-08,4.339e-44
crc_400,279,CERTIFIED,CERTIFIED,yes,6.155e-08,6.692e-44
crc_400,280,CERTIFIED,CERTIFIED,yes,1.367e-08,5.067e-44
crc_400,281,CERTIFIED,CERTIFIED,yes,1.442e-07,3.567e-44
crc_400,282,CERTIFIED,CERTIFIED,yes,1.181e-10,6.388e-44
crc_400,283,CERTIFIED,CERTIFIED,yes,1.511e-08,4.976e-44
crc_400,284,CERTIFIED,CERTIFIED,yes,3.285e-11,2.992e-44
crc_400,285,NOT_RIGID,-,no,,
crc_400,286,NOT_RIGID,-,no,,
crc_400,287,NOT_RIGID,-,no,,
crc_400,288,CERTIFIED,CERTIFIED,yes,9.124e-12,3.030e-44
crc_400,289,CERTIFIED,CERTIFIED,yes,2.297e-11,5.023e-44
crc_400,290,CERTIFIED,CERTIFIED,yes,8.859e-12,6.068e-44
crc_400,291,NOT_RIGID,-,no,,
crc_400,292,NOT_RIGID,-,no,,
crc_400,293,CERTIFIED,CERTIFIED,yes,3.950e-08,4.232e-44
crc_400,294,CERTIFIED,CERTIFIED,yes,1.715e-11,7.262e-44
crc_400,295,NOT_RIGID,-,no,,
crc_400,296,NOT_RIGID,-,no,,
crc_400,297,NOT_RIGID,-,no,,
crc_400,298,NOT_RIGID,-,no,,
crc_400,299,CERTIFIED,CERTIFIED,yes,5.527e-09,7.033e-44
crc_500,36,CERTIFIED,CERTIFIED,yes,1.761e-05,2.167e-44
crc_500,37,CERTIFIED,CERTIFIED,yes,4.022e-06,1.823e-44
crc_500,39,CERTIFIED,CERTIFIED,yes,1.101e-05,1.874e-44
crc_500,50,CERTIFIED,CERTIFIED,yes,1.661e-06,9.088e-45
crc_500,53,CERTIFIED,CERTIFIED,yes,4.564e-07,2.402e-44
crc_500,56,CERTIFIED,CERTIFIED,yes,4.957e-07,2.917e-44
crc_500,57,CERTIFIED,CERTIFIED,yes,9.205e-07,1.220e-44
crc_500,58,CERTIFIED,CERTIFIED,yes,9.247e-07,9.055e-45
crc_500,59,CERTIFIED,CERTIFIED,yes,3.153e-07,1.549e-44
crc_500,61,CERTIFIED,CERTIFIED,yes,5.230e-06,2.490e-44
crc_500,67,CERTIFIED,CERTIFIED,yes,1.156e-07,2.203e-44
crc_500,68,CERTIFIED,CERTIFIED,yes,2.005e-07,3.245e-44
crc_500,69,CERTIFIED,CERTIFIED,yes,6.501e-07,2.615e-44
crc_500,70,CERTIFIED,CERTIFIED,yes,2.380e-09,1.538e-44
crc_500,71,CERTIFIED,CERTIFIED,yes,3.978e-09,1.341e-44
crc_500,73,CERTIFIED,CERTIFIED,yes,9.934e-07,3.239e-44
crc_500,74,CERTIFIED,CERTIFIED,yes,7.015e-07,2.613e-44
crc_500,76,CERTIFIED,CERTIFIED,yes,3.503e-07,1.512e-44
crc_500,79,CERTIFIED,CERTIFIED,yes,2.118e-06,2.128e-44
crc_500,85,CERTIFIED,CERTIFIED,yes,8.576e-10,3.582e-44
crc_500,86,CERTIFIED,CERTIFIED,yes,1.036e-08,2.490e-44
crc_500,92,CERTIFIED,CERTIFIED,yes,2.864e-06,2.491e-44
crc_500,93,CERTIFIED,CERTIFIED,yes,7.436e-07,2.045e-44
crc_500,95,CERTIFIED,CERTIFIED,yes,6.606e-08,2.869e-44
crc_500,98,CERTIFIED,CERTIFIED,yes,1.652e-06,3.046e-44
crc_500,99,CERTIFIED,CERTIFIED,yes,3.322e-06,4.085e-44
crc_500,102,CERTIFIED,CERTIFIED,yes,4.056e-07,3.366e-44
crc_500,103,CERTIFIED,CERTIFIED,yes,3.305e-11,3.684e-44
crc_500,104,CERTIFIED,CERTIFIED,yes,4.379e-09,3.183e-44
crc_500,105,CERTIFIED,CERTIFIED,yes,2.009e-07,2.306e-44
crc_500,106,CERTIFIED,CERTIFIED,yes,8.183e-07,2.839e-44
crc_500,107,CERTIFIED,CERTIFIED,yes,7.704e-09,1.617e-44
crc_500,110,CERTIFIED,CERTIFIED,yes,2.758e-08,4.124e-44
crc_500,113,NOT_RIGID,-,no,,
crc_500,114,CERTIFIED,CERTIFIED,yes,7.106e-12,3.293e-44
crc_500,115,CERTIFIED,CERTIFIED,yes,9.361e-08,2.248e-44
crc_500,116,CERTIFIED,CERTIFIED,yes,1.725e-07,3.128e-44
crc_500,118,CERTIFIED,CERTIFIED,yes,5.373e-08,2.475e-44
crc_500,121,CERTIFIED,CERTIFIED,yes,3.087e-08,4.221e-44
crc_500,122,CERTIFIED,CERTIFIED,yes,5.202e-08,3.641e-44
crc_500,124,CERTIFIED,CERTIFIED,yes,1.650e-07,3.430e-44
crc_500,127,CERTIFIED,CERTIFIED,yes,9.347e-09,3.159e-44
crc_500,128,CERTIFIED,CERTIFIED,yes,1.554e-08,4.154e-44
crc_500,129,CERTIFIED,CERTIFIED,yes,4.710e-08,4.041e-44
crc_500,132,CERTIFIED,CERTIFIED,yes,4.841e-07,2.994e-44
crc_500,133,CERTIFIED,CERTIFIED,yes,4.000e-08,3.289e-44
crc_500,134,CERTIFIED,CERTIFIED,yes,1.185e-11,2.415e-44
crc_500,138,NOT_RIGID,-,no,,
crc_500,141,CERTIFIED,CERTIFIED,yes,3.384e-07,2.417e-44
crc_500,142,CERTIFIED,CERTIFIED,yes,1.151e-07,3.155e-44
crc_500,143,NOT_RIGID,-,no,,
crc_500,144,CERTIFIED,CERTIFIED,yes,1.642e-08,3.037e-44
crc_500,145,NOT_RIGID,-,no,,
crc_500,146,CERTIFIED,CERTIFIED,yes,5.959e-11,3.800e-44
crc_500,147,NOT_RIGID,-,no,,
crc_500,148,CERTIFIED,CERTIFIED,yes,1.199e-09,2.218e-44
crc_500,149,CERTIFIED,CERTIFIED,yes,4.420e-10,3.307e-44
crc_500,150,CERTIFIED,CERTIFIED,yes,6.669e-07,2.100e-44
crc_500,151,CERTIFIED,CERTIFIED,yes,1.883e-06,2.461e-44
crc_500,152,CERTIFIED,CERTIFIED,yes,3.882e-07,3.742e-44
crc_500,156,CERTIFIED,CERTIFIED,yes,2.369e-08,4.293e-44
crc_500,157,CERTIFIED,CERTIFIED,yes,5.080e-07,2.718e-44
crc_500,158,CERTIFIED,CERTIFIED,yes,6.892e-08,2.646e-44
crc_500,159,CERTIFIED,CERTIFIED,yes,2.069e-09,3.092e-44
crc_500,160,CERTIFIED,CERTIFIED,yes,1.376e-09,5.125e-44
crc_500,162,NOT_RIGID,-,no,,
crc_500,163,CERTIFIED,CERTIFIED,yes,5.859e-10,3.490e-44
crc_500,164,CERTIFIED,CERTIFIED,yes,2.964e-12,3.974e-44
crc_500,165,CERTIFIED,CERTIFIED,yes,1.016e-07,4.349e-44
crc_500,166,CERTIFIED,CERTIFIED,yes,1.806e-08,2.038e-44
crc_500,167,CERTIFIED,CERTIFIED,yes,9.688e-08,3.774e-44
crc_500,168,CERTIFIED,CERTIFIED,yes,1.522e-08,4.634e-44
crc_500,169,NOT_RIGID,-,no,,
crc_500,171,K_FAIL,-,no,,
crc_500,173,NOT_RIGID,-,no,,
crc_500,174,NOT_RIGID,-,no,,
crc_500,177,NOT_RIGID,-,no,,
crc_500,178,NOT_RIGID,-,no,,
crc_500,180,CERTIFIED,CERTIFIED,yes,3.297e-10,3.551e-44
crc_500,181,CERTIFIED,CERTIFIED,yes,2.648e-07,3.491e-44
crc_500,182,CERTIFIED,CERTIFIED,yes,2.912e-09,2.146e-44
crc_500,185,CERTIFIED,CERTIFIED,yes,4.766e-08,4.311e-44
crc_500,186,CERTIFIED,CERTIFIED,yes,4.540e-08,4.954e-44
crc_500,187,CERTIFIED,CERTIFIED,yes,2.120e-11,3.561e-44
crc_500,188,NOT_RIGID,-,no,,
crc_500,189,NOT_RIGID,-,no,,
crc_500,190,CERTIFIED,CERTIFIED,yes,2.307e-09,5.266e-44
crc_500,191,CERTIFIED,CERTIFIED,yes,2.521e-11,3.001e-44
crc_500,192,CERTIFIED,CERTIFIED,yes,5.179e-09,3.868e-44
crc_500,193,CERTIFIED,CERTIFIED,yes,1.728e-10,4.681e-44
crc_500,195,CERTIFIED,CERTIFIED,yes,4.752e-10,2.436e-44
crc_500,196,CERTIFIED,CERTIFIED,yes,1.331e-08,4.087e-44
crc_500,197,CERTIFIED,CERTIFIED,yes,7.392e-07,4.901e-44
crc_500,199,CERTIFIED,CERTIFIED,yes,7.947e-09,2.652e-44
crc_500,200,CERTIFIED,CERTIFIED,yes,1.371e-08,5.420e-44
crc_500,202,CERTIFIED,CERTIFIED,yes,5.543e-10,3.957e-44
crc_500,203,CERTIFIED,CERTIFIED,yes,1.111e-09,4.891e-44
crc_500,205,CERTIFIED,CERTIFIED,yes,3.424e-08,2.858e-44
crc_500,207,CERTIFIED,CERTIFIED,yes,4.714e-09,3.509e-44
crc_500,208,CERTIFIED,CERTIFIED,yes,6.674e-08,3.515e-44
crc_500,210,CERTIFIED,CERTIFIED,yes,8.998e-11,1.892e-44
crc_500,211,CERTIFIED,CERTIFIED,yes,3.852e-11,3.620e-44
crc_500,213,NOT_RIGID,-,no,,
crc_500,214,NOT_RIGID,-,no,,
crc_500,215,CERTIFIED,CERTIFIED,yes,3.680e-12,4.505e-44
crc_500,217,NOT_RIGID,-,no,,
crc_500,218,NOT_RIGID,-,no,,
crc_500,220,CERTIFIED,CERTIFIED,yes,2.127e-11,2.345e-44
crc_500,222,CERTIFIED,CERTIFIED,yes,3.576e-07,2.052e-44
crc_500,223,CERTIFIED,CERTIFIED,yes,2.268e-07,4.507e-44
crc_500,225,CERTIFIED,CERTIFIED,yes,2.325e-08,2.014e-44
crc_500,226,CERTIFIED,CERTIFIED,yes,6.153e-10,2.907e-44
crc_500,227,CERTIFIED,CERTIFIED,yes,1.316e-08,3.379e-44
crc_500,228,CERTIFIED,CERTIFIED,yes,3.552e-08,2.554e-44
crc_500,231,CERTIFIED,CERTIFIED,yes,7.704e-09,4.248e-44
crc_500,232,NOT_RIGID,-,no,,
crc_500,233,NOT_RIGID,-,no,,
crc_500,235,CERTIFIED,CERTIFIED,yes,3.129e-09,5.924e-44
crc_500,236,CERTIFIED,CERTIFIED,yes,4.641e-09,4.637e-44
crc_500,237,CERTIFIED,CERTIFIED,yes,1.453e-08,5.362e-44
crc_500,238,NOT_RIGID,-,no,,
crc_500,239,CERTIFIED,CERTIFIED,yes,1.016e-10,5.405e-44
crc_500,240,CERTIFIED,CERTIFIED,yes,2.287e-08,3.474e-44
crc_500,242,CERTIFIED,CERTIFIED,yes,3.162e-09,5.710e-44
crc_500,243,CERTIFIED,CERTIFIED,yes,2.581e-08,5.814e-44
crc_500,244,CERTIFIED,CERTIFIED,yes,5.049e-10,2.321e-44
crc_500,245,NOT_RIGID,-,no,,
crc_500,247,CERTIFIED,CERTIFIED,yes,3.140e-08,2.868e-44
crc_500,248,CERTIFIED,CERTIFIED,yes,7.488e-08,2.172e-44
crc_500,250,NOT_RIGID,-,no,,
crc_500,251,NOT_RIGID,-,no,,
crc_500,252,NOT_RIGID,-,no,,
crc_500,253,CERTIFIED,CERTIFIED,yes,2.990e-08,2.480e-44
crc_500,254,NOT_RIGID,-,no,,
crc_500,255,CERTIFIED,CERTIFIED,yes,1.314e-11,4.047e-44
crc_500,257,CERTIFIED,CERTIFIED,yes,5.144e-09,6.445e-44
crc_500,258,NOT_RIGID,-,no,,
crc_500,259,NOT_RIGID,-,no,,
crc_500,260,NOT_RIGID,-,no,,
crc_500,261,NOT_RIGID,-,no,,
crc_500,262,NOT_RIGID,-,no,,
crc_500,263,NOT_RIGID,-,no,,
crc_500,264,CERTIFIED,CERTIFIED,yes,3.030e-09,4.761e-44
crc_500,265,CERTIFIED,CERTIFIED,yes,5.976e-10,5.016e-44
crc_500,266,CERTIFIED,CERTIFIED,yes,2.706e-09,2.875e-44
crc_500,267,NOT_RIGID,-,no,,
crc_500,268,CERTIFIED,CERTIFIED,yes,4.016e-09,4.790e-44
crc_500,269,NOT_RIGID,-,no,,
crc_500,270,NOT_RIGID,-,no,,
crc_500,271,NOT_RIGID,-,no,,
crc_500,272,CERTIFIED,CERTIFIED,yes,3.434e-09,2.816e-44
crc_500,273,CERTIFIED,CERTIFIED,yes,2.112e-11,3.286e-44
crc_500,274,CERTIFIED,CERTIFIED,yes,4.092e-09,3.469e-44
crc_500,275,CERTIFIED,CERTIFIED,yes,2.263e-08,5.273e-44
crc_500,276,NOT_RIGID,-,no,,
crc_500,277,CERTIFIED,CERTIFIED,yes,3.921e-09,3.862e-44
crc_500,278,CERTIFIED,CERTIFIED,yes,3.903e-09,2.455e-44
crc_500,280,NOT_RIGID,-,no,,
crc_500,282,CERTIFIED,CERTIFIED,yes,1.423e-09,5.490e-44
crc_500,283,CERTIFIED,CERTIFIED,yes,2.302e-08,3.066e-44
crc_500,284,CERTIFIED,CERTIFIED,yes,7.541e-13,5.572e-44
crc_500,285,NOT_RIGID,-,no,,
crc_500,287,CERTIFIED,CERTIFIED,yes,4.845e-10,3.318e-44
crc_500,289,NOT_RIGID,-,no,,
crc_500,290,NOT_RIGID,-,no,,
crc_500,291,NOT_RIGID,-,no,,
crc_500,294,NOT_RIGID,-,no,,
crc_500,295,NOT_RIGID,-,no,,
crc_500,296,NOT_RIGID,-,no,,
crc_500,297,NOT_RIGID,-,no,,
crc_500,298,NOT_RIGID,-,no,,
crc_500,299,NOT_RIGID,-,no,,
crc_500,300,NOT_RIGID,-,no,,
crc_600,16,CERTIFIED,CERTIFIED,yes,1.772e-05,1.170e-44
crc_600,19,CERTIFIED,CERTIFIED,yes,1.355e-05,1.611e-44
crc_600,22,CERTIFIED,CERTIFIED,yes,3.797e-14,1.342e-44
crc_600,31,CERTIFIED,CERTIFIED,yes,1.081e-05,1.143e-44
crc_600,34,CERTIFIED,CERTIFIED,yes,4.803e-07,2.133e-44
crc_600,42,CERTIFIED,CERTIFIED,yes,2.244e-05,6.778e-45
crc_600,46,CERTIFIED,CERTIFIED,yes,2.675e-06,2.143e-44
crc_600,49,CERTIFIED,CERTIFIED,yes,2.145e-06,2.183e-44
crc_600,51,CERTIFIED,CERTIFIED,yes,2.803e-10,1.004e-44
crc_600,58,CERTIFIED,CERTIFIED,yes,9.884e-09,2.252e-44
crc_600,59,CERTIFIED,CERTIFIED,yes,7.429e-07,1.113e-44
crc_600,61,NOT_RIGID,-,no,,
crc_600,65,CERTIFIED,CERTIFIED,yes,4.519e-06,1.507e-44
crc_600,71,CERTIFIED,CERTIFIED,yes,2.922e-12,2.302e-44
crc_600,72,CERTIFIED,CERTIFIED,yes,1.550e-09,2.075e-44
crc_600,73,CERTIFIED,CERTIFIED,yes,7.482e-11,1.444e-44
crc_600,74,CERTIFIED,CERTIFIED,yes,3.791e-10,2.185e-44
crc_600,75,CERTIFIED,CERTIFIED,yes,1.149e-08,2.148e-44
crc_600,76,CERTIFIED,CERTIFIED,yes,4.172e-09,1.421e-44
crc_600,80,CERTIFIED,CERTIFIED,yes,3.265e-07,2.727e-44
crc_600,81,CERTIFIED,CERTIFIED,yes,7.985e-07,1.584e-44
crc_600,82,CERTIFIED,CERTIFIED,yes,3.770e-08,2.025e-44
crc_600,83,CERTIFIED,CERTIFIED,yes,1.542e-07,1.796e-44
crc_600,87,CERTIFIED,CERTIFIED,yes,1.278e-07,2.642e-44
crc_600,89,NOT_RIGID,-,no,,
crc_600,92,CERTIFIED,CERTIFIED,yes,1.452e-10,2.509e-44
crc_600,93,NOT_RIGID,-,no,,
crc_600,99,CERTIFIED,CERTIFIED,yes,2.095e-07,1.548e-44
crc_600,101,NOT_RIGID,-,no,,
crc_600,102,NOT_RIGID,-,no,,
crc_600,103,CERTIFIED,CERTIFIED,yes,9.457e-08,2.278e-44
crc_600,104,CERTIFIED,CERTIFIED,yes,1.523e-05,2.855e-44
crc_600,105,CERTIFIED,CERTIFIED,yes,7.216e-08,2.124e-44
crc_600,106,CERTIFIED,CERTIFIED,yes,8.053e-06,2.957e-44
crc_600,107,CERTIFIED,CERTIFIED,yes,2.023e-07,1.307e-44
crc_600,109,CERTIFIED,CERTIFIED,yes,2.597e-07,3.515e-44
crc_600,110,CERTIFIED,CERTIFIED,yes,1.595e-07,1.376e-44
crc_600,111,CERTIFIED,CERTIFIED,yes,6.497e-10,2.198e-44
crc_600,114,CERTIFIED,CERTIFIED,yes,5.970e-07,2.168e-44
crc_600,116,CERTIFIED,CERTIFIED,yes,1.344e-07,2.247e-44
crc_600,118,NOT_RIGID,-,no,,
crc_600,119,NOT_RIGID,-,no,,
crc_600,120,NOT_RIGID,-,no,,
crc_600,121,NOT_RIGID,-,no,,
crc_600,122,NOT_RIGID,-,no,,
crc_600,123,CERTIFIED,CERTIFIED,yes,1.056e-06,2.354e-44
crc_600,126,NOT_RIGID,-,no,,
crc_600,127,CERTIFIED,CERTIFIED,yes,3.192e-08,3.206e-44
crc_600,129,CERTIFIED,CERTIFIED,yes,5.885e-07,3.041e-44
crc_600,130,CERTIFIED,CERTIFIED,yes,2.286e-09,3.596e-44
crc_600,131,CERTIFIED,CERTIFIED,yes,5.271e-09,2.652e-44
crc_600,132,CERTIFIED,CERTIFIED,yes,3.844e-09,2.521e-44
crc_600,133,CERTIFIED,CERTIFIED,yes,3.614e-07,3.768e-44
crc_600,134,CERTIFIED,CERTIFIED,yes,7.728e-08,1.835e-44
crc_600,138,CERTIFIED,CERTIFIED,yes,1.438e-08,3.724e-44
crc_600,139,CERTIFIED,CERTIFIED,yes,3.042e-09,1.475e-44
crc_600,143,CERTIFIED,CERTIFIED,yes,8.413e-09,3.586e-44
crc_600,145,NOT_RIGID,-,no,,
crc_600,146,NOT_RIGID,-,no,,
crc_600,147,NOT_RIGID,-,no,,
crc_600,148,NOT_RIGID,-,no,,
crc_600,150,CERTIFIED,CERTIFIED,yes,9.514e-10,1.639e-44
crc_600,151,CERTIFIED,CERTIFIED,yes,3.609e-09,3.596e-44
crc_600,152,NOT_RIGID,-,no,,
crc_600,154,NOT_RIGID,-,no,,
crc_600,155,CERTIFIED,CERTIFIED,yes,5.020e-10,4.674e-44
crc_600,156,CERTIFIED,CERTIFIED,yes,1.037e-10,3.885e-44
crc_600,157,CERTIFIED,CERTIFIED,yes,7.431e-09,4.049e-44
crc_600,158,CERTIFIED,CERTIFIED,yes,8.440e-09,3.956e-44
crc_600,159,NOT_RIGID,-,no,,
crc_600,161,CERTIFIED,CERTIFIED,yes,1.442e-08,2.451e-44
crc_600,163,CERTIFIED,CERTIFIED,yes,9.002e-08,2.694e-44
crc_600,164,CERTIFIED,CERTIFIED,yes,1.046e-09,2.776e-44
crc_600,166,CERTIFIED,CERTIFIED,yes,7.132e-09,2.911e-44
crc_600,167,CERTIFIED,CERTIFIED,yes,6.668e-08,3.509e-44
crc_600,168,CERTIFIED,CERTIFIED,yes,3.631e-08,3.238e-44
crc_600,169,CERTIFIED,CERTIFIED,yes,6.029e-10,4.675e-44
crc_600,170,CERTIFIED,CERTIFIED,yes,6.935e-09,4.293e-44
crc_600,172,CERTIFIED,CERTIFIED,yes,4.020e-07,3.874e-44
crc_600,173,CERTIFIED,CERTIFIED,yes,2.205e-07,4.004e-44
crc_600,176,NOT_RIGID,-,no,,
crc_600,177,CERTIFIED,CERTIFIED,yes,2.099e-09,2.723e-44
crc_600,178,NOT_RIGID,-,no,,
crc_600,179,CERTIFIED,CERTIFIED,yes,1.556e-10,3.718e-44
crc_600,180,CERTIFIED,CERTIFIED,yes,6.236e-13,2.723e-44
crc_600,181,NOT_RIGID,-,no,,
crc_600,182,NOT_RIGID,-,no,,
crc_600,183,NOT_RIGID,-,no,,
crc_600,184,NOT_RIGID,-,no,,
crc_600,185,CERTIFIED,CERTIFIED,yes,5.670e-10,5.155e-44
crc_600,186,NOT_RIGID,-,no,,
crc_600,187,NOT_RIGID,-,no,,
crc_600,188,NOT_RIGID,-,no,,
crc_600,189,NOT_RIGID,-,no,,
crc_600,190,CERTIFIED,CERTIFIED,yes,1.166e-07,3.387e-44
crc_600,191,NOT_RIGID,-,no,,
crc_600,193,CERTIFIED,CERTIFIED,yes,1.619e-07,5.056e-44
crc_600,194,CERTIFIED,CERTIFIED,yes,7.891e-10,2.545e-44
crc_600,195,CERTIFIED,CERTIFIED,yes,2.140e-10,1.865e-44
crc_600,196,CERTIFIED,CERTIFIED,yes,2.450e-09,2.384e-44
crc_600,199,CERTIFIED,CERTIFIED,yes,5.078e-08,4.117e-44
crc_600,200,CERTIFIED,CERTIFIED,yes,3.480e-08,1.908e-44
crc_600,201,CERTIFIED,CERTIFIED,yes,6.244e-09,4.563e-44
crc_600,202,CERTIFIED,CERTIFIED,yes,2.510e-09,3.962e-44
crc_600,203,NOT_RIGID,-,no,,
crc_600,205,NOT_RIGID,-,no,,
crc_600,206,CERTIFIED,CERTIFIED,yes,3.205e-08,2.153e-44
crc_600,207,NOT_RIGID,-,no,,
crc_600,208,NOT_RIGID,-,no,,
crc_600,210,NOT_RIGID,-,no,,
crc_600,211,NOT_RIGID,-,no,,
crc_600,212,NOT_RIGID,-,no,,
crc_600,214,NOT_RIGID,-,no,,
crc_600,215,NOT_RIGID,-,no,,
crc_600,216,NOT_RIGID,-,no,,
crc_600,217,CERTIFIED,CERTIFIED,yes,1.433e-10,2.342e-44
crc_600,218,CERTIFIED,CERTIFIED,yes,2.962e-10,1.650e-44
crc_600,219,NOT_RIGID,-,no,,
crc_600,220,NOT_RIGID,-,no,,
crc_600,221,NOT_RIGID,-,no,,
crc_600,222,CERTIFIED,CERTIFIED,yes,6.259e-09,4.365e-44
crc_600,223,CERTIFIED,CERTIFIED,yes,2.662e-08,2.414e-44
crc_600,224,CERTIFIED,CERTIFIED,yes,1.186e-09,1.874e-44
crc_600,225,CERTIFIED,CERTIFIED,yes,1.622e-06,4.271e-44
crc_600,226,CERTIFIED,CERTIFIED,yes,8.408e-09,4.806e-44
crc_600,227,NOT_RIGID,-,no,,
crc_600,229,CERTIFIED,CERTIFIED,yes,5.010e-08,3.235e-44
crc_600,230,CERTIFIED,CERTIFIED,yes,3.770e-10,4.948e-44
crc_600,231,NOT_RIGID,-,no,,
crc_600,232,NOT_RIGID,-,no,,
crc_600,233,CERTIFIED,CERTIFIED,yes,1.292e-11,3.961e-44
crc_600,235,CERTIFIED,CERTIFIED,yes,3.416e-08,4.512e-44
crc_600,236,CERTIFIED,CERTIFIED,yes,3.379e-08,4.573e-44
crc_600,238,CERTIFIED,CERTIFIED,yes,2.595e-08,4.292e-44
crc_600,239,CERTIFIED,CERTIFIED,yes,2.972e-09,2.032e-44
crc_600,241,NOT_RIGID,-,no,,
crc_600,242,CERTIFIED,CERTIFIED,yes,2.752e-07,2.329e-44
crc_600,244,NOT_RIGID,-,no,,
crc_600,245,CERTIFIED,CERTIFIED,yes,1.111e-12,5.521e-44
crc_600,246,NOT_RIGID,-,no,,
crc_600,247,NOT_RIGID,-,no,,
crc_600,248,NOT_RIGID,-,no,,
crc_600,249,NOT_RIGID,-,no,,
crc_600,250,NOT_RIGID,-,no,,
crc_600,251,NOT_RIGID,-,no,,
crc_600,252,NOT_RIGID,-,no,,
crc_600,253,CERTIFIED,CERTIFIED,yes,5.244e-07,6.033e-44
crc_600,254,CERTIFIED,CERTIFIED,yes,4.235e-07,4.461e-44
crc_600,255,CERTIFIED,CERTIFIED,yes,9.152e-08,5.099e-44
crc_600,256,NOT_RIGID,-,no,,
crc_600,257,NOT_RIGID,-,no,,
crc_600,258,NOT_RIGID,-,no,,
crc_600,260,CERTIFIED,CERTIFIED,yes,1.488e-06,5.689e-44
crc_600,261,NOT_RIGID,-,no,,
crc_600,262,NOT_RIGID,-,no,,
crc_600,263,NOT_RIGID,-,no,,
crc_600,264,NOT_RIGID,-,no,,
crc_600,267,CERTIFIED,CERTIFIED,yes,5.208e-09,3.159e-44
crc_600,268,CERTIFIED,CERTIFIED,yes,1.312e-08,3.231e-44
crc_600,270,CERTIFIED,CERTIFIED,yes,2.622e-09,2.716e-44
crc_600,271,CERTIFIED,CERTIFIED,yes,1.179e-09,2.927e-44
crc_600,272,CERTIFIED,CERTIFIED,yes,8.589e-12,2.694e-44
crc_600,274,CERTIFIED,CERTIFIED,yes,1.160e-08,3.707e-44
crc_600,275,CERTIFIED,CERTIFIED,yes,4.872e-09,5.679e-44
crc_600,277,CERTIFIED,CERTIFIED,yes,4.360e-08,2.889e-44
crc_600,278,NOT_RIGID,-,no,,
crc_600,279,CERTIFIED,CERTIFIED,yes,3.884e-09,2.431e-44
crc_600,282,NOT_RIGID,-,no,,
crc_600,283,NOT_RIGID,-,no,,
crc_600,284,CERTIFIED,CERTIFIED,yes,1.360e-08,5.369e-44
crc_600,285,NOT_RIGID,-,no,,
crc_600,286,NOT_RIGID,-,no,,
crc_600,287,LP_FAIL,-,no,,
crc_600,288,CERTIFIED,CERTIFIED,yes,9.072e-07,3.747e-44
crc_600,289,CERTIFIED,CERTIFIED,yes,8.929e-10,6.280e-44
crc_600,290,CERTIFIED,CERTIFIED,yes,1.223e-10,5.461e-44
crc_600,291,CERTIFIED,CERTIFIED,yes,3.124e-12,5.598e-44
crc_600,292,CERTIFIED,CERTIFIED,yes,9.081e-12,2.673e-44
crc_600,293,NOT_RIGID,-,no,,
crc_600,294,CERTIFIED,CERTIFIED,yes,8.540e-15,4.840e-44
crc_600,295,CERTIFIED,CERTIFIED,yes,7.127e-09,3.145e-44
crc_600,296,CERTIFIED,CERTIFIED,yes,1.764e-09,3.447e-44
crc_600,297,CERTIFIED,CERTIFIED,yes,1.499e-07,3.831e-44
crc_600,298,CERTIFIED,CERTIFIED,yes,6.908e-09,5.986e-44
crc_600,299,NOT_RIGID,-,no,,
crc_600,300,LP_FAIL,-,no,,
crc_600,301,CERTIFIED,CERTIFIED,yes,6.195e-11,2.912e-44
crc_600,302,CERTIFIED,CERTIFIED,yes,1.476e-10,6.080e-44
crc_600,303,CERTIFIED,CERTIFIED,yes,7.818e-10,5.685e-44
crc_600,304,NOT_RIGID,-,no,,
crc_600,306,NOT_RIGID,-,no,,
crc_600,307,NOT_RIGID,-,no,,
crc_700,31,CERTIFIED,CERTIFIED,yes,2.712e-06,6.147e-45
crc_700,32,CERTIFIED,CERTIFIED,yes,1.163e-06,1.498e-44
crc_700,40,CERTIFIED,CERTIFIED,yes,4.500e-06,8.822e-45
crc_700,41,CERTIFIED,CERTIFIED,yes,4.345e-06,1.027e-44
crc_700,43,CERTIFIED,CERTIFIED,yes,1.598e-05,1.439e-44
crc_700,46,CERTIFIED,CERTIFIED,yes,3.765e-08,8.072e-45
crc_700,48,CERTIFIED,CERTIFIED,yes,1.602e-11,2.207e-44
crc_700,50,CERTIFIED,CERTIFIED,yes,1.592e-08,2.132e-44
crc_700,54,CERTIFIED,CERTIFIED,yes,1.721e-07,9.464e-45
crc_700,57,CERTIFIED,CERTIFIED,yes,3.664e-08,2.617e-44
crc_700,58,CERTIFIED,CERTIFIED,yes,4.692e-08,1.225e-44
crc_700,61,CERTIFIED,CERTIFIED,yes,3.454e-09,1.072e-44
crc_700,62,NOT_RIGID,-,no,,
crc_700,63,CERTIFIED,CERTIFIED,yes,3.712e-07,2.167e-44
crc_700,64,CERTIFIED,CERTIFIED,yes,6.327e-09,1.980e-44
crc_700,65,NOT_RIGID,-,no,,
crc_700,69,CERTIFIED,CERTIFIED,yes,9.683e-11,2.856e-44
crc_700,70,CERTIFIED,CERTIFIED,yes,3.459e-07,2.082e-44
crc_700,71,NOT_RIGID,-,no,,
crc_700,73,NOT_RIGID,-,no,,
crc_700,75,CERTIFIED,CERTIFIED,yes,9.176e-09,1.980e-44
crc_700,77,CERTIFIED,CERTIFIED,yes,2.717e-08,2.256e-44
crc_700,78,CERTIFIED,CERTIFIED,yes,2.261e-09,1.118e-44
crc_700,81,CERTIFIED,CERTIFIED,yes,3.765e-08,1.533e-44
crc_700,85,NOT_RIGID,-,no,,
crc_700,86,CERTIFIED,CERTIFIED,yes,1.394e-09,2.273e-44
crc_700,87,NOT_RIGID,-,no,,
crc_700,88,CERTIFIED,CERTIFIED,yes,1.087e-09,1.843e-44
crc_700,89,CERTIFIED,CERTIFIED,yes,6.377e-09,2.273e-44
crc_700,90,CERTIFIED,CERTIFIED,yes,1.869e-07,2.677e-44
crc_700,91,CERTIFIED,CERTIFIED,yes,6.745e-08,2.918e-44
crc_700,92,CERTIFIED,CERTIFIED,yes,3.482e-10,2.904e-44
crc_700,93,CERTIFIED,CERTIFIED,yes,9.835e-09,2.286e-44
crc_700,94,CERTIFIED,CERTIFIED,yes,1.112e-11,1.940e-44
crc_700,96,CERTIFIED,CERTIFIED,yes,4.877e-08,1.330e-44
crc_700,98,CERTIFIED,CERTIFIED,yes,1.042e-06,3.103e-44
crc_700,100,CERTIFIED,CERTIFIED,yes,1.714e-07,2.469e-44
crc_700,101,CERTIFIED,CERTIFIED,yes,1.586e-08,1.251e-44
crc_700,102,NOT_RIGID,-,no,,
crc_700,104,CERTIFIED,CERTIFIED,yes,1.738e-10,1.499e-44
crc_700,105,CERTIFIED,CERTIFIED,yes,7.384e-07,2.461e-44
crc_700,107,NOT_RIGID,-,no,,
crc_700,109,NOT_RIGID,-,no,,
crc_700,110,CERTIFIED,CERTIFIED,yes,2.062e-09,1.890e-44
crc_700,111,NOT_RIGID,-,no,,
crc_700,113,CERTIFIED,CERTIFIED,yes,5.639e-09,2.066e-44
crc_700,116,CERTIFIED,CERTIFIED,yes,3.739e-07,2.164e-44
crc_700,117,CERTIFIED,CERTIFIED,yes,8.634e-07,2.879e-44
crc_700,118,CERTIFIED,CERTIFIED,yes,3.197e-12,3.607e-44
crc_700,119,CERTIFIED,CERTIFIED,yes,2.451e-11,3.506e-44
crc_700,121,CERTIFIED,CERTIFIED,yes,3.567e-11,3.550e-44
crc_700,122,NOT_RIGID,-,no,,
crc_700,124,NOT_RIGID,-,no,,
crc_700,125,CERTIFIED,CERTIFIED,yes,4.654e-06,2.380e-44
crc_700,126,NOT_RIGID,-,no,,
crc_700,127,CERTIFIED,CERTIFIED,yes,3.609e-12,3.300e-44
crc_700,129,NOT_RIGID,-,no,,
crc_700,130,CERTIFIED,CERTIFIED,yes,1.772e-06,3.417e-44
crc_700,132,CERTIFIED,CERTIFIED,yes,2.594e-07,3.229e-44
crc_700,133,CERTIFIED,CERTIFIED,yes,6.424e-09,1.368e-44
crc_700,134,CERTIFIED,CERTIFIED,yes,9.753e-09,3.790e-44
crc_700,135,CERTIFIED,CERTIFIED,yes,5.051e-13,2.511e-44
crc_700,136,NOT_RIGID,-,no,,
crc_700,137,CERTIFIED,CERTIFIED,yes,9.851e-10,4.002e-44
crc_700,141,CERTIFIED,CERTIFIED,yes,7.664e-10,2.523e-44
crc_700,142,NOT_RIGID,-,no,,
crc_700,143,CERTIFIED,CERTIFIED,yes,1.441e-06,2.816e-44
crc_700,144,CERTIFIED,CERTIFIED,yes,4.987e-12,2.237e-44
crc_700,147,NOT_RIGID,-,no,,
crc_700,148,NOT_RIGID,-,no,,
crc_700,149,NOT_RIGID,-,no,,
crc_700,151,CERTIFIED,CERTIFIED,yes,3.996e-14,2.680e-44
crc_700,152,NOT_RIGID,-,no,,
crc_700,153,CERTIFIED,CERTIFIED,yes,1.615e-06,3.964e-44
crc_700,154,CERTIFIED,CERTIFIED,yes,1.447e-08,2.909e-44
crc_700,156,NOT_RIGID,-,no,,
crc_700,158,LAMBDA_FAIL,-,no,,
crc_700,159,NOT_RIGID,-,no,,
crc_700,160,NOT_RIGID,-,no,,
crc_700,161,CERTIFIED,CERTIFIED,yes,3.463e-07,3.937e-44
crc_700,162,CERTIFIED,CERTIFIED,yes,3.433e-07,2.633e-44
crc_700,163,CERTIFIED,CERTIFIED,yes,3.895e-09,4.375e-44
crc_700,164,CERTIFIED,CERTIFIED,yes,9.768e-09,3.373e-44
crc_700,165,CERTIFIED,CERTIFIED,yes,4.166e-10,1.864e-44
crc_700,166,NOT_RIGID,-,no,,
crc_700,167,CERTIFIED,CERTIFIED,yes,1.451e-10,2.299e-44
crc_700,169,CERTIFIED,CERTIFIED,yes,3.078e-07,1.090e-44
crc_700,170,CERTIFIED,CERTIFIED,yes,4.634e-08,3.629e-44
crc_700,171,CERTIFIED,CERTIFIED,yes,2.733e-09,1.775e-44
crc_700,172,CERTIFIED,CERTIFIED,yes,1.610e-08,2.290e-44
crc_700,173,NOT_RIGID,-,no,,
crc_700,177,NOT_RIGID,-,no,,
crc_700,178,NOT_RIGID,-,no,,
crc_700,179,CERTIFIED,CERTIFIED,yes,6.171e-11,4.365e-44
crc_700,180,NOT_RIGID,-,no,,
crc_700,181,CERTIFIED,CERTIFIED,yes,3.216e-07,2.504e-44
crc_700,182,NOT_RIGID,-,no,,
crc_700,183,CERTIFIED,CERTIFIED,yes,3.844e-08,3.038e-44
crc_700,184,CERTIFIED,CERTIFIED,yes,9.291e-08,4.823e-44
crc_700,185,CERTIFIED,CERTIFIED,yes,1.907e-08,4.372e-44
crc_700,186,NOT_RIGID,-,no,,
crc_700,187,CERTIFIED,CERTIFIED,yes,5.210e-10,3.580e-44
crc_700,188,NOT_RIGID,-,no,,
crc_700,189,CERTIFIED,CERTIFIED,yes,1.351e-07,2.840e-44
crc_700,190,NOT_RIGID,-,no,,
crc_700,191,NOT_RIGID,-,no,,
crc_700,192,CERTIFIED,CERTIFIED,yes,6.673e-09,2.597e-44
crc_700,193,NOT_RIGID,-,no,,
crc_700,194,NOT_RIGID,-,no,,
crc_700,195,CERTIFIED,CERTIFIED,yes,1.473e-09,3.427e-44
crc_700,196,CERTIFIED,CERTIFIED,yes,4.611e-09,4.695e-44
crc_700,197,NOT_RIGID,-,no,,
crc_700,198,CERTIFIED,CERTIFIED,yes,7.300e-08,4.071e-44
crc_700,199,NOT_RIGID,-,no,,
crc_700,200,NOT_RIGID,-,no,,
crc_700,201,CERTIFIED,CERTIFIED,yes,1.348e-11,3.014e-44
crc_700,203,CERTIFIED,CERTIFIED,yes,2.999e-08,4.933e-44
crc_700,204,CERTIFIED,CERTIFIED,yes,4.373e-08,1.955e-44
crc_700,205,CERTIFIED,CERTIFIED,yes,1.047e-07,3.891e-44
crc_700,206,CERTIFIED,CERTIFIED,yes,5.172e-13,4.686e-44
crc_700,209,CERTIFIED,CERTIFIED,yes,1.246e-07,2.686e-44
crc_700,210,NOT_RIGID,-,no,,
crc_700,211,CERTIFIED,CERTIFIED,yes,8.525e-12,4.683e-44
crc_700,212,NOT_RIGID,-,no,,
crc_700,213,NOT_RIGID,-,no,,
crc_700,214,CERTIFIED,CERTIFIED,yes,1.682e-08,2.622e-44
crc_700,215,CERTIFIED,CERTIFIED,yes,1.205e-08,3.123e-44
crc_700,216,NOT_RIGID,-,no,,
crc_700,217,CERTIFIED,CERTIFIED,yes,1.173e-08,4.484e-44
crc_700,218,CERTIFIED,CERTIFIED,yes,2.067e-10,3.897e-44
crc_700,219,CERTIFIED,CERTIFIED,yes,1.039e-07,4.147e-44
crc_700,220,NOT_RIGID,-,no,,
crc_700,221,CERTIFIED,CERTIFIED,yes,2.473e-07,4.626e-44
crc_700,223,CERTIFIED,CERTIFIED,yes,1.876e-09,2.156e-44
crc_700,224,CERTIFIED,CERTIFIED,yes,1.069e-09,2.414e-44
crc_700,225,CERTIFIED,CERTIFIED,yes,5.999e-10,3.720e-44
crc_700,227,CERTIFIED,CERTIFIED,yes,3.630e-09,2.666e-44
crc_700,228,NOT_RIGID,-,no,,
crc_700,229,NOT_RIGID,-,no,,
crc_700,230,CERTIFIED,CERTIFIED,yes,5.099e-12,3.747e-44
crc_700,233,CERTIFIED,CERTIFIED,yes,1.924e-08,4.623e-44
crc_700,234,CERTIFIED,CERTIFIED,yes,6.724e-09,4.030e-44
crc_700,235,CERTIFIED,CERTIFIED,yes,1.562e-09,5.028e-44
crc_700,236,CERTIFIED,CERTIFIED,yes,3.059e-10,4.773e-44
crc_700,237,NOT_RIGID,-,no,,
crc_700,239,CERTIFIED,CERTIFIED,yes,5.972e-09,2.543e-44
crc_700,240,NOT_RIGID,-,no,,
crc_700,241,NOT_RIGID,-,no,,
crc_700,242,CERTIFIED,CERTIFIED,yes,1.011e-08,4.366e-44
crc_700,243,CERTIFIED,CERTIFIED,yes,6.243e-09,4.066e-44
crc_700,244,NOT_RIGID,-,no,,
crc_700,245,NOT_RIGID,-,no,,
crc_700,246,NOT_RIGID,-,no,,
crc_700,247,NOT_RIGID,-,no,,
crc_700,248,NOT_RIGID,-,no,,
crc_700,249,NOT_RIGID,-,no,,
crc_700,250,NOT_RIGID,-,no,,
crc_700,251,CERTIFIED,CERTIFIED,yes,8.582e-07,2.662e-44
crc_700,252,CERTIFIED,CERTIFIED,yes,4.590e-08,4.096e-44
crc_700,253,CERTIFIED,CERTIFIED,yes,1.847e-07,2.491e-44
crc_700,255,CERTIFIED,CERTIFIED,yes,1.525e-11,2.718e-44
crc_700,256,NOT_RIGID,-,no,,
crc_700,257,CERTIFIED,CERTIFIED,yes,1.257e-10,3.590e-44
crc_700,258,NOT_RIGID,-,no,,
crc_700,259,NOT_RIGID,-,no,,
crc_700,260,LP_FAIL,-,no,,
crc_700,261,NOT_RIGID,-,no,,
crc_700,262,CERTIFIED,CERTIFIED,yes,3.768e-09,1.916e-44
crc_700,264,NOT_RIGID,-,no,,
crc_700,265,CERTIFIED,CERTIFIED,yes,1.561e-08,4.192e-44
crc_700,266,CERTIFIED,CERTIFIED,yes,8.351e-10,3.044e-44
crc_700,267,CERTIFIED,CERTIFIED,yes,1.124e-12,2.544e-44
crc_700,268,NOT_RIGID,-,no,,
crc_700,269,CERTIFIED,CERTIFIED,yes,8.228e-11,4.552e-44
crc_700,270,CERTIFIED,CERTIFIED,yes,4.140e-07,2.533e-44
crc_700,272,NOT_RIGID,-,no,,
crc_700,273,NOT_RIGID,-,no,,
crc_700,274,NOT_RIGID,-,no,,
crc_700,275,NOT_RIGID,-,no,,
crc_700,276,NOT_RIGID,-,no,,
crc_700,277,NOT_RIGID,-,no,,
crc_700,279,CERTIFIED,CERTIFIED,yes,2.480e-09,4.595e-44
crc_700,280,NOT_RIGID,-,no,,
crc_700,281,NOT_RIGID,-,no,,
crc_700,282,NOT_RIGID,-,no,,
crc_700,283,NOT_RIGID,-,no,,
crc_700,284,NOT_RIGID,-,no,,
crc_700,285,CERTIFIED,CERTIFIED,yes,3.250e-09,3.897e-44
crc_700,286,CERTIFIED,CERTIFIED,yes,1.400e-07,5.173e-44
crc_700,287,CERTIFIED,CERTIFIED,yes,4.811e-07,2.269e-44
crc_700,289,CERTIFIED,CERTIFIED,yes,1.236e-08,5.429e-44
crc_700,290,CERTIFIED,CERTIFIED,yes,3.331e-08,5.266e-44
crc_700,291,CERTIFIED,CERTIFIED,yes,4.049e-11,4.645e-44
crc_700,292,NOT_RIGID,-,no,,
crc_700,293,NOT_RIGID,-,no,,
crc_700,294,NOT_RIGID,-,no,,
crc_700,295,CERTIFIED,CERTIFIED,yes,5.037e-10,5.252e-44
crc_700,297,CERTIFIED,CERTIFIED,yes,1.424e-08,5.716e-44
crc_700,298,CERTIFIED,CERTIFIED,yes,7.475e-08,4.862e-44
crc_700,299,CERTIFIED,CERTIFIED,yes,8.003e-09,2.494e-44
crc_700,300,NOT_RIGID,-,no,,
crc_700,301,NOT_RIGID,-,no,,
crc_700,303,NOT_RIGID,-,no,,
crc_700,305,CERTIFIED,CERTIFIED,yes,3.864e-08,5.264e-44
crc_700,306,NOT_RIGID,-,no,,
crc_700,307,CERTIFIED,CERTIFIED,yes,4.211e-08,3.055e-44
crc_700,308,CERTIFIED,CERTIFIED,yes,1.213e-11,2.823e-44
crc_700,309,CERTIFIED,CERTIFIED,yes,7.364e-12,3.582e-44
crc_700,310,CERTIFIED,CERTIFIED,yes,1.411e-08,4.143e-44
crc_700,311,NOT_RIGID,-,no,,
crc_700,314,CERTIFIED,CERTIFIED,yes,2.372e-11,2.854e-44
crc_700,315,NOT_RIGID,-,no,,
crc_700,316,NOT_RIGID,-,no,,
crc_700,317,CERTIFIED,CERTIFIED,yes,9.586e-09,4.959e-44
crc_700,318,NOT_RIGID,-,no,,
crc_700,319,NOT_RIGID,-,no,,
crc_700,320,NOT_RIGID,-,no,,
crc_700,321,NOT_RIGID,-,no,,
crc_700,322,NOT_RIGID,-,no,,
crc_700,323,NOT_RIGID,-,no,,
crc_700,324,NOT_RIGID,-,no,,
crc_700,325,NOT_RIGID,-,no,,
crc_700,326,NOT_RIGID,-,no,,
crc_700,327,NOT_RIGID,-,no,,
crc_700,328,NOT_RIGID,-,no,,
crc_700,329,NOT_RIGID,-,no,,
crc_700,330,NOT_RIGID,-,no,,
crc_700,331,NOT_RIGID,-,no,,
crc_700,332,NOT_RIGID,-,no,,
crc_700,333,NOT_RIGID,-,no,,
crc_700,334,NOT_RIGID,-,no,,
crc_700,335,NOT_RIGID,-,no,,
crc_700,337,NOT_RIGID,-,no,,
crc_700,338,NOT_RIGID,-,no,,
crc_700,339,NOT_RIGID,-,no,,
crc_700,341,CERTIFIED,CERTIFIED,yes,4.183e-08,4.903e-44
crc_700,342,CERTIFIED,CERTIFIED,yes,1.786e-08,4.410e-44
crc_700,343,NOT_RIGID,-,no,,
crc_700,344,CERTIFIED,CERTIFIED,yes,7.211e-16,1.041e-43
crc_700,345,CERTIFIED,CERTIFIED,yes,1.990e-12,6.045e-44
crc_700,346,CERTIFIED,CERTIFIED,yes,1.181e-11,6.285e-44
crc_700,347,NOT_RIGID,-,no,,
crc_700,348,NOT_RIGID,-,no,,
crc_700,350,CERTIFIED,CERTIFIED,yes,1.419e-08,6.112e-44
crc_700,351,CERTIFIED,CERTIFIED,yes,3.921e-08,5.779e-44
crc_700,352,CERTIFIED,CERTIFIED,yes,5.658e-08,4.782e-44
crc_700,353,NOT_RIGID,-,no,,
crc_700,354,CERTIFIED,CERTIFIED,yes,2.390e-10,5.751e-44
crc_700,355,NOT_RIGID,-,no,,
crc_700,356,NOT_RIGID,-,no,,
crc_700,357,NOT_RIGID,-,no,,
crc_700,358,CERTIFIED,CERTIFIED,yes,1.030e-07,6.455e-44
crc_700,359,NOT_RIGID,-,no,,
crc_700,360,NOT_RIGID,-,no,,
crc_700,361,NOT_RIGID,-,no,,
crc_700,362,K_FAIL,-,no,,
crc_700,364,CERTIFIED,CERTIFIED,yes,4.439e-10,3.120e-44
crc_700,365,CERTIFIED,CERTIFIED,yes,3.406e-11,5.332e-44
crc_700,366,NOT_RIGID,-,no,,
crc_700,367,CERTIFIED,CERTIFIED,yes,2.509e-08,5.636e-44
crc_700,368,CERTIFIED,CERTIFIED,yes,2.509e-08,5.636e-44
crc_700,369,CERTIFIED,CERTIFIED,yes,1.954e-08,4.379e-44
crc_700,370,CERTIFIED,CERTIFIED,yes,5.146e-10,3.676e-44
crc_700,371,CERTIFIED,CERTIFIED,yes,7.232e-12,6.342e-44
crc_700,372,NOT_RIGID,-,no,,
crc_700,373,NOT_RIGID,-,no,,
crc_700,374,NOT_RIGID,-,no,,
crc_700,375,NOT_RIGID,-,no,,
crc_700,376,NOT_RIGID,-,no,,
crc_700,377,NOT_RIGID,-,no,,
crc_700,378,NOT_RIGID,-,no,,
crc_700,379,NOT_RIGID,-,no,,
crc_700,380,CERTIFIED,CERTIFIED,yes,1.009e-08,6.001e-44
crc_700,381,NOT_RIGID,-,no,,
crc_700,382,NOT_RIGID,-,no,,
crc_700,383,NOT_RIGID,-,no,,
crc_700,384,NOT_RIGID,-,no,,
crc_700,385,NOT_RIGID,-,no,,
crc_700,386,NOT_RIGID,-,no,,
crc_700,388,CERTIFIED,CERTIFIED,yes,7.126e-08,6.326e-44
crc_700,389,CERTIFIED,CERTIFIED,yes,4.041e-09,5.253e-44
crc_700,390,CERTIFIED,CERTIFIED,yes,4.614e-09,4.311e-44
crc_700,391,CERTIFIED,CERTIFIED,yes,2.583e-09,3.414e-44
crc_700,392,CERTIFIED,CERTIFIED,yes,1.422e-09,4.469e-44
crc_700,393,CERTIFIED,CERTIFIED,yes,1.642e-08,4.481e-44
crc_700,394,NOT_RIGID,-,no,,
crc_700,395,CERTIFIED,CERTIFIED,yes,1.213e-10,4.201e-44
crc_700,397,NOT_RIGID,-,no,,
crc_700,398,NOT_RIGID,-,no,,
crc_700,399,CERTIFIED,CERTIFIED,yes,1.808e-14,7.554e-44
crc_700,400,NOT_RIGID,-,no,,
crc_700,401,CERTIFIED,CERTIFIED,yes,4.500e-14,5.779e-44
crc_700,402,NOT_RIGID,-,no,,
crc_700,403,NOT_RIGID,-,no,,
crc_700,405,NOT_RIGID,-,no,,
crc_700,406,NOT_RIGID,-,no,,
crc_700,407,CERTIFIED,CERTIFIED,yes,6.926e-11,4.396e-44
crc_700,408,NOT_RIGID,-,no,,
crc_700,409,NOT_RIGID,-,no,,
crc_700,410,NOT_RIGID,-,no,,
crc_700,411,NOT_RIGID,-,no,,
crc_700,412,NOT_RIGID,-,no,,
crc_700,413,NOT_RIGID,-,no,,
crc_700,414,NOT_RIGID,-,no,,
crc_700,415,NOT_RIGID,-,no,,
crc_700,416,NOT_RIGID,-,no,,
crc_700,417,NOT_RIGID,-,no,,
crc_700,418,CERTIFIED,CERTIFIED,yes,7.549e-11,4.282e-44
crc_700,419,CERTIFIED,CERTIFIED,yes,1.060e-07,2.496e-44
crc_700,420,NOT_RIGID,-,no,,
crc_700,421,NOT_RIGID,-,no,,
crc_700,422,NOT_RIGID,-,no,,
crc_700,423,NOT_RIGID,-,no,,
crc_700,424,NOT_RIGID,-,no,,
crc_700,425,NOT_RIGID,-,no,,
crc_700,426,NOT_RIGID,-,no,,
crc_700,427,CERTIFIED,CERTIFIED,yes,7.587e-11,4.330e-44
crc_700,428,CERTIFIED,CERTIFIED,yes,3.545e-07,5.102e-44
crc_700,429,CERTIFIED,CERTIFIED,yes,5.255e-10,4.311e-44
crc_700,430,NOT_RIGID,-,no,,
crc_700,431,CERTIFIED,CERTIFIED,yes,1.887e-10,3.877e-44
crc_700,432,CERTIFIED,CERTIFIED,yes,4.097e-08,5.167e-44
crc_700,433,NOT_RIGID,-,no,,
crc_700,434,NOT_RIGID,-,no,,
crc_700,435,NOT_RIGID,-,no,,
crc_700,436,NOT_RIGID,-,no,,
crc_800,10,CERTIFIED,CERTIFIED,yes,2.518e-05,6.411e-45
crc_800,26,CERTIFIED,CERTIFIED,yes,2.826e-07,1.744e-44
crc_800,28,CERTIFIED,CERTIFIED,yes,3.691e-06,8.321e-45
crc_800,37,CERTIFIED,CERTIFIED,yes,2.130e-05,1.681e-44
crc_800,38,CERTIFIED,CERTIFIED,yes,1.280e-06,1.665e-44
crc_800,42,CERTIFIED,CERTIFIED,yes,1.162e-12,1.377e-44
crc_800,43,CERTIFIED,CERTIFIED,yes,3.853e-12,1.197e-44
crc_800,45,CERTIFIED,CERTIFIED,yes,2.264e-10,1.626e-44
crc_800,46,CERTIFIED,CERTIFIED,yes,3.314e-07,1.808e-44
crc_800,47,CERTIFIED,CERTIFIED,yes,3.790e-08,1.310e-44
crc_800,48,CERTIFIED,CERTIFIED,yes,9.565e-07,2.165e-44
crc_800,50,NOT_RIGID,-,no,,
crc_800,52,CERTIFIED,CERTIFIED,yes,1.245e-06,1.656e-44
crc_800,53,NOT_RIGID,-,no,,
crc_800,56,CERTIFIED,CERTIFIED,yes,1.267e-06,1.874e-44
crc_800,57,CERTIFIED,CERTIFIED,yes,4.012e-08,1.911e-44
crc_800,58,CERTIFIED,CERTIFIED,yes,9.920e-08,2.267e-44
crc_800,59,CERTIFIED,CERTIFIED,yes,6.992e-10,2.287e-44
crc_800,61,CERTIFIED,CERTIFIED,yes,1.110e-07,2.141e-44
crc_800,63,CERTIFIED,CERTIFIED,yes,3.493e-08,1.221e-44
crc_800,67,NOT_RIGID,-,no,,
crc_800,70,CERTIFIED,CERTIFIED,yes,5.621e-07,1.245e-44
crc_800,71,NOT_RIGID,-,no,,
crc_800,72,CERTIFIED,CERTIFIED,yes,1.503e-09,1.342e-44
crc_800,73,CERTIFIED,CERTIFIED,yes,2.789e-08,2.207e-44
crc_800,74,CERTIFIED,CERTIFIED,yes,2.490e-09,1.629e-44
crc_800,76,NOT_RIGID,-,no,,
crc_800,78,CERTIFIED,CERTIFIED,yes,4.788e-09,2.420e-44
crc_800,79,CERTIFIED,CERTIFIED,yes,1.134e-07,2.308e-44
crc_800,84,NOT_RIGID,-,no,,
crc_800,86,NOT_RIGID,-,no,,
crc_800,87,CERTIFIED,CERTIFIED,yes,1.154e-08,1.470e-44
crc_800,92,CERTIFIED,CERTIFIED,yes,4.019e-09,2.008e-44
crc_800,93,CERTIFIED,CERTIFIED,yes,8.802e-07,2.291e-44
crc_800,94,NOT_RIGID,-,no,,
crc_800,98,CERTIFIED,CERTIFIED,yes,3.124e-07,1.616e-44
crc_800,99,CERTIFIED,CERTIFIED,yes,1.860e-08,2.425e-44
crc_800,101,CERTIFIED,CERTIFIED,yes,3.932e-07,1.926e-44
crc_800,102,CERTIFIED,CERTIFIED,yes,8.810e-08,1.305e-44
crc_800,103,CERTIFIED,CERTIFIED,yes,7.208e-08,3.029e-44
crc_800,104,CERTIFIED,CERTIFIED,yes,3.862e-08,1.647e-44
crc_800,106,NOT_RIGID,-,no,,
crc_800,107,CERTIFIED,CERTIFIED,yes,1.109e-06,1.251e-44
crc_800,108,NOT_RIGID,-,no,,
crc_800,109,NOT_RIGID,-,no,,
crc_800,110,CERTIFIED,CERTIFIED,yes,4.927e-09,1.944e-44
crc_800,112,CERTIFIED,CERTIFIED,yes,6.018e-08,2.861e-44
crc_800,113,CERTIFIED,CERTIFIED,yes,1.385e-06,2.279e-44
crc_800,114,CERTIFIED,CERTIFIED,yes,5.638e-11,1.765e-44
crc_800,115,NOT_RIGID,-,no,,
crc_800,117,NOT_RIGID,-,no,,
crc_800,118,CERTIFIED,CERTIFIED,yes,1.159e-12,1.244e-44
crc_800,119,CERTIFIED,CERTIFIED,yes,7.384e-08,2.186e-44
crc_800,120,NOT_RIGID,-,no,,
crc_800,123,CERTIFIED,CERTIFIED,yes,5.961e-08,1.610e-44
crc_800,124,CERTIFIED,CERTIFIED,yes,7.963e-08,3.015e-44
crc_800,125,CERTIFIED,CERTIFIED,yes,8.760e-09,1.337e-44
crc_800,126,CERTIFIED,CERTIFIED,yes,5.887e-10,1.020e-44
crc_800,128,CERTIFIED,CERTIFIED,yes,8.438e-07,1.305e-44
crc_800,129,CERTIFIED,CERTIFIED,yes,5.345e-07,1.872e-44
crc_800,130,CERTIFIED,CERTIFIED,yes,3.305e-07,2.896e-44
crc_800,133,CERTIFIED,CERTIFIED,yes,7.097e-09,3.737e-44
crc_800,134,NOT_RIGID,-,no,,
crc_800,135,CERTIFIED,CERTIFIED,yes,4.368e-09,3.624e-44
crc_800,136,NOT_RIGID,-,no,,
crc_800,137,NOT_RIGID,-,no,,
crc_800,139,NOT_RIGID,-,no,,
crc_800,140,NOT_RIGID,-,no,,
crc_800,141,NOT_RIGID,-,no,,
crc_800,142,NOT_RIGID,-,no,,
crc_800,143,NOT_RIGID,-,no,,
crc_800,145,CERTIFIED,CERTIFIED,yes,3.166e-08,1.819e-44
crc_800,146,CERTIFIED,CERTIFIED,yes,2.972e-10,1.846e-44
crc_800,147,NOT_RIGID,-,no,,
crc_800,148,NOT_RIGID,-,no,,
crc_800,149,NOT_RIGID,-,no,,
crc_800,152,CERTIFIED,CERTIFIED,yes,2.324e-07,1.796e-44
crc_800,153,CERTIFIED,CERTIFIED,yes,2.358e-07,3.598e-44
crc_800,154,NOT_RIGID,-,no,,
crc_800,157,NOT_RIGID,-,no,,
crc_800,158,NOT_RIGID,-,no,,
crc_800,159,NOT_RIGID,-,no,,
crc_800,160,NOT_RIGID,-,no,,
crc_800,161,NOT_RIGID,-,no,,
crc_800,162,CERTIFIED,CERTIFIED,yes,9.885e-11,3.473e-44
crc_800,163,NOT_RIGID,-,no,,
crc_800,164,NOT_RIGID,-,no,,
crc_800,165,NOT_RIGID,-,no,,
crc_800,166,NOT_RIGID,-,no,,
crc_800,167,NOT_RIGID,-,no,,
crc_800,168,CERTIFIED,CERTIFIED,yes,7.982e-07,4.141e-44
crc_800,171,CERTIFIED,CERTIFIED,yes,1.550e-08,3.023e-44
crc_800,172,NOT_RIGID,-,no,,
crc_800,173,CERTIFIED,CERTIFIED,yes,9.225e-11,2.515e-22
crc_800,174,NOT_RIGID,-,no,,
crc_800,175,NOT_RIGID,-,no,,
crc_800,177,CERTIFIED,CERTIFIED,yes,5.248e-08,1.550e-44
crc_800,178,CERTIFIED,CERTIFIED,yes,4.469e-08,2.600e-44
crc_800,179,CERTIFIED,CERTIFIED,yes,2.525e-08,3.818e-44
crc_800,180,CERTIFIED,CERTIFIED,yes,2.212e-09,1.775e-44
crc_800,181,CERTIFIED,CERTIFIED,yes,1.264e-07,3.789e-44
crc_800,183,NOT_RIGID,-,no,,
crc_800,184,NOT_RIGID,-,no,,
crc_800,185,NOT_RIGID,-,no,,
crc_800,186,CERTIFIED,CERTIFIED,yes,1.867e-10,3.741e-44
crc_800,188,CERTIFIED,CERTIFIED,yes,5.434e-10,1.664e-44
crc_800,190,NOT_RIGID,-,no,,
crc_800,191,CERTIFIED,CERTIFIED,yes,4.702e-10,4.317e-44
crc_800,192,NOT_RIGID,-,no,,
crc_800,193,NOT_RIGID,-,no,,
crc_800,194,NOT_RIGID,-,no,,
crc_800,195,CERTIFIED,CERTIFIED,yes,4.403e-10,1.677e-44
crc_800,196,NOT_RIGID,-,no,,
crc_800,197,CERTIFIED,CERTIFIED,yes,1.215e-09,2.420e-44
crc_800,198,NOT_RIGID,-,no,,
crc_800,199,NOT_RIGID,-,no,,
crc_800,200,NOT_RIGID,-,no,,
crc_800,201,NOT_RIGID,-,no,,
crc_800,202,NOT_RIGID,-,no,,
crc_800,204,CERTIFIED,CERTIFIED,yes,1.574e-09,1.827e-44
crc_800,205,CERTIFIED,CERTIFIED,yes,1.606e-08,2.583e-44
crc_800,206,CERTIFIED,CERTIFIED,yes,3.106e-07,2.321e-44
crc_800,207,CERTIFIED,CERTIFIED,yes,2.287e-07,2.467e-44
crc_800,209,CERTIFIED,CERTIFIED,yes,7.666e-08,4.237e-44
crc_800,211,NOT_RIGID,-,no,,
crc_800,212,NOT_RIGID,-,no,,
crc_800,213,NOT_RIGID,-,no,,
crc_800,214,NOT_RIGID,-,no,,
crc_800,217,NOT_RIGID,-,no,,
crc_800,218,NOT_RIGID,-,no,,
crc_800,219,CERTIFIED,CERTIFIED,yes,3.997e-08,3.605e-44
crc_800,220,CERTIFIED,CERTIFIED,yes,1.623e-08,1.833e-44
crc_800,221,CERTIFIED,CERTIFIED,yes,3.016e-08,3.087e-44
crc_800,224,NOT_RIGID,-,no,,
crc_800,225,CERTIFIED,CERTIFIED,yes,1.794e-07,3.895e-44
crc_800,226,NOT_RIGID,-,no,,
crc_800,227,CERTIFIED,CERTIFIED,yes,6.523e-09,3.298e-44
crc_800,228,NOT_RIGID,-,no,,
crc_800,229,NOT_RIGID,-,no,,
crc_800,230,NOT_RIGID,-,no,,
crc_800,231,NOT_RIGID,-,no,,
crc_800,234,CERTIFIED,CERTIFIED,yes,1.890e-10,3.553e-44
crc_800,235,CERTIFIED,CERTIFIED,yes,1.677e-10,3.042e-44
crc_800,236,CERTIFIED,CERTIFIED,yes,3.244e-09,3.021e-44
crc_800,237,CERTIFIED,CERTIFIED,yes,1.160e-07,1.912e-44
crc_800,238,NOT_RIGID,-,no,,
crc_800,239,CERTIFIED,CERTIFIED,yes,1.928e-08,2.032e-44
crc_800,241,NOT_RIGID,-,no,,
crc_800,242,NOT_RIGID,-,no,,
crc_800,243,NOT_RIGID,-,no,,
crc_800,244,CERTIFIED,CERTIFIED,yes,1.105e-10,2.095e-44
crc_800,245,NOT_RIGID,-,no,,
crc_800,247,NOT_RIGID,-,no,,
crc_800,249,NOT_RIGID,-,no,,
crc_800,250,CERTIFIED,CERTIFIED,yes,5.380e-11,4.814e-44
crc_800,251,CERTIFIED,CERTIFIED,yes,2.231e-09,2.629e-44
crc_800,253,CERTIFIED,CERTIFIED,yes,2.891e-09,2.857e-44
crc_800,254,CERTIFIED,CERTIFIED,yes,2.471e-10,2.680e-44
crc_800,255,NOT_RIGID,-,no,,
crc_800,256,NOT_RIGID,-,no,,
crc_800,257,NOT_RIGID,-,no,,
crc_800,258,CERTIFIED,CERTIFIED,yes,1.684e-14,4.558e-44
crc_800,259,CERTIFIED,CERTIFIED,yes,1.938e-09,2.746e-44
crc_800,261,NOT_RIGID,-,no,,
crc_800,262,NOT_RIGID,-,no,,
crc_800,265,CERTIFIED,CERTIFIED,yes,3.781e-08,4.985e-44
crc_800,266,CERTIFIED,CERTIFIED,yes,1.408e-08,3.496e-44
crc_800,267,CERTIFIED,CERTIFIED,yes,2.718e-08,3.195e-44
crc_800,269,NOT_RIGID,-,no,,
crc_800,270,CERTIFIED,CERTIFIED,yes,2.179e-08,4.355e-44
crc_800,271,CERTIFIED,CERTIFIED,yes,7.527e-11,3.701e-44
crc_800,273,NOT_RIGID,-,no,,
crc_800,274,NOT_RIGID,-,no,,
crc_800,275,NOT_RIGID,-,no,,
crc_800,276,NOT_RIGID,-,no,,
crc_800,277,CERTIFIED,CERTIFIED,yes,2.777e-09,3.125e-44
crc_800,278,NOT_RIGID,-,no,,
crc_800,279,NOT_RIGID,-,no,,
crc_800,280,CERTIFIED,CERTIFIED,yes,1.296e-06,3.178e-44
crc_800,281,NOT_RIGID,-,no,,
crc_800,282,NOT_RIGID,-,no,,
crc_800,283,CERTIFIED,CERTIFIED,yes,4.145e-08,4.509e-44
crc_800,285,CERTIFIED,CERTIFIED,yes,2.225e-09,1.700e-44
crc_800,286,NOT_RIGID,-,no,,
crc_800,287,NOT_RIGID,-,no,,
crc_800,288,NOT_RIGID,-,no,,
crc_800,289,NOT_RIGID,-,no,,
crc_800,290,NOT_RIGID,-,no,,
crc_800,291,NOT_RIGID,-,no,,
crc_800,292,NOT_RIGID,-,no,,
crc_800,293,CERTIFIED,CERTIFIED,yes,8.002e-11,4.605e-44
crc_800,295,NOT_RIGID,-,no,,
crc_800,296,NOT_RIGID,-,no,,
crc_800,299,CERTIFIED,CERTIFIED,yes,2.290e-08,4.623e-44
crc_800,300,CERTIFIED,CERTIFIED,yes,8.028e-09,3.977e-44
crc_800,301,CERTIFIED,CERTIFIED,yes,2.284e-08,4.511e-44
crc_800,302,CERTIFIED,CERTIFIED,yes,1.979e-10,4.159e-44
crc_800,303,CERTIFIED,CERTIFIED,yes,2.538e-09,2.477e-44
crc_800,304,CERTIFIED,CERTIFIED,yes,1.041e-10,4.575e-44
crc_800,305,NOT_RIGID,-,no,,
crc_800,307,NOT_RIGID,-,no,,
crc_800,308,CERTIFIED,CERTIFIED,yes,1.204e-13,5.063e-44
crc_800,309,CERTIFIED,CERTIFIED,yes,4.293e-12,2.758e-44
crc_800,310,CERTIFIED,CERTIFIED,yes,4.369e-10,4.266e-44
crc_800,311,NOT_RIGID,-,no,,
crc_800,312,NOT_RIGID,-,no,,
crc_800,313,NOT_RIGID,-,no,,
crc_800,314,NOT_RIGID,-,no,,
crc_800,316,NOT_RIGID,-,no,,
crc_800,317,NOT_RIGID,-,no,,
crc_800,318,NOT_RIGID,-,no,,
crc_800,319,CERTIFIED,CERTIFIED,yes,5.138e-07,4.188e-44
crc_800,320,CERTIFIED,CERTIFIED,yes,3.263e-09,3.088e-44
crc_800,321,CERTIFIED,CERTIFIED,yes,3.640e-09,5.138e-44
crc_800,322,CERTIFIED,CERTIFIED,yes,2.264e-09,2.763e-44
crc_800,323,CERTIFIED,CERTIFIED,yes,1.293e-09,2.997e-44
crc_800,324,CERTIFIED,CERTIFIED,yes,4.640e-08,3.326e-44
crc_800,325,CERTIFIED,CERTIFIED,yes,5.198e-08,4.739e-44
crc_800,327,NOT_RIGID,-,no,,
crc_800,328,NOT_RIGID,-,no,,
crc_800,330,CERTIFIED,CERTIFIED,yes,2.305e-08,2.725e-44
crc_800,331,CERTIFIED,CERTIFIED,yes,8.341e-11,1.518e-44
crc_800,332,NOT_RIGID,-,no,,
crc_800,333,CERTIFIED,CERTIFIED,yes,5.184e-08,2.487e-44
crc_800,334,NOT_RIGID,-,no,,
crc_800,335,CERTIFIED,CERTIFIED,yes,5.137e-09,2.327e-44
crc_800,336,CERTIFIED,CERTIFIED,yes,1.376e-08,3.257e-44
crc_800,337,CERTIFIED,CERTIFIED,yes,9.105e-09,5.950e-44
crc_800,339,NOT_RIGID,-,no,,
crc_800,340,NOT_RIGID,-,no,,
crc_800,341,NOT_RIGID,-,no,,
crc_800,343,NOT_RIGID,-,no,,
crc_800,344,CERTIFIED,CERTIFIED,yes,5.231e-12,2.894e-44
crc_800,345,CERTIFIED,CERTIFIED,yes,3.515e-09,4.576e-44
crc_800,346,NOT_RIGID,-,no,,
crc_800,347,NOT_RIGID,-,no,,
crc_800,348,NOT_RIGID,-,no,,
crc_800,349,NOT_RIGID,-,no,,
crc_800,350,NOT_RIGID,-,no,,
crc_800,351,NOT_RIGID,-,no,,
crc_800,352,CERTIFIED,CERTIFIED,yes,7.675e-12,2.074e-44
crc_800,353,NOT_RIGID,-,no,,
crc_800,354,NOT_RIGID,-,no,,
crc_800,355,NOT_RIGID,-,no,,
crc_800,356,NOT_RIGID,-,no,,
crc_800,358,CERTIFIED,CERTIFIED,yes,3.698e-09,5.946e-44
crc_800,359,CERTIFIED,CERTIFIED,yes,7.109e-09,5.472e-44
crc_800,360,NOT_RIGID,-,no,,
crc_800,361,CERTIFIED,CERTIFIED,yes,1.957e-09,4.017e-44
crc_800,363,NOT_RIGID,-,no,,
crc_800,364,CERTIFIED,CERTIFIED,yes,2.606e-08,5.675e-44
crc_800,365,CERTIFIED,CERTIFIED,yes,2.165e-10,3.365e-44
crc_800,366,CERTIFIED,CERTIFIED,yes,1.472e-08,3.038e-44
crc_800,367,CERTIFIED,CERTIFIED,yes,3.669e-09,3.569e-44
crc_800,368,CERTIFIED,CERTIFIED,yes,1.795e-09,2.910e-44
crc_800,369,NOT_RIGID,-,no,,
crc_800,371,CERTIFIED,CERTIFIED,yes,5.114e-08,3.468e-44
crc_800,372,NOT_RIGID,-,no,,
crc_800,373,CERTIFIED,CERTIFIED,yes,5.606e-13,5.282e-44
crc_800,374,CERTIFIED,CERTIFIED,yes,4.586e-14,3.142e-36
crc_800,375,CERTIFIED,CERTIFIED,yes,6.553e-08,2.573e-44
crc_800,376,NOT_RIGID,-,no,,
crc_800,377,NOT_RIGID,-,no,,
crc_800,378,NOT_RIGID,-,no,,
crc_800,381,NOT_RIGID,-,no,,
crc_800,382,NOT_RIGID,-,no,,
crc_800,383,NOT_RIGID,-,no,,
crc_800,385,NOT_RIGID,-,no,,
crc_800,386,NOT_RIGID,-,no,,
crc_800,387,NOT_RIGID,-,no,,
crc_800,388,NOT_RIGID,-,no,,
crc_800,389,CERTIFIED,CERTIFIED,yes,4.057e-12,4.583e-44
crc_800,392,NOT_RIGID,-,no,,
crc_800,393,NOT_RIGID,-,no,,
crc_800,394,NOT_RIGID,-,no,,
crc_800,395,NOT_RIGID,-,no,,
crc_800,396,NOT_RIGID,-,no,,
crc_800,397,NOT_RIGID,-,no,,
crc_800,398,NOT_RIGID,-,no,,
crc_800,399,NOT_RIGID,-,no,,
crc_800,400,NOT_RIGID,-,no,,
crc_800,401,NOT_RIGID,-,no,,
crc_800,402,CERTIFIED,CERTIFIED,yes,2.009e-10,5.827e-44
crc_800,403,NOT_RIGID,-,no,,
crc_800,404,NOT_RIGID,-,no,,
crc_800,405,NOT_RIGID,-,no,,
crc_800,406,NOT_RIGID,-,no,,
crc_800,407,NOT_RIGID,-,no,,
crc_800,408,NOT_RIGID,-,no,,
crc_800,409,CERTIFIED,CERTIFIED,yes,2.613e-07,5.667e-44
crc_800,410,CERTIFIED,CERTIFIED,yes,1.931e-09,4.647e-44
crc_800,411,NOT_RIGID,-,no,,
crc_800,412,NOT_RIGID,-,no,,
crc_800,413,CERTIFIED,CERTIFIED,yes,2.256e-07,3.915e-44
crc_800,414,NOT_RIGID,-,no,,
crc_800,415,CERTIFIED,CERTIFIED,yes,8.788e-10,2.910e-44
crc_800,416,NOT_RIGID,-,no,,
crc_800,417,NOT_RIGID,-,no,,
crc_800,418,NOT_RIGID,-,no,,
crt,54,CERTIFIED,CERTIFIED,yes,8.765e-08,1.187e-44
crt,64,CERTIFIED,CERTIFIED,yes,4.308e-09,1.973e-44
crt,67,CERTIFIED,CERTIFIED,yes,2.464e-07,1.624e-44
crt,68,CERTIFIED,CERTIFIED,yes,5.417e-07,2.434e-44
crt,73,CERTIFIED,CERTIFIED,yes,2.709e-11,2.967e-44
crt,77,CERTIFIED,CERTIFIED,yes,7.859e-08,2.024e-44
crt,79,CERTIFIED,CERTIFIED,yes,2.072e-07,1.147e-44
crt,84,CERTIFIED,CERTIFIED,yes,6.328e-08,2.192e-44
crt,88,CERTIFIED,CERTIFIED,yes,1.609e-07,1.600e-44
crt,93,CERTIFIED,CERTIFIED,yes,1.560e-07,3.256e-44
crt,96,CERTIFIED,CERTIFIED,yes,5.947e-09,1.823e-44
crt,97,CERTIFIED,CERTIFIED,yes,6.677e-08,1.563e-44
crt,98,CERTIFIED,CERTIFIED,yes,6.719e-08,3.108e-44
crt,99,CERTIFIED,CERTIFIED,yes,4.842e-07,2.330e-44
crt,101,CERTIFIED,CERTIFIED,yes,1.260e-07,3.146e-44
crt,104,CERTIFIED,CERTIFIED,yes,7.904e-08,2.463e-44
crt,105,CERTIFIED,CERTIFIED,yes,2.290e-07,1.325e-44
crt,106,CERTIFIED,CERTIFIED,yes,2.502e-09,3.533e-44
crt,108,CERTIFIED,CERTIFIED,yes,2.207e-08,2.484e-44
crt,109,CERTIFIED,CERTIFIED,yes,1.502e-07,2.663e-44
crt,110,CERTIFIED,CERTIFIED,yes,4.604e-11,1.573e-44
crt,111,CERTIFIED,CERTIFIED,yes,9.643e-08,2.796e-44
crt,113,CERTIFIED,CERTIFIED,yes,4.058e-09,2.805e-44
crt,114,CERTIFIED,CERTIFIED,yes,1.253e-09,2.009e-44
crt,116,CERTIFIED,CERTIFIED,yes,7.520e-09,2.254e-44
crt,119,CERTIFIED,CERTIFIED,yes,3.406e-09,2.743e-44
crt,120,CERTIFIED,CERTIFIED,yes,8.451e-09,2.895e-44
crt,121,CERTIFIED,CERTIFIED,yes,2.412e-11,2.865e-44
crt,124,CERTIFIED,CERTIFIED,yes,2.464e-09,4.288e-44
crt,125,CERTIFIED,CERTIFIED,yes,5.336e-10,2.366e-44
crt,126,CERTIFIED,CERTIFIED,yes,8.652e-09,1.339e-44
crt,128,CERTIFIED,CERTIFIED,yes,3.706e-10,2.264e-44
crt,129,CERTIFIED,CERTIFIED,yes,7.603e-10,1.374e-44
crt,130,NOT_RIGID,-,no,,
crt,132,CERTIFIED,CERTIFIED,yes,5.500e-08,2.128e-44
crt,133,CERTIFIED,CERTIFIED,yes,2.230e-08,1.587e-44
crt,135,CERTIFIED,CERTIFIED,yes,2.755e-07,2.025e-44
crt,138,NOT_RIGID,-,no,,
crt,139,NOT_RIGID,-,no,,
crt,140,CERTIFIED,CERTIFIED,yes,3.494e-09,1.670e-44
crt,141,CERTIFIED,CERTIFIED,yes,2.977e-08,3.078e-44
crt,143,CERTIFIED,CERTIFIED,yes,6.527e-09,3.344e-44
crt,144,CERTIFIED,CERTIFIED,yes,1.610e-08,4.148e-44
crt,146,CERTIFIED,CERTIFIED,yes,1.071e-07,3.930e-44
crt,147,NOT_RIGID,-,no,,
crt,148,CERTIFIED,CERTIFIED,yes,8.219e-09,1.911e-44
crt,149,CERTIFIED,CERTIFIED,yes,4.628e-08,3.775e-44
crt,150,CERTIFIED,CERTIFIED,yes,3.894e-08,2.043e-44
crt,199,CERTIFIED,CERTIFIED,yes,2.109e-09,5.606e-44
crt,201,CERTIFIED,CERTIFIED,yes,1.645e-09,4.057e-44
crt,202,CERTIFIED,CERTIFIED,yes,1.750e-08,2.275e-44
crt,203,CERTIFIED,CERTIFIED,yes,5.039e-08,3.413e-44
crt,204,CERTIFIED,CERTIFIED,yes,4.878e-08,3.841e-44
crt,205,CERTIFIED,CERTIFIED,yes,8.656e-11,2.611e-44
crt,206,NOT_RIGID,-,no,,
crt,207,CERTIFIED,CERTIFIED,yes,9.730e-10,2.456e-44
crt,208,CERTIFIED,CERTIFIED,yes,2.093e-09,5.535e-44
crt,209,CERTIFIED,CERTIFIED,yes,2.037e-08,2.547e-44
crt,210,CERTIFIED,CERTIFIED,yes,2.992e-08,2.175e-44
crt,211,CERTIFIED,CERTIFIED,yes,5.595e-08,4.376e-44
crt,212,CERTIFIED,CERTIFIED,yes,2.192e-08,2.410e-44
crt,213,CERTIFIED,CERTIFIED,yes,3.989e-10,4.086e-44
crt,216,CERTIFIED,CERTIFIED,yes,1.651e-08,4.196e-44
crt,217,CERTIFIED,CERTIFIED,yes,3.129e-09,4.833e-44
crt,218,CERTIFIED,CERTIFIED,yes,2.774e-08,3.443e-44
crt,219,CERTIFIED,CERTIFIED,yes,1.636e-09,4.434e-44
crt,221,CERTIFIED,CERTIFIED,yes,2.501e-09,4.593e-44
crt,222,CERTIFIED,CERTIFIED,yes,2.344e-08,3.335e-44
crt,223,CERTIFIED,CERTIFIED,yes,2.513e-10,5.215e-44
crt,224,CERTIFIED,CERTIFIED,yes,1.770e-11,5.397e-44
crt,225,CERTIFIED,CERTIFIED,yes,2.957e-09,4.015e-44
crt,227,CERTIFIED,CERTIFIED,yes,3.654e-08,4.539e-44
crt,228,CERTIFIED,CERTIFIED,yes,2.449e-10,3.229e-44
crt,229,CERTIFIED,CERTIFIED,yes,1.007e-10,4.905e-44
crt,230,CERTIFIED,CERTIFIED,yes,1.913e-10,3.639e-44
crt,231,CERTIFIED,CERTIFIED,yes,3.892e-10,4.361e-44
crt,232,CERTIFIED,CERTIFIED,yes,1.320e-09,3.348e-44
crt,233,CERTIFIED,CERTIFIED,yes,9.427e-09,4.917e-44
crt,234,CERTIFIED,CERTIFIED,yes,6.025e-08,1.860e-44
crt,235,CERTIFIED,CERTIFIED,yes,1.714e-09,4.133e-44
crt,236,CERTIFIED,CERTIFIED,yes,9.797e-09,5.110e-44
crt,237,CERTIFIED,CERTIFIED,yes,1.532e-08,5.607e-44
crt,238,CERTIFIED,CERTIFIED,yes,1.340e-09,4.231e-44
crt,239,CERTIFIED,CERTIFIED,yes,3.532e-08,3.634e-44
crt,240,CERTIFIED,CERTIFIED,yes,1.690e-08,2.994e-44
crt,241,CERTIFIED,CERTIFIED,yes,1.229e-10,4.728e-44
crt,242,CERTIFIED,CERTIFIED,yes,4.249e-08,4.914e-44
crt,243,CERTIFIED,CERTIFIED,yes,9.021e-09,6.268e-44
crt,244,CERTIFIED,CERTIFIED,yes,1.709e-08,5.666e-44
crt,245,CERTIFIED,CERTIFIED,yes,4.495e-09,1.666e-44
crt,246,CERTIFIED,CERTIFIED,yes,6.540e-12,6.599e-44
crt,247,CERTIFIED,CERTIFIED,yes,1.284e-08,2.993e-44
crt,248,CERTIFIED,CERTIFIED,yes,4.584e-08,5.415e-44
crt,249,CERTIFIED,CERTIFIED,yes,4.409e-08,3.240e-44
crt,250,CERTIFIED,CERTIFIED,yes,1.079e-08,4.406e-44
crt,251,CERTIFIED,CERTIFIED,yes,9.617e-10,4.562e-44
crt,252,CERTIFIED,CERTIFIED,yes,1.970e-13,2.361e-44
crt,253,CERTIFIED,CERTIFIED,yes,3.067e-08,4.649e-44
crt,254,CERTIFIED,CERTIFIED,yes,1.202e-08,6.683e-44
crt,255,CERTIFIED,CERTIFIED,yes,2.691e-09,2.709e-44
crt,256,CERTIFIED,CERTIFIED,yes,9.487e-09,5.617e-44
crt,257,CERTIFIED,CERTIFIED,yes,5.870e-09,5.863e-44
crt,258,CERTIFIED,CERTIFIED,yes,2.450e-09,5.787e-44
crt,259,CERTIFIED,CERTIFIED,yes,2.570e-09,5.537e-44
crt,260,CERTIFIED,CERTIFIED,yes,8.943e-11,4.798e-44
crt,261,CERTIFIED,CERTIFIED,yes,1.435e-10,2.729e-44
crt,262,NOT_RIGID,-,no,,
crt,263,CERTIFIED,CERTIFIED,yes,3.926e-10,2.230e-44
crt,264,CERTIFIED,CERTIFIED,yes,3.609e-10,2.406e-44
crt,265,CERTIFIED,CERTIFIED,yes,1.025e-09,6.555e-44
crt,266,CERTIFIED,CERTIFIED,yes,8.064e-10,6.307e-44
crt,267,CERTIFIED,CERTIFIED,yes,2.924e-10,4.806e-44
crt,268,CERTIFIED,CERTIFIED,yes,2.730e-08,3.479e-44
crt,269,CERTIFIED,CERTIFIED,yes,1.180e-08,5.439e-44
crt,270,CERTIFIED,CERTIFIED,yes,3.083e-08,2.601e-44
crt,271,CERTIFIED,CERTIFIED,yes,2.026e-10,2.895e-44
crt,272,CERTIFIED,CERTIFIED,yes,6.575e-10,3.493e-44
crt,273,CERTIFIED,CERTIFIED,yes,1.733e-08,4.014e-44
crt,274,CERTIFIED,CERTIFIED,yes,3.215e-10,1.634e-44
crt,275,CERTIFIED,CERTIFIED,yes,9.304e-11,4.427e-44
crt,276,CERTIFIED,CERTIFIED,yes,6.183e-10,5.868e-44
crt,277,CERTIFIED,CERTIFIED,yes,1.166e-08,5.611e-44
crt,278,CERTIFIED,CERTIFIED,yes,6.309e-10,5.884e-44
crt,279,CERTIFIED,CERTIFIED,yes,7.679e-09,2.671e-44
crt,280,CERTIFIED,CERTIFIED,yes,1.010e-09,2.588e-44
crt,281,CERTIFIED,CERTIFIED,yes,2.168e-10,3.324e-44
crt,282,CERTIFIED,CERTIFIED,yes,4.039e-09,4.555e-44
crt,283,CERTIFIED,CERTIFIED,yes,2.854e-09,6.430e-44
crt,284,CERTIFIED,CERTIFIED,yes,6.122e-09,4.444e-44
crt,285,CERTIFIED,CERTIFIED,yes,4.607e-08,4.262e-44
crt,286,CERTIFIED,CERTIFIED,yes,1.165e-08,4.495e-44
crt,287,CERTIFIED,CERTIFIED,yes,5.936e-09,3.369e-44
crt,288,NOT_RIGID,-,no,,
crt,289,CERTIFIED,CERTIFIED,yes,4.230e-09,4.266e-44
crt,290,CERTIFIED,CERTIFIED,yes,1.166e-09,3.655e-44
crt,291,CERTIFIED,CERTIFIED,yes,1.569e-08,6.639e-44
crt,293,CERTIFIED,CERTIFIED,yes,1.089e-09,6.078e-44
crt,294,CERTIFIED,CERTIFIED,yes,2.357e-10,4.808e-44
crt,295,CERTIFIED,CERTIFIED,yes,2.104e-08,3.564e-44
crt,296,CERTIFIED,CERTIFIED,yes,6.024e-09,2.471e-44
crt,297,CERTIFIED,CERTIFIED,yes,9.632e-09,6.432e-44
crt,298,CERTIFIED,CERTIFIED,yes,7.348e-09,5.593e-44
crt,299,CERTIFIED,CERTIFIED,yes,2.637e-09,4.545e-44
csc,41,CERTIFIED,CERTIFIED,yes,7.737e-05,1.205e-44
csc,52,CERTIFIED,CERTIFIED,yes,9.316e-08,1.500e-44
csc,66,CERTIFIED,CERTIFIED,yes,7.413e-08,1.184e-44
csc,72,CERTIFIED,CERTIFIED,yes,3.881e-07,1.795e-44
csc,73,CERTIFIED,CERTIFIED,yes,1.051e-06,1.317e-44
csc,74,CERTIFIED,CERTIFIED,yes,1.241e-06,1.292e-44
csc,76,CERTIFIED,CERTIFIED,yes,2.019e-08,1.140e-44
csc,88,CERTIFIED,CERTIFIED,yes,9.902e-07,7.298e-45
csc,95,NOT_RIGID,-,no,,
csc,98,CERTIFIED,CERTIFIED,yes,2.289e-07,1.698e-44
csc,100,CERTIFIED,CERTIFIED,yes,4.309e-08,1.196e-44
csc,107,CERTIFIED,CERTIFIED,yes,9.688e-07,1.880e-44
csc,108,CERTIFIED,CERTIFIED,yes,4.692e-08,8.456e-45
csc,112,CERTIFIED,CERTIFIED,yes,9.142e-08,1.763e-44
csc,113,CERTIFIED,CERTIFIED,yes,3.084e-09,2.265e-44
csc,115,CERTIFIED,CERTIFIED,yes,1.921e-07,1.688e-44
csc,116,CERTIFIED,CERTIFIED,yes,7.706e-08,1.048e-44
csc,117,CERTIFIED,CERTIFIED,yes,3.832e-07,2.254e-44
csc,120,CERTIFIED,CERTIFIED,yes,5.641e-09,2.060e-44
csc,121,CERTIFIED,CERTIFIED,yes,2.117e-07,2.209e-44
csc,123,CERTIFIED,CERTIFIED,yes,7.787e-08,1.933e-44
csc,125,NOT_RIGID,-,no,,
csc,128,NOT_RIGID,-,no,,
csc,129,CERTIFIED,CERTIFIED,yes,3.152e-09,1.529e-44
csc,132,CERTIFIED,CERTIFIED,yes,7.106e-08,1.785e-44
csc,133,CERTIFIED,CERTIFIED,yes,2.393e-09,9.510e-45
csc,134,CERTIFIED,CERTIFIED,yes,3.038e-08,1.752e-44
csc,135,CERTIFIED,CERTIFIED,yes,4.029e-08,1.855e-44
csc,137,NOT_RIGID,-,no,,
csc,139,CERTIFIED,CERTIFIED,yes,1.793e-08,1.527e-44
csc,141,CERTIFIED,CERTIFIED,yes,4.025e-08,1.694e-44
csc,142,NOT_RIGID,-,no,,
csc,143,CERTIFIED,CERTIFIED,yes,4.358e-08,2.356e-44
csc,144,CERTIFIED,CERTIFIED,yes,9.604e-08,2.757e-44
csc,147,CERTIFIED,CERTIFIED,yes,1.503e-08,2.035e-44
csc,148,CERTIFIED,CERTIFIED,yes,1.572e-09,1.330e-44
csc,149,CERTIFIED,CERTIFIED,yes,1.523e-09,2.573e-44
csc,201,CERTIFIED,CERTIFIED,yes,1.598e-08,2.320e-44
csc,203,CERTIFIED,CERTIFIED,yes,8.212e-11,2.359e-44
csc,204,CERTIFIED,CERTIFIED,yes,1.885e-08,2.314e-44
csc,206,CERTIFIED,CERTIFIED,yes,8.576e-11,3.024e-44
csc,207,CERTIFIED,CERTIFIED,yes,4.404e-09,1.788e-44
csc,208,CERTIFIED,CERTIFIED,yes,7.167e-09,1.768e-44
csc,209,CERTIFIED,CERTIFIED,yes,9.895e-09,1.708e-44
csc,210,CERTIFIED,CERTIFIED,yes,2.261e-08,3.079e-44
csc,211,CERTIFIED,CERTIFIED,yes,1.783e-10,2.018e-44
csc,213,NOT_RIGID,-,no,,
csc,214,CERTIFIED,CERTIFIED,yes,1.873e-08,2.663e-44
csc,215,CERTIFIED,CERTIFIED,yes,4.781e-09,2.790e-44
csc,216,CERTIFIED,CERTIFIED,yes,9.512e-09,1.409e-44
csc,217,CERTIFIED,CERTIFIED,yes,9.454e-09,1.850e-44
csc,218,CERTIFIED,CERTIFIED,yes,4.478e-09,1.492e-44
csc,219,NOT_RIGID,-,no,,
csc,220,CERTIFIED,CERTIFIED,yes,4.812e-12,2.044e-44
csc,221,CERTIFIED,CERTIFIED,yes,7.836e-12,1.669e-44
csc,222,NOT_RIGID,-,no,,
csc,223,CERTIFIED,CERTIFIED,yes,1.781e-10,1.215e-44
csc,224,CERTIFIED,CERTIFIED,yes,6.458e-09,1.743e-44
csc,225,CERTIFIED,CERTIFIED,yes,8.913e-09,3.163e-44
csc,226,CERTIFIED,CERTIFIED,yes,8.630e-09,1.818e-44
csc,227,CERTIFIED,CERTIFIED,yes,5.258e-09,3.374e-44
csc,228,CERTIFIED,CERTIFIED,yes,5.236e-13,1.532e-44
csc,229,CERTIFIED,CERTIFIED,yes,7.338e-12,3.445e-44
csc,230,CERTIFIED,CERTIFIED,yes,1.039e-10,2.229e-44
csc,231,CERTIFIED,CERTIFIED,yes,3.394e-11,2.231e-44
csc,232,CERTIFIED,CERTIFIED,yes,5.577e-09,1.712e-44
csc,233,NOT_RIGID,-,no,,
csc,234,CERTIFIED,CERTIFIED,yes,1.153e-09,2.072e-44
csc,235,CERTIFIED,CERTIFIED,yes,1.920e-08,3.149e-44
csc,236,NOT_RIGID,-,no,,
csc,237,CERTIFIED,CERTIFIED,yes,5.209e-08,1.483e-44
csc,238,CERTIFIED,CERTIFIED,yes,5.190e-09,1.604e-44
csc,239,CERTIFIED,CERTIFIED,yes,1.013e-08,1.437e-44
csc,240,CERTIFIED,CERTIFIED,yes,4.922e-10,3.818e-44
csc,241,CERTIFIED,CERTIFIED,yes,7.198e-11,3.165e-44
csc,242,CERTIFIED,CERTIFIED,yes,7.189e-09,3.783e-44
csc,243,CERTIFIED,CERTIFIED,yes,8.437e-09,2.917e-44
csc,245,NOT_RIGID,-,no,,
csc,246,CERTIFIED,CERTIFIED,yes,6.270e-12,3.217e-44
csc,248,CERTIFIED,CERTIFIED,yes,1.651e-10,2.339e-44
csc,249,CERTIFIED,CERTIFIED,yes,4.386e-09,2.902e-44
csc,250,NOT_RIGID,-,no,,
csq,385,CERTIFIED,CERTIFIED,yes,1.242e-09,4.441e-44
csq,401,NOT_RIGID,-,no,,
csq,404,CERTIFIED,CERTIFIED,yes,5.099e-13,3.368e-44
csq,405,NOT_RIGID,-,no,,
csq,411,CERTIFIED,CERTIFIED,yes,5.979e-09,5.547e-44
csq,416,NOT_RIGID,-,no,,
csq,417,NOT_RIGID,-,no,,
csq,420,NOT_RIGID,-,no,,
csq,421,CERTIFIED,CERTIFIED,yes,6.918e-09,2.115e-44
csq,423,NOT_RIGID,-,no,,
csq,426,NOT_RIGID,-,no,,
csq,428,NOT_RIGID,-,no,,
csq,429,NOT_RIGID,-,no,,
csq,432,NOT_RIGID,-,no,,
csq,433,CERTIFIED,CERTIFIED,yes,3.798e-08,2.940e-44
csq,434,NOT_RIGID,-,no,,
csq,437,CERTIFIED,CERTIFIED,yes,2.942e-09,2.410e-44
csq,438,CERTIFIED,CERTIFIED,yes,1.236e-08,3.388e-44
csq,439,NOT_RIGID,-,no,,
csq,442,CERTIFIED,CERTIFIED,yes,7.004e-12,4.907e-44
csq,446,NOT_RIGID,-,no,,
csq,447,NOT_RIGID,-,no,,
csq,450,NOT_RIGID,-,no,,
csq,451,CERTIFIED,CERTIFIED,yes,8.255e-10,4.422e-44
csq,452,NOT_RIGID,-,no,,
csq,454,NOT_RIGID,-,no,,
csq,455,CERTIFIED,CERTIFIED,yes,1.043e-11,5.916e-44
csq,457,NOT_RIGID,-,no,,
csq,465,NOT_RIGID,-,no,,
csq,466,NOT_RIGID,-,no,,
csq,467,NOT_RIGID,-,no,,
csq,470,NOT_RIGID,-,no,,
csq,471,NOT_RIGID,-,no,,
csq,475,NOT_RIGID,-,no,,
csq,479,NOT_RIGID,-,no,,
csq,483,CERTIFIED,CERTIFIED,yes,8.280e-10,5.044e-44
csq,488,NOT_RIGID,-,no,,
csq,494,NOT_RIGID,-,no,,
csq,495,NOT_RIGID,-,no,,
csq,496,NOT_RIGID,-,no,,
csq,498,NOT_RIGID,-,no,,
csq,499,NOT_RIGID,-,no,,
csq,501,CERTIFIED,CERTIFIED,yes,5.848e-10,2.462e-44
csq,503,NOT_RIGID,-,no,,
csq,504,CERTIFIED,CERTIFIED,yes,1.532e-07,5.606e-44
csq,505,NOT_RIGID,-,no,,
csq,507,NOT_RIGID,-,no,,
csq,508,NOT_RIGID,-,no,,
csq,509,NOT_RIGID,-,no,,
csq,510,NOT_RIGID,-,no,,
csq,511,NOT_RIGID,-,no,,
csq,512,NOT_RIGID,-,no,,
csq,514,CERTIFIED,CERTIFIED,yes,1.435e-08,6.081e-44
csq,517,NOT_RIGID,-,no,,
csq,518,NOT_RIGID,-,no,,
csq,520,LP_FAIL,-,no,,
csq,521,NOT_RIGID,-,no,,
csq,524,NOT_RIGID,-,no,,
csq,526,CERTIFIED,CERTIFIED,yes,1.638e-09,2.273e-44
csq,527,CERTIFIED,CERTIFIED,yes,9.899e-10,5.807e-44
csq,529,CERTIFIED,CERTIFIED,yes,5.468e-11,4.250e-44
csq,530,NOT_RIGID,-,no,,
csq,532,NOT_RIGID,-,no,,
csq,533,NOT_RIGID,-,no,,
csq,534,NOT_RIGID,-,no,,
csq,535,NOT_RIGID,-,no,,
csq,536,NOT_RIGID,-,no,,
csq,537,NOT_RIGID,-,no,,
csq,538,NOT_RIGID,-,no,,
csq,539,CERTIFIED,CERTIFIED,yes,1.827e-11,7.101e-44
csq,540,NOT_RIGID,-,no,,
csq,541,NOT_RIGID,-,no,,
csq,542,NOT_RIGID,-,no,,
csq,543,NOT_RIGID,-,no,,
csq,544,CERTIFIED,CERTIFIED,yes,1.669e-08,5.183e-44
csq,547,NOT_RIGID,-,no,,
csq,548,NOT_RIGID,-,no,,
csq,550,NOT_RIGID,-,no,,
csq,551,NOT_RIGID,-,no,,
csq,553,NOT_RIGID,-,no,,
csq,554,CERTIFIED,CERTIFIED,yes,2.561e-09,2.703e-44
csq,555,CERTIFIED,CERTIFIED,yes,2.453e-10,6.046e-44
csq,556,NOT_RIGID,-,no,,
csq,557,NOT_RIGID,-,no,,
csq,559,CERTIFIED,CERTIFIED,yes,3.900e-12,4.118e-44
csq,560,NOT_RIGID,-,no,,
csq,563,NOT_RIGID,-,no,,
csq,564,CERTIFIED,CERTIFIED,yes,9.497e-11,5.153e-44
csq,565,NOT_RIGID,-,no,,
csq,568,LP_FAIL,-,no,,
csq,569,NOT_RIGID,-,no,,
csq,570,NOT_RIGID,-,no,,
csq,571,NOT_RIGID,-,no,,
csq,573,NOT_RIGID,-,no,,
csq,575,CERTIFIED,CERTIFIED,yes,1.196e-09,2.509e-44
csq,576,NOT_RIGID,-,no,,
csq,577,NOT_RIGID,-,no,,
csq,579,NOT_RIGID,-,no,,
csq,580,NOT_RIGID,-,no,,
csq,581,NOT_RIGID,-,no,,
csq,583,NOT_RIGID,-,no,,
csq,584,NOT_RIGID,-,no,,
csq,589,CERTIFIED,CERTIFIED,yes,5.849e-10,4.708e-44
csq,590,CERTIFIED,CERTIFIED,yes,1.940e-10,6.200e-44
csq,591,CERTIFIED,CERTIFIED,yes,3.151e-09,4.454e-44
csq,592,CERTIFIED,CERTIFIED,yes,1.664e-09,6.240e-44
csq,593,NOT_RIGID,-,no,,
csq,594,CERTIFIED,CERTIFIED,yes,1.278e-10,5.224e-44
csq,596,CERTIFIED,CERTIFIED,yes,4.959e-08,5.513e-44
csq,599,NOT_RIGID,-,no,,
csq,600,CERTIFIED,CERTIFIED,yes,1.456e-10,5.939e-44
csq,603,CERTIFIED,CERTIFIED,yes,7.606e-10,3.073e-44
csq,604,NOT_RIGID,-,no,,
csq,605,NOT_RIGID,-,no,,
csq,606,NOT_RIGID,-,no,,
csq,609,CERTIFIED,CERTIFIED,yes,3.157e-12,2.981e-44
csq,610,CERTIFIED,CERTIFIED,yes,2.613e-10,4.608e-44
csq,612,CERTIFIED,CERTIFIED,yes,4.065e-10,3.542e-44
csq,614,NOT_RIGID,-,no,,
csq,615,CERTIFIED,CERTIFIED,yes,9.254e-12,6.351e-44
csq,616,NOT_RIGID,-,no,,
csq,617,CERTIFIED,CERTIFIED,yes,6.343e-11,5.611e-44
csq,619,NOT_RIGID,-,no,,
csq,622,CERTIFIED,CERTIFIED,yes,3.312e-11,2.722e-44
csq,623,NOT_RIGID,-,no,,
csq,624,CERTIFIED,CERTIFIED,yes,8.651e-11,4.519e-44
csq,625,CERTIFIED,CERTIFIED,yes,2.236e-08,6.763e-44
csq,626,NOT_RIGID,-,no,,
csq,628,NOT_RIGID,-,no,,
csq,630,LP_FAIL,-,no,,
csq,631,NOT_RIGID,-,no,,
csq,634,NOT_RIGID,-,no,,
csq,635,NOT_RIGID,-,no,,
csq,636,NOT_RIGID,-,no,,
csq,637,CERTIFIED,CERTIFIED,yes,2.682e-09,2.918e-44
csq,639,CERTIFIED,CERTIFIED,yes,4.426e-10,6.257e-44
csq,640,CERTIFIED,CERTIFIED,yes,1.539e-10,4.388e-44
csq,641,CERTIFIED,CERTIFIED,yes,1.092e-09,4.561e-44
csq,642,NOT_RIGID,-,no,,
csq,643,NOT_RIGID,-,no,,
csq,644,NOT_RIGID,-,no,,
csq,645,NOT_RIGID,-,no,,
csq,646,CERTIFIED,CERTIFIED,yes,2.378e-09,2.897e-44
csq,647,CERTIFIED,CERTIFIED,yes,4.219e-10,6.305e-44
csq,648,CERTIFIED,CERTIFIED,yes,4.325e-10,5.842e-44
csq,649,NOT_RIGID,-,no,,
csq,650,CERTIFIED,CERTIFIED,yes,3.508e-10,3.349e-44
csq,651,NOT_RIGID,-,no,,
csq,652,NOT_RIGID,-,no,,
csq,653,NOT_RIGID,-,no,,
csq,654,NOT_RIGID,-,no,,
csq,655,NOT_RIGID,-,no,,
csq,656,NOT_RIGID,-,no,,
csq,658,NOT_RIGID,-,no,,
csq,659,NOT_RIGID,-,no,,
csq,660,CERTIFIED,CERTIFIED,yes,1.206e-10,4.461e-44
csq,661,CERTIFIED,CERTIFIED,yes,1.080e-10,2.821e-44
csq,662,CERTIFIED,CERTIFIED,yes,2.428e-11,6.161e-44
csq,663,NOT_RIGID,-,no,,
csq,664,CERTIFIED,CERTIFIED,yes,6.813e-12,3.389e-44
csq,665,NOT_RIGID,-,no,,
csq,666,NOT_RIGID,-,no,,
csq,667,NOT_RIGID,-,no,,
csq,673,NOT_RIGID,-,no,,
csq,674,NOT_RIGID,-,no,,
csq,675,NOT_RIGID,-,no,,
csq,676,NOT_RIGID,-,no,,
csq,677,CERTIFIED,CERTIFIED,yes,9.782e-10,3.171e-44
csq,678,CERTIFIED,CERTIFIED,yes,9.782e-10,3.171e-44
csq,679,CERTIFIED,CERTIFIED,yes,1.264e-11,3.898e-44
csq,680,NOT_RIGID,-,no,,
csq,681,NOT_RIGID,-,no,,
csq,682,LP_FAIL,-,no,,
csq,684,NOT_RIGID,-,no,,
csq,685,NOT_RIGID,-,no,,
csq,686,NOT_RIGID,-,no,,
csq,687,NOT_RIGID,-,no,,
csq,688,NOT_RIGID,-,no,,
csq,689,CERTIFIED,CERTIFIED,yes,1.931e-11,2.684e-44
csq,690,NOT_RIGID,-,no,,
csq,691,NOT_RIGID,-,no,,
csq,692,CERTIFIED,CERTIFIED,yes,4.974e-10,4.146e-44
csq,693,NOT_RIGID,-,no,,
csq,694,NOT_RIGID,-,no,,
csq,695,NOT_RIGID,-,no,,
csq,699,CERTIFIED,CERTIFIED,yes,2.184e-09,2.983e-44
csq,700,NOT_RIGID,-,no,,
csq,701,CERTIFIED,CERTIFIED,yes,6.456e-10,3.561e-44
csq,702,NOT_RIGID,-,no,,
csq,703,NOT_RIGID,-,no,,
csq,704,NOT_RIGID,-,no,,
csq,705,NOT_RIGID,-,no,,
csq,706,NOT_RIGID,-,no,,
csq,707,CERTIFIED,CERTIFIED,yes,3.253e-11,6.673e-44
csq,708,NOT_RIGID,-,no,,
csq,710,LP_FAIL,-,no,,
csq,712,CERTIFIED,CERTIFIED,yes,5.667e-12,5.767e-44
csq,713,NOT_RIGID,-,no,,
csq,714,NOT_RIGID,-,no,,
csq,715,CERTIFIED,CERTIFIED,yes,4.310e-09,3.422e-44
csq,716,CERTIFIED,CERTIFIED,yes,3.524e-10,7.820e-44
csq,718,CERTIFIED,CERTIFIED,yes,3.764e-09,4.836e-44
csq,719,CERTIFIED,CERTIFIED,yes,3.638e-09,6.222e-44
csq,721,NOT_RIGID,-,no,,
csq,722,NOT_RIGID,-,no,,
csq,723,LP_FAIL,-,no,,
csq,724,NOT_RIGID,-,no,,
csq,726,NOT_RIGID,-,no,,
csq,727,CERTIFIED,CERTIFIED,yes,1.612e-10,6.527e-44
csq,728,NOT_RIGID,-,no,,
csq,729,CERTIFIED,CERTIFIED,yes,4.366e-10,5.671e-44
csq,730,NOT_RIGID,-,no,,
csq,731,NOT_RIGID,-,no,,
csq,732,CERTIFIED,CERTIFIED,yes,1.463e-09,3.538e-44
csq,733,CERTIFIED,CERTIFIED,yes,1.735e-09,5.620e-44
csq,734,CERTIFIED,CERTIFIED,yes,2.082e-09,3.359e-44
csq,735,CERTIFIED,CERTIFIED,yes,1.286e-10,6.591e-44
csq,736,NOT_RIGID,-,no,,
csq,737,NOT_RIGID,-,no,,
csq,738,NOT_RIGID,-,no,,
csq,739,NOT_RIGID,-,no,,
csq,740,NOT_RIGID,-,no,,
csq,741,NOT_RIGID,-,no,,
csq,742,CERTIFIED,CERTIFIED,yes,2.388e-09,5.086e-44
csq,743,CERTIFIED,CERTIFIED,yes,6.493e-11,4.290e-44
csq,744,CERTIFIED,CERTIFIED,yes,9.685e-10,3.002e-44
csq,745,NOT_RIGID,-,no,,
csq,746,NOT_RIGID,-,no,,
csq,747,NOT_RIGID,-,no,,
csq,748,NOT_RIGID,-,no,,
csq,749,NOT_RIGID,-,no,,
csq,750,CERTIFIED,CERTIFIED,yes,9.050e-13,2.726e-44
csq,752,NOT_RIGID,-,no,,
csq,753,CERTIFIED,CERTIFIED,yes,1.100e-09,6.312e-44
csq,754,CERTIFIED,CERTIFIED,yes,6.167e-11,4.463e-44
csq,755,CERTIFIED,CERTIFIED,yes,6.858e-10,5.534e-44
csq,756,NOT_RIGID,-,no,,
csq,757,CERTIFIED,CERTIFIED,yes,1.041e-12,7.331e-44
csq,758,NOT_RIGID,-,no,,
csq,761,NOT_RIGID,-,no,,
csq,766,NOT_RIGID,-,no,,
csq,767,NOT_RIGID,-,no,,
csq,768,CERTIFIED,CERTIFIED,yes,2.569e-11,4.053e-44
csq,769,NOT_RIGID,-,no,,
csq,770,CERTIFIED,CERTIFIED,yes,4.999e-09,4.940e-44
csq,772,CERTIFIED,CERTIFIED,yes,1.779e-09,4.362e-44
csq,773,NOT_RIGID,-,no,,
csq,776,NOT_RIGID,-,no,,
csq,777,LP_FAIL,-,no,,
csq,781,NOT_RIGID,-,no,,
csq,782,CERTIFIED,CERTIFIED,yes,6.862e-09,4.100e-44
csq,783,CERTIFIED,CERTIFIED,yes,5.486e-12,3.469e-44
csq,784,LP_FAIL,-,no,,
csq,785,NOT_RIGID,-,no,,
csq,791,NOT_RIGID,-,no,,
csq,792,NOT_RIGID,-,no,,
csq,793,CERTIFIED,CERTIFIED,yes,3.121e-11,5.857e-44
csq,795,NOT_RIGID,-,no,,
csq,796,NOT_RIGID,-,no,,
csq,798,NOT_RIGID,-,no,,
csq,799,NOT_RIGID,-,no,,
csq,800,NOT_RIGID,-,no,,
csq,801,NOT_RIGID,-,no,,
csq,802,NOT_RIGID,-,no,,
csq,803,NOT_RIGID,-,no,,
csq,804,NOT_RIGID,-,no,,
csq,805,NOT_RIGID,-,no,,
csq,807,CERTIFIED,CERTIFIED,yes,6.178e-10,7.768e-44
csq,808,CERTIFIED,CERTIFIED,yes,1.179e-11,8.133e-44
csq,809,CERTIFIED,CERTIFIED,yes,1.595e-12,4.284e-44
csq,810,NOT_RIGID,-,no,,
csq,811,NOT_RIGID,-,no,,
csq,812,NOT_RIGID,-,no,,
csq,813,CERTIFIED,CERTIFIED,yes,2.865e-11,3.602e-44
csq,814,CERTIFIED,CERTIFIED,yes,6.156e-11,6.139e-44
csq,815,CERTIFIED,CERTIFIED,yes,7.372e-10,6.969e-44
csq,816,NOT_RIGID,-,no,,
csq,817,NOT_RIGID,-,no,,
csq,818,NOT_RIGID,-,no,,
csq,819,NOT_RIGID,-,no,,
csq,820,NOT_RIGID,-,no,,
csq,823,CERTIFIED,CERTIFIED,yes,6.225e-12,5.337e-44
csq,824,NOT_RIGID,-,no,,
csq,825,CERTIFIED,CERTIFIED,yes,1.165e-11,7.000e-44
csq,826,NOT_RIGID,-,no,,
csq,827,CERTIFIED,CERTIFIED,yes,3.063e-09,3.815e-44
csq,828,CERTIFIED,CERTIFIED,yes,3.979e-09,7.160e-44
csq,829,CERTIFIED,CERTIFIED,yes,6.082e-10,3.310e-44
csq,830,CERTIFIED,CERTIFIED,yes,5.352e-10,3.084e-44
csq,831,CERTIFIED,CERTIFIED,yes,1.400e-10,4.964e-44
csq,832,NOT_RIGID,-,no,,
csq,833,CERTIFIED,CERTIFIED,yes,4.294e-10,4.229e-44
csq,834,NOT_RIGID,-,no,,
csq,835,NOT_RIGID,-,no,,
csq,836,NOT_RIGID,-,no,,
csq,840,NOT_RIGID,-,no,,
csq,842,NOT_RIGID,-,no,,
csq,844,NOT_RIGID,-,no,,
csq,845,CERTIFIED,CERTIFIED,yes,1.393e-09,4.821e-44
csq,846,NOT_RIGID,-,no,,
csq,847,NOT_RIGID,-,no,,
csq,848,LP_FAIL,-,no,,
csq,850,NOT_RIGID,-,no,,
csq,851,LP_FAIL,-,no,,
csq,852,CERTIFIED,CERTIFIED,yes,4.041e-13,5.506e-44
csq,854,NOT_RIGID,-,no,,
csq,855,NOT_RIGID,-,no,,
csq,856,NOT_RIGID,-,no,,
csq,857,NOT_RIGID,-,no,,
csq,858,NOT_RIGID,-,no,,
csq,859,NOT_RIGID,-,no,,
csq,860,NOT_RIGID,-,no,,
csq,861,NOT_RIGID,-,no,,
csq,862,NOT_RIGID,-,no,,
csq,869,CERTIFIED,CERTIFIED,yes,1.004e-12,4.398e-44
csq,870,CERTIFIED,CERTIFIED,yes,7.349e-14,7.950e-44
csq,871,CERTIFIED,CERTIFIED,yes,3.086e-11,3.658e-44
csq,872,NOT_RIGID,-,no,,
csq,873,NOT_RIGID,-,no,,
csq,874,NOT_RIGID,-,no,,
csq,875,NOT_RIGID,-,no,,
csq,876,NOT_RIGID,-,no,,
csq,877,NOT_RIGID,-,no,,
csq,882,NOT_RIGID,-,no,,
csq,883,CERTIFIED,CERTIFIED,yes,8.335e-10,5.845e-44
csq,884,CERTIFIED,CERTIFIED,yes,4.365e-10,3.418e-44
csq,885,CERTIFIED,CERTIFIED,yes,5.685e-10,3.642e-44
csq,886,CERTIFIED,CERTIFIED,yes,1.525e-09,6.197e-44
csq,887,CERTIFIED,CERTIFIED,yes,1.468e-09,5.665e-44
csq,888,NOT_RIGID,-,no,,
csq,889,NOT_RIGID,-,no,,
csq,890,NOT_RIGID,-,no,,
csq,891,NOT_RIGID,-,no,,
csq,892,NOT_RIGID,-,no,,
csq,893,NOT_RIGID,-,no,,
csq,894,NOT_RIGID,-,no,,
csq,895,NOT_RIGID,-,no,,
csq,902,NOT_RIGID,-,no,,
csq,906,NOT_RIGID,-,no,,
csq,907,NOT_RIGID,-,no,,
csq,908,NOT_RIGID,-,no,,
csq,909,NOT_RIGID,-,no,,
csq,912,NOT_RIGID,-,no,,
csq,919,NOT_STATIONARY,-,no,,
csq,920,NOT_STATIONARY,-,no,,
csq,928,NOT_RIGID,-,no,,
csq,929,NOT_RIGID,-,no,,
csq,930,NOT_RIGID,-,no,,
csq,931,CERTIFIED,CERTIFIED,yes,1.644e-10,8.679e-44
csq,935,NOT_STATIONARY,-,no,,
csq,936,NOT_STATIONARY,-,no,,
csq,943,NOT_RIGID,-,no,,
csq,944,NOT_RIGID,-,no,,
csq,945,NOT_RIGID,-,no,,
csq,946,NOT_RIGID,-,no,,
csq,947,NOT_RIGID,-,no,,
csq,953,NOT_RIGID,-,no,,
csq,954,NOT_RIGID,-,no,,
csq,955,LP_FAIL,-,no,,
csq,956,CERTIFIED,CERTIFIED,yes,2.493e-13,5.153e-44
csq,958,CERTIFIED,CERTIFIED,yes,3.031e-12,4.995e-44
csq,959,NOT_RIGID,-,no,,
csq,960,CERTIFIED,CERTIFIED,yes,1.458e-11,7.390e-44
csq,961,CERTIFIED,CERTIFIED,yes,5.177e-12,5.994e-44
csq,962,NOT_RIGID,-,no,,
csq,963,NOT_RIGID,-,no,,
csq,964,CERTIFIED,CERTIFIED,yes,1.064e-10,7.575e-44
csq,965,NOT_RIGID,-,no,,
csq,966,NOT_RIGID,-,no,,
csq,969,CERTIFIED,CERTIFIED,yes,1.807e-13,7.970e-44
csq,970,NOT_RIGID,-,no,,
csq,971,NOT_RIGID,-,no,,
csq,972,NOT_RIGID,-,no,,
csq,973,CERTIFIED,CERTIFIED,yes,6.808e-12,6.716e-44
csq,974,NOT_RIGID,-,no,,
csq,975,CERTIFIED,CERTIFIED,yes,1.588e-10,3.418e-44
csq,976,CERTIFIED,CERTIFIED,yes,9.744e-12,4.299e-44
csq,977,CERTIFIED,CERTIFIED,yes,5.578e-11,8.198e-44
csq,978,NOT_RIGID,-,no,,
csq,979,NOT_RIGID,-,no,,
csq,981,LP_FAIL,-,no,,
csq,982,NOT_RIGID,-,no,,
csq,983,NOT_RIGID,-,no,,
csq,984,NOT_RIGID,-,no,,
csq,990,NOT_STATIONARY,-,no,,
csq,991,NOT_RIGID,-,no,,
csq,992,NOT_STATIONARY,-,no,,
csq,998,NOT_STATIONARY,-,no,,
csq,999,NOT_RIGID,-,no,,
csq,1008,NOT_ATTEMPTED,-,no,,
csq,1015,NOT_ATTEMPTED,-,no,,
csq,1020,NOT_ATTEMPTED,-,no,,
csq,1026,NOT_ATTEMPTED,-,no,,
csq,1027,NOT_ATTEMPTED,-,no,,
csq,1034,NOT_ATTEMPTED,-,no,,
csq,1036,NOT_ATTEMPTED,-,no,,
csq,1037,NOT_ATTEMPTED,-,no,,
csq,1044,NOT_ATTEMPTED,-,no,,
csq,1049,NOT_ATTEMPTED,-,no,,
csq,1054,NOT_ATTEMPTED,-,no,,
csq,1055,NOT_ATTEMPTED,-,no,,
csq,1056,NOT_ATTEMPTED,-,no,,
csq,1071,NOT_ATTEMPTED,-,no,,
csq,1073,NOT_ATTEMPTED,-,no,,
csq,1080,NOT_ATTEMPTED,-,no,,
csq,1088,NOT_ATTEMPTED,-,no,,
csq,1092,NOT_ATTEMPTED,-,no,,
csq,1093,NOT_ATTEMPTED,-,no,,
csq,1102,NOT_ATTEMPTED,-,no,,
csq,1105,NOT_ATTEMPTED,-,no,,
csq,1110,NOT_ATTEMPTED,-,no,,
csq,1116,NOT_ATTEMPTED,-,no,,
csq,1121,NOT_ATTEMPTED,-,no,,
csq,1122,NOT_ATTEMPTED,-,no,,
csq,1129,NOT_ATTEMPTED,-,no,,
csq,1134,NOT_ATTEMPTED,-,no,,
csq,1140,NOT_ATTEMPTED,-,no,,
csq,1147,NOT_ATTEMPTED,-,no,,
csq,1151,NOT_ATTEMPTED,-,no,,
csq,1159,NOT_ATTEMPTED,-,no,,
csq,1160,NOT_ATTEMPTED,-,no,,
csq,1170,NOT_ATTEMPTED,-,no,,
csq,1188,NOT_ATTEMPTED,-,no,,
csq,1190,NOT_ATTEMPTED,-,no,,
csq,1191,NOT_ATTEMPTED,-,no,,
csq,1197,NOT_ATTEMPTED,-,no,,
csq,1206,NOT_ATTEMPTED,-,no,,
csq,1209,NOT_ATTEMPTED,-,no,,
csq,1220,NOT_ATTEMPTED,-,no,,
csq,1221,NOT_ATTEMPTED,-,no,,
csq,1224,NOT_ATTEMPTED,-,no,,
csq,1229,NOT_ATTEMPTED,-,no,,
csq,1230,NOT_ATTEMPTED,-,no,,
csq,1240,NOT_ATTEMPTED,-,no,,
csq,1242,NOT_ATTEMPTED,-,no,,
csq,1248,NOT_ATTEMPTED,-,no,,
csq,1254,NOT_ATTEMPTED,-,no,,
csq,1260,NOT_ATTEMPTED,-,no,,
csq,1261,NOT_ATTEMPTED,-,no,,
csq,1273,NOT_ATTEMPTED,-,no,,
csq,1280,NOT_ATTEMPTED,-,no,,
csq,1292,NOT_ATTEMPTED,-,no,,
csq,1293,NOT_ATTEMPTED,-,no,,
csq,1300,NOT_ATTEMPTED,-,no,,
csq,1301,NOT_ATTEMPTED,-,no,,
csq,1308,NOT_ATTEMPTED,-,no,,
csq,1311,NOT_ATTEMPTED,-,no,,
csq,1312,NOT_ATTEMPTED,-,no,,
csq,1320,NOT_ATTEMPTED,-,no,,
csq,1330,NOT_ATTEMPTED,-,no,,
csq,1333,NOT_ATTEMPTED,-,no,,
csq,1334,NOT_ATTEMPTED,-,no,,
csq,1340,NOT_ATTEMPTED,-,no,,
csq,1344,NOT_ATTEMPTED,-,no,,
csq,1349,NOT_ATTEMPTED,-,no,,
csq,1353,NOT_ATTEMPTED,-,no,,
csq,1365,NOT_ATTEMPTED,-,no,,
csq,1366,NOT_ATTEMPTED,-,no,,
csq,1368,NOT_ATTEMPTED,-,no,,
csq,1374,NOT_ATTEMPTED,-,no,,
csq,1375,NOT_ATTEMPTED,-,no,,
csq,1380,NOT_ATTEMPTED,-,no,,
csq,1386,NOT_ATTEMPTED,-,no,,
csq,1387,NOT_ATTEMPTED,-,no,,
csq,1394,NOT_ATTEMPTED,-,no,,
csq,1398,NOT_ATTEMPTED,-,no,,
csq,1400,NOT_ATTEMPTED,-,no,,
csq,1406,NOT_ATTEMPTED,-,no,,
csq,1407,NOT_ATTEMPTED,-,no,,
csq,1408,NOT_ATTEMPTED,-,no,,
csq,1415,NOT_ATTEMPTED,-,no,,
csq,1419,NOT_ATTEMPTED,-,no,,
csq,1420,NOT_ATTEMPTED,-,no,,
csq,1428,NOT_ATTEMPTED,-,no,,
csq,1440,NOT_ATTEMPTED,-,no,,
csq,1441,NOT_ATTEMPTED,-,no,,
csq,1442,NOT_ATTEMPTED,-,no,,
csq,1450,NOT_ATTEMPTED,-,no,,
csq,1460,NOT_ATTEMPTED,-,no,,
csq,1462,NOT_ATTEMPTED,-,no,,
csq,1470,NOT_ATTEMPTED,-,no,,
csq,1474,NOT_ATTEMPTED,-,no,,
csq,1475,NOT_ATTEMPTED,-,no,,
csq,1480,NOT_ATTEMPTED,-,no,,
csq,1484,NOT_ATTEMPTED,-,no,,
csq,1485,NOT_ATTEMPTED,-,no,,
csq,1496,NOT_ATTEMPTED,-,no,,
csq,1500,NOT_ATTEMPTED,-,no,,
csq,1505,NOT_ATTEMPTED,-,no,,
csq,1518,NOT_ATTEMPTED,-,no,,
csq,1519,NOT_ATTEMPTED,-,no,,
csq,1520,NOT_ATTEMPTED,-,no,,
csq,1528,NOT_ATTEMPTED,-,no,,
csq,1530,NOT_ATTEMPTED,-,no,,
csq,1533,NOT_ATTEMPTED,-,no,,
csq,1540,NOT_ATTEMPTED,-,no,,
csq,1548,NOT_ATTEMPTED,-,no,,
csq,1553,NOT_ATTEMPTED,-,no,,
csq,1554,NOT_ATTEMPTED,-,no,,
csq,1560,NOT_ATTEMPTED,-,no,,
csq,1562,NOT_ATTEMPTED,-,no,,
csq,1563,NOT_ATTEMPTED,-,no,,
csq,1571,NOT_ATTEMPTED,-,no,,
csq,1575,NOT_ATTEMPTED,-,no,,
csq,1584,NOT_ATTEMPTED,-,no,,
csq,1596,NOT_ATTEMPTED,-,no,,
csq,1598,NOT_ATTEMPTED,-,no,,
csq,1599,NOT_ATTEMPTED,-,no,,
csq,1606,NOT_ATTEMPTED,-,no,,
csq,1607,NOT_ATTEMPTED,-,no,,
csq,1610,NOT_ATTEMPTED,-,no,,
csq,1617,NOT_ATTEMPTED,-,no,,
csq,1620,NOT_ATTEMPTED,-,no,,
csq,1628,NOT_ATTEMPTED,-,no,,
csq,1633,NOT_ATTEMPTED,-,no,,
csq,1634,NOT_ATTEMPTED,-,no,,
csq,1638,NOT_ATTEMPTED,-,no,,
csq,1643,NOT_ATTEMPTED,-,no,,
csq,1644,NOT_ATTEMPTED,-,no,,
csq,1650,NOT_ATTEMPTED,-,no,,
csq,1651,NOT_ATTEMPTED,-,no,,
csq,1656,NOT_ATTEMPTED,-,no,,
csq,1659,NOT_ATTEMPTED,-,no,,
csq,1665,NOT_ATTEMPTED,-,no,,
csq,1669,NOT_ATTEMPTED,-,no,,
csq,1672,NOT_ATTEMPTED,-,no,,
csq,1679,NOT_ATTEMPTED,-,no,,
csq,1680,NOT_ATTEMPTED,-,no,,
csq,1688,NOT_ATTEMPTED,-,no,,
csq,1689,NOT_ATTEMPTED,-,no,,
csq,1692,NOT_ATTEMPTED,-,no,,
csq,1694,NOT_ATTEMPTED,-,no,,
csq,1701,NOT_ATTEMPTED,-,no,,
csq,1702,NOT_ATTEMPTED,-,no,,
csq,1710,NOT_ATTEMPTED,-,no,,
csq,1716,NOT_ATTEMPTED,-,no,,
csq,1717,NOT_ATTEMPTED,-,no,,
csq,1722,NOT_ATTEMPTED,-,no,,
csq,1725,NOT_ATTEMPTED,-,no,,
csq,1726,NOT_ATTEMPTED,-,no,,
csq,1734,NOT_ATTEMPTED,-,no,,
csq,1738,NOT_ATTEMPTED,-,no,,
csq,1739,NOT_ATTEMPTED,-,no,,
csq,1748,NOT_ATTEMPTED,-,no,,
csq,1752,NOT_ATTEMPTED,-,no,,
csq,1753,NOT_ATTEMPTED,-,no,,
csq,1760,NOT_ATTEMPTED,-,no,,
csq,1763,NOT_ATTEMPTED,-,no,,
csq,1764,NOT_ATTEMPTED,-,no,,
csq,1771,NOT_ATTEMPTED,-,no,,
csq,1772,NOT_ATTEMPTED,-,no,,
csq,1776,NOT_ATTEMPTED,-,no,,
csq,1782,NOT_ATTEMPTED,-,no,,
csq,1786,NOT_ATTEMPTED,-,no,,
csq,1794,NOT_ATTEMPTED,-,no,,
csq,1800,NOT_ATTEMPTED,-,no,,
csq,1801,NOT_ATTEMPTED,-,no,,
csq,1804,NOT_ATTEMPTED,-,no,,
csq,1810,NOT_ATTEMPTED,-,no,,
csq,1824,NOT_ATTEMPTED,-,no,,
csq,1826,NOT_ATTEMPTED,-,no,,
csq,1833,NOT_ATTEMPTED,-,no,,
csq,1838,NOT_ATTEMPTED,-,no,,
csq,1839,NOT_ATTEMPTED,-,no,,
csq,1840,NOT_ATTEMPTED,-,no,,
csq,1848,NOT_ATTEMPTED,-,no,,
csq,1849,NOT_ATTEMPTED,-,no,,
csq,1857,NOT_ATTEMPTED,-,no,,
csq,1858,NOT_ATTEMPTED,-,no,,
csq,1862,NOT_ATTEMPTED,-,no,,
csq,1863,NOT_ATTEMPTED,-,no,,
csq,1870,NOT_ATTEMPTED,-,no,,
csq,1872,NOT_ATTEMPTED,-,no,,
csq,1880,NOT_ATTEMPTED,-,no,,
csq,1886,NOT_ATTEMPTED,-,no,,
csq,1887,NOT_ATTEMPTED,-,no,,
csq,1888,NOT_ATTEMPTED,-,no,,
csq,1892,NOT_ATTEMPTED,-,no,,
csq,1896,NOT_ATTEMPTED,-,no,,
csq,1897,NOT_ATTEMPTED,-,no,,
csq,1900,NOT_ATTEMPTED,-,no,,
csq,1905,NOT_ATTEMPTED,-,no,,
csq,1909,NOT_ATTEMPTED,-,no,,
csq,1911,NOT_ATTEMPTED,-,no,,
csq,1920,NOT_ATTEMPTED,-,no,,
csq,1925,NOT_ATTEMPTED,-,no,,
csq,1926,NOT_ATTEMPTED,-,no,,
csq,1932,NOT_ATTEMPTED,-,no,,
csq,1936,NOT_ATTEMPTED,-,no,,
csq,1937,NOT_ATTEMPTED,-,no,,
csq,1944,NOT_ATTEMPTED,-,no,,
csq,1945,NOT_ATTEMPTED,-,no,,
csq,1950,NOT_ATTEMPTED,-,no,,
csq,1955,NOT_ATTEMPTED,-,no,,
csq,1960,NOT_ATTEMPTED,-,no,,
csq,1964,NOT_ATTEMPTED,-,no,,
csq,1975,NOT_ATTEMPTED,-,no,,
csq,1976,NOT_ATTEMPTED,-,no,,
csq,1978,NOT_ATTEMPTED,-,no,,
csq,1985,NOT_ATTEMPTED,-,no,,
csq,1986,NOT_ATTEMPTED,-,no,,
csq,1989,NOT_ATTEMPTED,-,no,,
csq,1992,NOT_ATTEMPTED,-,no,,
csq,2000,NOT_ATTEMPTED,-,no,,
csq,2001,NOT_ATTEMPTED,-,no,,
csq,2009,NOT_ATTEMPTED,-,no,,
csq,2015,NOT_ATTEMPTED,-,no,,
csq,2016,NOT_ATTEMPTED,-,no,,
csq,2024,NOT_ATTEMPTED,-,no,,
csq,2025,NOT_ATTEMPTED,-,no,,
csq,2026,NOT_ATTEMPTED,-,no,,
csq,2035,NOT_ATTEMPTED,-,no,,
csq,2040,NOT_ATTEMPTED,-,no,,
csq,2047,NOT_ATTEMPTED,-,no,,
csq,2050,NOT_ATTEMPTED,-,no,,
csq,2054,NOT_ATTEMPTED,-,no,,
csq,2064,NOT_ATTEMPTED,-,no,,
csq,2066,NOT_ATTEMPTED,-,no,,
csq,2067,NOT_ATTEMPTED,-,no,,
csq,2070,NOT_ATTEMPTED,-,no,,
csq,2075,NOT_ATTEMPTED,-,no,,
csq,2076,NOT_ATTEMPTED,-,no,,
csq,2080,NOT_ATTEMPTED,-,no,,
csq,2088,NOT_ATTEMPTED,-,no,,
csq,2091,NOT_ATTEMPTED,-,no,,
csq,2100,NOT_ATTEMPTED,-,no,,
csq,2106,NOT_ATTEMPTED,-,no,,
csq,2107,NOT_ATTEMPTED,-,no,,
csq,2112,NOT_ATTEMPTED,-,no,,
csq,2117,NOT_ATTEMPTED,-,no,,
csq,2118,NOT_ATTEMPTED,-,no,,
csq,2120,NOT_ATTEMPTED,-,no,,
csq,2126,NOT_ATTEMPTED,-,no,,
csq,2132,NOT_ATTEMPTED,-,no,,
csq,2136,NOT_ATTEMPTED,-,no,,
csq,2142,NOT_ATTEMPTED,-,no,,
csq,2147,NOT_ATTEMPTED,-,no,,
csq,2148,NOT_ATTEMPTED,-,no,,
csq,2158,NOT_ATTEMPTED,-,no,,
csq,2159,NOT_ATTEMPTED,-,no,,
csq,2160,NOT_ATTEMPTED,-,no,,
csq,2168,NOT_ATTEMPTED,-,no,,
csq,2169,NOT_ATTEMPTED,-,no,,
csq,2173,NOT_ATTEMPTED,-,no,,
csq,2175,NOT_ATTEMPTED,-,no,,
csq,2184,NOT_ATTEMPTED,-,no,,
csq,2200,NOT_ATTEMPTED,-,no,,
csq,2201,NOT_ATTEMPTED,-,no,,
csq,2208,NOT_ATTEMPTED,-,no,,
csq,2210,NOT_ATTEMPTED,-,no,,
csq,2211,NOT_ATTEMPTED,-,no,,
csq,2214,NOT_ATTEMPTED,-,no,,
csq,2220,NOT_ATTEMPTED,-,no,,
csq,2225,NOT_ATTEMPTED,-,no,,
csq,2226,NOT_ATTEMPTED,-,no,,
csq,2232,NOT_ATTEMPTED,-,no,,
csq,2236,NOT_ATTEMPTED,-,no,,
csq,2241,NOT_ATTEMPTED,-,no,,
csq,2242,NOT_ATTEMPTED,-,no,,
csq,2250,NOT_ATTEMPTED,-,no,,
csq,2253,NOT_ATTEMPTED,-,no,,
csq,2254,NOT_ATTEMPTED,-,no,,
csq,2256,NOT_ATTEMPTED,-,no,,
csq,2262,NOT_ATTEMPTED,-,no,,
csq,2263,NOT_ATTEMPTED,-,no,,
csq,2268,NOT_ATTEMPTED,-,no,,
csq,2275,NOT_ATTEMPTED,-,no,,
csq,2279,NOT_ATTEMPTED,-,no,,
csq,2283,NOT_ATTEMPTED,-,no,,
csq,2295,NOT_ATTEMPTED,-,no,,
csq,2296,NOT_ATTEMPTED,-,no,,
csq,2300,NOT_ATTEMPTED,-,no,,
csq,2306,NOT_ATTEMPTED,-,no,,
csq,2307,NOT_ATTEMPTED,-,no,,
csq,2310,NOT_ATTEMPTED,-,no,,
csq,2315,NOT_ATTEMPTED,-,no,,
csq,2322,NOT_ATTEMPTED,-,no,,
csq,2325,NOT_ATTEMPTED,-,no,,
csq,2332,NOT_ATTEMPTED,-,no,,
csq,2338,NOT_ATTEMPTED,-,no,,
csq,2339,NOT_ATTEMPTED,-,no,,
csq,2340,NOT_ATTEMPTED,-,no,,
csq,2349,NOT_ATTEMPTED,-,no,,
csq,2350,NOT_ATTEMPTED,-,no,,
csq,2359,NOT_ATTEMPTED,-,no,,
csq,2360,NOT_ATTEMPTED,-,no,,
csq,2365,NOT_ATTEMPTED,-,no,,
csq,2366,NOT_ATTEMPTED,-,no,,
csq,2375,NOT_ATTEMPTED,-,no,,
csq,2376,NOT_ATTEMPTED,-,no,,
csq,2380,NOT_ATTEMPTED,-,no,,
csq,2381,NOT_ATTEMPTED,-,no,,
csq,2385,NOT_ATTEMPTED,-,no,,
csq,2392,NOT_ATTEMPTED,-,no,,
csq,2393,NOT_ATTEMPTED,-,no,,
csq,2394,NOT_ATTEMPTED,-,no,,
csq,2400,NOT_ATTEMPTED,-,no,,
csq,2403,NOT_ATTEMPTED,-,no,,
csq,2404,NOT_ATTEMPTED,-,no,,
csq,2408,NOT_ATTEMPTED,-,no,,
csq,2413,NOT_ATTEMPTED,-,no,,
csq,2418,NOT_ATTEMPTED,-,no,,
csq,2420,NOT_ATTEMPTED,-,no,,
csq,2425,NOT_ATTEMPTED,-,no,,
csq,2430,NOT_ATTEMPTED,-,no,,
csq,2436,NOT_ATTEMPTED,-,no,,
csq,2437,NOT_ATTEMPTED,-,no,,
csq,2444,NOT_ATTEMPTED,-,no,,
csq,2448,NOT_ATTEMPTED,-,no,,
csq,2449,NOT_ATTEMPTED,-,no,,
csq,2450,NOT_ATTEMPTED,-,no,,
csq,2457,NOT_ATTEMPTED,-,no,,
csq,2458,NOT_ATTEMPTED,-,no,,
csq,2464,NOT_ATTEMPTED,-,no,,
csq,2470,NOT_ATTEMPTED,-,no,,
csq,2475,NOT_ATTEMPTED,-,no,,
csq,2480,NOT_ATTEMPTED,-,no,,
csq,2481,NOT_ATTEMPTED,-,no,,
csq,2484,NOT_ATTEMPTED,-,no,,
csq,2492,NOT_ATTEMPTED,-,no,,
csq,2493,NOT_ATTEMPTED,-,no,,
csq,2496,NOT_ATTEMPTED,-,no,,
csq,2503,NOT_ATTEMPTED,-,no,,
csq,2504,NOT_ATTEMPTED,-,no,,
csq,2520,NOT_ATTEMPTED,-,no,,
csq,2522,NOT_ATTEMPTED,-,no,,
csq,2530,NOT_ATTEMPTED,-,no,,
csq,2537,NOT_ATTEMPTED,-,no,,
csq,2538,NOT_ATTEMPTED,-,no,,
csq,2548,NOT_ATTEMPTED,-,no,,
csq,2549,NOT_ATTEMPTED,-,no,,
csq,2552,NOT_ATTEMPTED,-,no,,
csq,2558,NOT_ATTEMPTED,-,no,,
csq,2559,NOT_ATTEMPTED,-,no,,
csq,2565,NOT_ATTEMPTED,-,no,,
csq,2574,NOT_ATTEMPTED,-,no,,
csq,2576,NOT_ATTEMPTED,-,no,,
csq,2581,NOT_ATTEMPTED,-,no,,
csq,2582,NOT_ATTEMPTED,-,no,,
csq,2592,NOT_ATTEMPTED,-,no,,
csq,2594,NOT_ATTEMPTED,-,no,,
csq,2595,NOT_ATTEMPTED,-,no,,
csq,2600,NOT_ATTEMPTED,-,no,,
csq,2604,NOT_ATTEMPTED,-,no,,
csq,2605,NOT_ATTEMPTED,-,no,,
csq,2610,NOT_ATTEMPTED,-,no,,
csq,2619,NOT_ATTEMPTED,-,no,,
csq,2622,NOT_ATTEMPTED,-,no,,
csq,2626,NOT_ATTEMPTED,-,no,,
csq,2632,NOT_ATTEMPTED,-,no,,
csq,2639,NOT_ATTEMPTED,-,no,,
csq,2640,NOT_ATTEMPTED,-,no,,
csq,2646,NOT_ATTEMPTED,-,no,,
csq,2651,NOT_ATTEMPTED,-,no,,
csq,2652,NOT_ATTEMPTED,-,no,,
csq,2655,NOT_ATTEMPTED,-,no,,
csq,2660,NOT_ATTEMPTED,-,no,,
csq,2661,NOT_ATTEMPTED,-,no,,
csq,2668,NOT_ATTEMPTED,-,no,,
csq,2673,NOT_ATTEMPTED,-,no,,
csq,2679,NOT_ATTEMPTED,-,no,,
csq,2685,NOT_ATTEMPTED,-,no,,
csq,2686,NOT_ATTEMPTED,-,no,,
csq,2697,NOT_ATTEMPTED,-,no,,
csq,2698,NOT_ATTEMPTED,-,no,,
csq,2700,NOT_ATTEMPTED,-,no,,
csq,2708,NOT_ATTEMPTED,-,no,,
csq,2709,NOT_ATTEMPTED,-,no,,
csq,2714,NOT_ATTEMPTED,-,no,,
csq,2716,NOT_ATTEMPTED,-,no,,
csq,2726,NOT_ATTEMPTED,-,no,,
csq,2727,NOT_ATTEMPTED,-,no,,
csq,2730,NOT_ATTEMPTED,-,no,,
csq,2731,NOT_ATTEMPTED,-,no,,
csq,2736,NOT_ATTEMPTED,-,no,,
csq,2744,NOT_ATTEMPTED,-,no,,
csq,2745,NOT_ATTEMPTED,-,no,,
csq,2754,NOT_ATTEMPTED,-,no,,
csq,2755,NOT_ATTEMPTED,-,no,,
csq,2756,NOT_ATTEMPTED,-,no,,
csq,2760,NOT_ATTEMPTED,-,no,,
csq,2772,NOT_ATTEMPTED,-,no,,
csq,2784,NOT_ATTEMPTED,-,no,,
csq,2790,NOT_ATTEMPTED,-,no,,
csq,2791,NOT_ATTEMPTED,-,no,,
csq,2792,NOT_ATTEMPTED,-,no,,
csq,2800,NOT_ATTEMPTED,-,no,,
csq,2803,NOT_ATTEMPTED,-,no,,
csq,2804,NOT_ATTEMPTED,-,no,,
csq,2808,NOT_ATTEMPTED,-,no,,
csq,2813,NOT_ATTEMPTED,-,no,,
csq,2814,NOT_ATTEMPTED,-,no,,
csq,2820,NOT_ATTEMPTED,-,no,,
csq,2828,NOT_ATTEMPTED,-,no,,
csq,2832,NOT_ATTEMPTED,-,no,,
csq,2835,NOT_ATTEMPTED,-,no,,
csq,2837,NOT_ATTEMPTED,-,no,,
csq,2838,NOT_ATTEMPTED,-,no,,
csq,2842,NOT_ATTEMPTED,-,no,,
csq,2850,NOT_ATTEMPTED,-,no,,
csq,2851,NOT_ATTEMPTED,-,no,,
csq,2856,NOT_ATTEMPTED,-,no,,
csq,2862,NOT_ATTEMPTED,-,no,,
csq,2863,NOT_ATTEMPTED,-,no,,
csq,2867,NOT_ATTEMPTED,-,no,,
csq,2872,NOT_ATTEMPTED,-,no,,
csq,2880,NOT_ATTEMPTED,-,no,,
csq,2884,NOT_ATTEMPTED,-,no,,
csq,2891,NOT_ATTEMPTED,-,no,,
csq,2898,NOT_ATTEMPTED,-,no,,
csq,2899,NOT_ATTEMPTED,-,no,,
csq,2900,NOT_ATTEMPTED,-,no,,
csq,2910,NOT_ATTEMPTED,-,no,,
csq,2911,NOT_ATTEMPTED,-,no,,
csq,2912,NOT_ATTEMPTED,-,no,,
csq,2914,NOT_ATTEMPTED,-,no,,
csq,2921,NOT_ATTEMPTED,-,no,,
csq,2922,NOT_ATTEMPTED,-,no,,
csq,2928,NOT_ATTEMPTED,-,no,,
csq,2929,NOT_ATTEMPTED,-,no,,
csq,2940,NOT_ATTEMPTED,-,no,,
csq,2945,NOT_ATTEMPTED,-,no,,
csq,2946,NOT_ATTEMPTED,-,no,,
csq,2950,NOT_ATTEMPTED,-,no,,
csq,2958,NOT_ATTEMPTED,-,no,,
csq,2959,NOT_ATTEMPTED,-,no,,
csq,2960,NOT_ATTEMPTED,-,no,,
csq,2968,NOT_ATTEMPTED,-,no,,
csq,2970,NOT_ATTEMPTED,-,no,,
csq,2971,NOT_ATTEMPTED,-,no,,
csq,2976,NOT_ATTEMPTED,-,no,,
csq,2980,NOT_ATTEMPTED,-,no,,
csq,2981,NOT_ATTEMPTED,-,no,,
csq,2987,NOT_ATTEMPTED,-,no,,
csq,2989,NOT_ATTEMPTED,-,no,,
csq,2996,NOT_ATTEMPTED,-,no,,
csq,3007,NOT_ATTEMPTED,-,no,,
csq,3008,NOT_ATTEMPTED,-,no,,
csq,3016,NOT_ATTEMPTED,-,no,,
csq,3020,NOT_ATTEMPTED,-,no,,
csq,3021,NOT_ATTEMPTED,-,no,,
csq,3024,NOT_ATTEMPTED,-,no,,
csq,3030,NOT_ATTEMPTED,-,no,,
csq,3031,NOT_ATTEMPTED,-,no,,
csq,3038,NOT_ATTEMPTED,-,no,,
csq,3045,NOT_ATTEMPTED,-,no,,
csq,3050,NOT_ATTEMPTED,-,no,,
csq,3052,NOT_ATTEMPTED,-,no,,
csq,3056,NOT_ATTEMPTED,-,no,,
csq,3057,NOT_ATTEMPTED,-,no,,
csq,3060,NOT_ATTEMPTED,-,no,,
csq,3069,NOT_ATTEMPTED,-,no,,
csq,3070,NOT_ATTEMPTED,-,no,,
csq,3074,NOT_ATTEMPTED,-,no,,
csq,3080,NOT_ATTEMPTED,-,no,,
csq,3081,NOT_ATTEMPTED,-,no,,
csq,3082,NOT_ATTEMPTED,-,no,,
csq,3087,NOT_ATTEMPTED,-,no,,
csq,3091,NOT_ATTEMPTED,-,no,,
csq,3100,NOT_ATTEMPTED,-,no,,
csq,3103,NOT_ATTEMPTED,-,no,,
csq,3104,NOT_ATTEMPTED,-,no,,
csq,3105,NOT_ATTEMPTED,-,no,,
csq,3111,NOT_ATTEMPTED,-,no,,
csq,3119,NOT_ATTEMPTED,-,no,,
csq,3120,NOT_ATTEMPTED,-,no,,
csq,3131,NOT_ATTEMPTED,-,no,,
csq,3132,NOT_ATTEMPTED,-,no,,
csq,3136,NOT_ATTEMPTED,-,no,,
csq,3142,NOT_ATTEMPTED,-,no,,
csq,3143,NOT_ATTEMPTED,-,no,,
csq,3150,NOT_ATTEMPTED,-,no,,
csq,3161,NOT_ATTEMPTED,-,no,,
csq,3162,NOT_ATTEMPTED,-,no,,
csq,3168,NOT_ATTEMPTED,-,no,,
csq,3169,NOT_ATTEMPTED,-,no,,
csq,3172,NOT_ATTEMPTED,-,no,,
csq,3180,NOT_ATTEMPTED,-,no,,
csq,3182,NOT_ATTEMPTED,-,no,,
csq,3193,NOT_ATTEMPTED,-,no,,
csq,3204,NOT_ATTEMPTED,-,no,,
csq,3210,NOT_ATTEMPTED,-,no,,
csq,3213,NOT_ATTEMPTED,-,no,,
csq,3218,NOT_ATTEMPTED,-,no,,
csq,3219,NOT_ATTEMPTED,-,no,,
csq,3224,NOT_ATTEMPTED,-,no,,
csq,3232,NOT_ATTEMPTED,-,no,,
csq,3233,NOT_ATTEMPTED,-,no,,
csq,3240,NOT_ATTEMPTED,-,no,,
csq,3245,NOT_ATTEMPTED,-,no,,
csq,3246,NOT_ATTEMPTED,-,no,,
csq,3248,NOT_ATTEMPTED,-,no,,
csq,3250,NOT_ATTEMPTED,-,no,,
csq,3255,NOT_ATTEMPTED,-,no,,
csq,3256,NOT_ATTEMPTED,-,no,,
csq,3264,NOT_ATTEMPTED,-,no,,
csq,3270,NOT_ATTEMPTED,-,no,,
csq,3276,NOT_ATTEMPTED,-,no,,
csq,3277,NOT_ATTEMPTED,-,no,,
csq,3283,NOT_ATTEMPTED,-,no,,
csq,3284,NOT_ATTEMPTED,-,no,,
csq,3286,NOT_ATTEMPTED,-,no,,
csq,3296,NOT_ATTEMPTED,-,no,,
csq,3297,NOT_ATTEMPTED,-,no,,
csq,3300,NOT_ATTEMPTED,-,no,,
csq,3306,NOT_ATTEMPTED,-,no,,
csq,3308,NOT_ATTEMPTED,-,no,,
csq,3309,NOT_ATTEMPTED,-,no,,
csq,3328,NOT_ATTEMPTED,-,no,,
csq,3330,NOT_ATTEMPTED,-,no,,
csq,3333,NOT_ATTEMPTED,-,no,,
csq,3334,NOT_ATTEMPTED,-,no,,
csq,3339,NOT_ATTEMPTED,-,no,,
csq,3348,NOT_ATTEMPTED,-,no,,
csq,3349,NOT_ATTEMPTED,-,no,,
csq,3360,NOT_ATTEMPTED,-,no,,
csq,3361,NOT_ATTEMPTED,-,no,,
csq,3366,NOT_ATTEMPTED,-,no,,
csq,3371,NOT_ATTEMPTED,-,no,,
csq,3372,NOT_ATTEMPTED,-,no,,
csq,3379,NOT_ATTEMPTED,-,no,,
csq,3380,NOT_ATTEMPTED,-,no,,
csq,3390,NOT_ATTEMPTED,-,no,,
csq,3392,NOT_ATTEMPTED,-,no,,
csq,3399,NOT_ATTEMPTED,-,no,,
csq,3400,NOT_ATTEMPTED,-,no,,
csq,3410,NOT_ATTEMPTED,-,no,,
csq,3413,NOT_ATTEMPTED,-,no,,
csq,3414,NOT_ATTEMPTED,-,no,,
csq,3417,NOT_ATTEMPTED,-,no,,
csq,3420,NOT_ATTEMPTED,-,no,,
csq,3424,NOT_ATTEMPTED,-,no,,
csq,3425,NOT_ATTEMPTED,-,no,,
csq,3432,NOT_ATTEMPTED,-,no,,
csq,3441,NOT_ATTEMPTED,-,no,,
csq,3445,NOT_ATTEMPTED,-,no,,
csq,3450,NOT_ATTEMPTED,-,no,,
csq,3451,NOT_ATTEMPTED,-,no,,
csq,3452,NOT_ATTEMPTED,-,no,,
csq,3456,NOT_ATTEMPTED,-,no,,
csq,3465,NOT_ATTEMPTED,-,no,,
csq,3466,NOT_ATTEMPTED,-,no,,
csq,3472,NOT_ATTEMPTED,-,no,,
csq,3479,NOT_ATTEMPTED,-,no,,
csq,3480,NOT_ATTEMPTED,-,no,,
csq,3489,NOT_ATTEMPTED,-,no,,
csq,3498,NOT_ATTEMPTED,-,no,,
csq,3502,NOT_ATTEMPTED,-,no,,
csq,3503,NOT_ATTEMPTED,-,no,,
csq,3510,NOT_ATTEMPTED,-,no,,
csq,3518,NOT_ATTEMPTED,-,no,,
csq,3519,NOT_ATTEMPTED,-,no,,
csq,3531,NOT_ATTEMPTED,-,no,,
csq,3532,NOT_ATTEMPTED,-,no,,
csq,3534,NOT_ATTEMPTED,-,no,,
csq,3536,NOT_ATTEMPTED,-,no,,
csq,3540,NOT_ATTEMPTED,-,no,,
csq,3543,NOT_ATTEMPTED,-,no,,
csq,3544,NOT_ATTEMPTED,-,no,,
csq,3551,NOT_ATTEMPTED,-,no,,
csq,3552,NOT_ATTEMPTED,-,no,,
csq,3564,NOT_ATTEMPTED,-,no,,
csq,3565,NOT_ATTEMPTED,-,no,,
csq,3570,NOT_ATTEMPTED,-,no,,
csq,3571,NOT_ATTEMPTED,-,no,,
csq,3575,NOT_ATTEMPTED,-,no,,
csq,3584,NOT_ATTEMPTED,-,no,,
csq,3585,NOT_ATTEMPTED,-,no,,
csq,3586,NOT_ATTEMPTED,-,no,,
csq,3596,NOT_ATTEMPTED,-,no,,
csq,3597,NOT_ATTEMPTED,-,no,,
csq,3598,NOT_ATTEMPTED,-,no,,
csq,3604,NOT_ATTEMPTED,-,no,,
csq,3608,NOT_ATTEMPTED,-,no,,
csq,3609,NOT_ATTEMPTED,-,no,,
csq,3616,NOT_ATTEMPTED,-,no,,
csq,3618,NOT_ATTEMPTED,-,no,,
csq,3623,NOT_ATTEMPTED,-,no,,
csq,3624,NOT_ATTEMPTED,-,no,,
csq,3627,NOT_ATTEMPTED,-,no,,
csq,3630,NOT_ATTEMPTED,-,no,,
csq,3638,NOT_ATTEMPTED,-,no,,
csq,3639,NOT_ATTEMPTED,-,no,,
csq,3648,NOT_ATTEMPTED,-,no,,
csq,3652,NOT_ATTEMPTED,-,no,,
csq,3653,NOT_ATTEMPTED,-,no,,
csq,3657,NOT_ATTEMPTED,-,no,,
csq,3658,NOT_ATTEMPTED,-,no,,
csq,3663,NOT_ATTEMPTED,-,no,,
csq,3664,NOT_ATTEMPTED,-,no,,
csq,3672,NOT_ATTEMPTED,-,no,,
csq,3680,NOT_ATTEMPTED,-,no,,
csq,3685,NOT_ATTEMPTED,-,no,,
csq,3689,NOT_ATTEMPTED,-,no,,
csq,3692,NOT_ATTEMPTED,-,no,,
csq,3693,NOT_ATTEMPTED,-,no,,
csq,3696,NOT_ATTEMPTED,-,no,,
csq,3706,NOT_ATTEMPTED,-,no,,
csq,3707,NOT_ATTEMPTED,-,no,,
csq,3710,NOT_ATTEMPTED,-,no,,
csq,3712,NOT_ATTEMPTED,-,no,,
csq,3719,NOT_ATTEMPTED,-,no,,
csq,3720,NOT_ATTEMPTED,-,no,,
csq,3726,NOT_ATTEMPTED,-,no,,
csq,3729,NOT_ATTEMPTED,-,no,,
csq,3730,NOT_ATTEMPTED,-,no,,
csq,3740,NOT_ATTEMPTED,-,no,,
csq,3744,NOT_ATTEMPTED,-,no,,
csq,3745,NOT_ATTEMPTED,-,no,,
csq,3746,NOT_ATTEMPTED,-,no,,
csq,3751,NOT_ATTEMPTED,-,no,,
csq,3752,NOT_ATTEMPTED,-,no,,
csq,3761,NOT_ATTEMPTED,-,no,,
csq,3762,NOT_ATTEMPTED,-,no,,
csq,3774,NOT_ATTEMPTED,-,no,,
csq,3775,NOT_ATTEMPTED,-,no,,
csq,3776,NOT_ATTEMPTED,-,no,,
csq,3780,NOT_ATTEMPTED,-,no,,
csq,3782,NOT_ATTEMPTED,-,no,,
csq,3786,NOT_ATTEMPTED,-,no,,
csq,3787,NOT_ATTEMPTED,-,no,,
csq,3795,NOT_ATTEMPTED,-,no,,
csq,3808,NOT_ATTEMPTED,-,no,,
csq,3815,NOT_ATTEMPTED,-,no,,
csq,3816,NOT_ATTEMPTED,-,no,,
csq,3819,NOT_ATTEMPTED,-,no,,
csq,3828,NOT_ATTEMPTED,-,no,,
csq,3830,NOT_ATTEMPTED,-,no,,
csq,3831,NOT_ATTEMPTED,-,no,,
csq,3834,NOT_ATTEMPTED,-,no,,
csq,3840,NOT_ATTEMPTED,-,no,,
csq,3842,NOT_ATTEMPTED,-,no,,
csq,3843,NOT_ATTEMPTED,-,no,,
csq,3854,NOT_ATTEMPTED,-,no,,
csq,3861,NOT_ATTEMPTED,-,no,,
csq,3864,NOT_ATTEMPTED,-,no,,
csq,3870,NOT_ATTEMPTED,-,no,,
csq,3871,NOT_ATTEMPTED,-,no,,
csq,3872,NOT_ATTEMPTED,-,no,,
csq,3876,NOT_ATTEMPTED,-,no,,
csq,3885,NOT_ATTEMPTED,-,no,,
csq,3886,NOT_ATTEMPTED,-,no,,
csq,3894,NOT_ATTEMPTED,-,no,,
csq,3899,NOT_ATTEMPTED,-,no,,
csq,3900,NOT_ATTEMPTED,-,no,,
csq,3904,NOT_ATTEMPTED,-,no,,
csq,3905,NOT_ATTEMPTED,-,no,,
csq,3910,NOT_ATTEMPTED,-,no,,
csq,3911,NOT_ATTEMPTED,-,no,,
csq,3920,NOT_ATTEMPTED,-,no,,
csq,3924,NOT_ATTEMPTED,-,no,,
csq,3927,NOT_ATTEMPTED,-,no,,
csq,3933,NOT_ATTEMPTED,-,no,,
csq,3936,NOT_ATTEMPTED,-,no,,
csq,3941,NOT_ATTEMPTED,-,no,,
csq,3942,NOT_ATTEMPTED,-,no,,
csq,3944,NOT_ATTEMPTED,-,no,,
csq,3955,NOT_ATTEMPTED,-,no,,
csq,3956,NOT_ATTEMPTED,-,no,,
csq,3960,NOT_ATTEMPTED,-,no,,
csq,3968,NOT_ATTEMPTED,-,no,,
csq,3969,NOT_ATTEMPTED,-,no,,
csq,3976,NOT_ATTEMPTED,-,no,,
csq,3979,NOT_ATTEMPTED,-,no,,
csq,3990,NOT_ATTEMPTED,-,no,,
csq,3993,NOT_ATTEMPTED,-,no,,
csq,3996,NOT_ATTEMPTED,-,no,,
csq,3997,NOT_ATTEMPTED,-,no,,
csq,4000,NOT_ATTEMPTED,-,no,,
csq,4002,NOT_ATTEMPTED,-,no,,
csq,4012,NOT_ATTEMPTED,-,no,,
csq,4013,NOT_ATTEMPTED,-,no,,
csq,4025,NOT_ATTEMPTED,-,no,,
csq,4026,NOT_ATTEMPTED,-,no,,
csq,4032,NOT_ATTEMPTED,-,no,,
csq,4037,NOT_ATTEMPTED,-,no,,
csq,4038,NOT_ATTEMPTED,-,no,,
csq,4046,NOT_ATTEMPTED,-,no,,
csq,4047,NOT_ATTEMPTED,-,no,,
csq,4052,NOT_ATTEMPTED,-,no,,
csq,4053,NOT_ATTEMPTED,-,no,,
csq,4059,NOT_ATTEMPTED,-,no,,
csq,4060,NOT_ATTEMPTED,-,no,,
csq,4068,NOT_ATTEMPTED,-,no,,
csq,4069,NOT_ATTEMPTED,-,no,,
csq,4071,NOT_ATTEMPTED,-,no,,
csq,4080,NOT_ATTEMPTED,-,no,,
csq,4083,NOT_ATTEMPTED,-,no,,
csq,4084,NOT_ATTEMPTED,-,no,,
csq,4088,NOT_ATTEMPTED,-,no,,
csq,4092,NOT_ATTEMPTED,-,no,,
csq,4095,NOT_ATTEMPTED,-,no,,
csq,4096,NOT_ATTEMPTED,-,no,,
csq,4107,NOT_ATTEMPTED,-,no,,
csq,4114,NOT_ATTEMPTED,-,no,,
csq,4118,NOT_ATTEMPTED,-,no,,
csq,4125,NOT_ATTEMPTED,-,no,,
csq,4126,NOT_ATTEMPTED,-,no,,
csq,4130,NOT_ATTEMPTED,-,no,,
csq,4140,NOT_ATTEMPTED,-,no,,
csq,4141,NOT_ATTEMPTED,-,no,,
csq,4144,NOT_ATTEMPTED,-,no,,
csq,4148,NOT_ATTEMPTED,-,no,,
csq,4154,NOT_ATTEMPTED,-,no,,
csq,4155,NOT_ATTEMPTED,-,no,,
csq,4158,NOT_ATTEMPTED,-,no,,
csq,4161,NOT_ATTEMPTED,-,no,,
csq,4165,NOT_ATTEMPTED,-,no,,
csq,4166,NOT_ATTEMPTED,-,no,,
csq,4176,NOT_ATTEMPTED,-,no,,
csq,4181,NOT_ATTEMPTED,-,no,,
csq,4182,NOT_ATTEMPTED,-,no,,
csq,4189,NOT_ATTEMPTED,-,no,,
csq,4191,NOT_ATTEMPTED,-,no,,
csq,4198,NOT_ATTEMPTED,-,no,,
csq,4199,NOT_ATTEMPTED,-,no,,
csq,4200,NOT_ATTEMPTED,-,no,,
csq,4212,NOT_ATTEMPTED,-,no,,
csq,4213,NOT_ATTEMPTED,-,no,,
csq,4216,NOT_ATTEMPTED,-,no,,
csq,4218,NOT_ATTEMPTED,-,no,,
csq,4224,NOT_ATTEMPTED,-,no,,
csq,4225,NOT_ATTEMPTED,-,no,,
csq,4226,NOT_ATTEMPTED,-,no,,
csq,4234,NOT_ATTEMPTED,-,no,,
csq,4235,NOT_ATTEMPTED,-,no,,
csq,4248,NOT_ATTEMPTED,-,no,,
csq,4250,NOT_ATTEMPTED,-,no,,
csq,4255,NOT_ATTEMPTED,-,no,,
csq,4256,NOT_ATTEMPTED,-,no,,
csq,4257,NOT_ATTEMPTED,-,no,,
csq,4260,NOT_ATTEMPTED,-,no,,
csq,4270,NOT_ATTEMPTED,-,no,,
csq,4271,NOT_ATTEMPTED,-,no,,
csq,4272,NOT_ATTEMPTED,-,no,,
csq,4275,NOT_ATTEMPTED,-,no,,
csq,4284,NOT_ATTEMPTED,-,no,,
csq,4285,NOT_ATTEMPTED,-,no,,
csq,4292,NOT_ATTEMPTED,-,no,,
csq,4297,NOT_ATTEMPTED,-,no,,
csq,4305,NOT_ATTEMPTED,-,no,,
csq,4307,NOT_ATTEMPTED,-,no,,
csq,4313,NOT_ATTEMPTED,-,no,,
csq,4314,NOT_ATTEMPTED,-,no,,
csq,4318,NOT_ATTEMPTED,-,no,,
csq,4320,NOT_ATTEMPTED,-,no,,
csq,4329,NOT_ATTEMPTED,-,no,,
csq,4330,NOT_ATTEMPTED,-,no,,
csq,4340,NOT_ATTEMPTED,-,no,,
csq,4344,NOT_ATTEMPTED,-,no,,
csq,4345,NOT_ATTEMPTED,-,no,,
csq,4350,NOT_ATTEMPTED,-,no,,
csq,4352,NOT_ATTEMPTED,-,no,,
csq,4356,NOT_ATTEMPTED,-,no,,
csq,4357,NOT_ATTEMPTED,-,no,,
csq,4366,NOT_ATTEMPTED,-,no,,
csq,4370,NOT_ATTEMPTED,-,no,,
csq,4375,NOT_ATTEMPTED,-,no,,
csq,4380,NOT_ATTEMPTED,-,no,,
csq,4386,NOT_ATTEMPTED,-,no,,
csq,4388,NOT_ATTEMPTED,-,no,,
csq,4389,NOT_ATTEMPTED,-,no,,
csq,4392,NOT_ATTEMPTED,-,no,,
csq,4403,NOT_ATTEMPTED,-,no,,
csq,4404,NOT_ATTEMPTED,-,no,,
csq,4408,NOT_ATTEMPTED,-,no,,
csq,4410,NOT_ATTEMPTED,-,no,,
csq,4417,NOT_ATTEMPTED,-,no,,
csq,4418,NOT_ATTEMPTED,-,no,,
csq,4420,NOT_ATTEMPTED,-,no,,
csq,4425,NOT_ATTEMPTED,-,no,,
csq,4428,NOT_ATTEMPTED,-,no,,
csq,4429,NOT_ATTEMPTED,-,no,,
csq,4453,NOT_ATTEMPTED,-,no,,
csq,4454,NOT_ATTEMPTED,-,no,,
csq,4477,NOT_ATTEMPTED,-,no,,
csq,4478,NOT_ATTEMPTED,-,no,,
csq,4480,NOT_ATTEMPTED,-,no,,
csq,4484,NOT_ATTEMPTED,-,no,,
csq,4488,NOT_ATTEMPTED,-,no,,
csq,4490,NOT_ATTEMPTED,-,no,,
csq,4491,NOT_ATTEMPTED,-,no,,
csq,4500,NOT_ATTEMPTED,-,no,,
csq,4505,NOT_ATTEMPTED,-,no,,
csq,4514,NOT_ATTEMPTED,-,no,,
csq,4515,NOT_ATTEMPTED,-,no,,
csq,4522,NOT_ATTEMPTED,-,no,,
csq,4523,NOT_ATTEMPTED,-,no,,
csq,4526,NOT_ATTEMPTED,-,no,,
csq,4536,NOT_ATTEMPTED,-,no,,
csq,4538,NOT_ATTEMPTED,-,no,,
csq,4539,NOT_ATTEMPTED,-,no,,
csq,4543,NOT_ATTEMPTED,-,no,,
csq,4550,NOT_ATTEMPTED,-,no,,
csq,4551,NOT_ATTEMPTED,-,no,,
csq,4552,NOT_ATTEMPTED,-,no,,
csq,4560,NOT_ATTEMPTED,-,no,,
csq,4564,NOT_ATTEMPTED,-,no,,
csq,4572,NOT_ATTEMPTED,-,no,,
csq,4575,NOT_ATTEMPTED,-,no,,
csq,4582,NOT_ATTEMPTED,-,no,,
csq,4583,NOT_ATTEMPTED,-,no,,
csq,4585,NOT_ATTEMPTED,-,no,,
csq,4588,NOT_ATTEMPTED,-,no,,
csq,4598,NOT_ATTEMPTED,-,no,,
csq,4599,NOT_ATTEMPTED,-,no,,
csq,4602,NOT_ATTEMPTED,-,no,,
csq,4608,NOT_ATTEMPTED,-,no,,
csq,4613,NOT_ATTEMPTED,-,no,,
csq,4614,NOT_ATTEMPTED,-,no,,
csq,4620,NOT_ATTEMPTED,-,no,,
csq,4625,NOT_ATTEMPTED,-,no,,
csq,4626,NOT_ATTEMPTED,-,no,,
csq,4636,NOT_ATTEMPTED,-,no,,
csq,4641,NOT_ATTEMPTED,-,no,,
csq,4642,NOT_ATTEMPTED,-,no,,
csq,4644,NOT_ATTEMPTED,-,no,,
csq,4650,NOT_ATTEMPTED,-,no,,
csq,4655,NOT_ATTEMPTED,-,no,,
csq,4659,NOT_ATTEMPTED,-,no,,
csq,4660,NOT_ATTEMPTED,-,no,,
csq,4662,NOT_ATTEMPTED,-,no,,
csq,4674,NOT_ATTEMPTED,-,no,,
csq,4675,NOT_ATTEMPTED,-,no,,
csq,4680,NOT_ATTEMPTED,-,no,,
csq,4688,NOT_ATTEMPTED,-,no,,
csq,4689,NOT_ATTEMPTED,-,no,,
csq,4690,NOT_ATTEMPTED,-,no,,
csq,4697,NOT_ATTEMPTED,-,no,,
csq,4699,NOT_ATTEMPTED,-,no,,
csq,4700,NOT_ATTEMPTED,-,no,,
csq,4712,NOT_ATTEMPTED,-,no,,
csq,4716,NOT_ATTEMPTED,-,no,,
csq,4719,NOT_ATTEMPTED,-,no,,
csq,4720,NOT_ATTEMPTED,-,no,,
csq,4725,NOT_ATTEMPTED,-,no,,
csq,4736,NOT_ATTEMPTED,-,no,,
csq,4737,NOT_ATTEMPTED,-,no,,
csq,4740,NOT_ATTEMPTED,-,no,,
csq,4750,NOT_ATTEMPTED,-,no,,
csq,4751,NOT_ATTEMPTED,-,no,,
csq,4752,NOT_ATTEMPTED,-,no,,
csq,4758,NOT_ATTEMPTED,-,no,,
csq,4760,NOT_ATTEMPTED,-,no,,
csq,4763,NOT_ATTEMPTED,-,no,,
csq,4764,NOT_ATTEMPTED,-,no,,
csq,4773,NOT_ATTEMPTED,-,no,,
csq,4774,NOT_ATTEMPTED,-,no,,
csq,4780,NOT_ATTEMPTED,-,no,,
csq,4781,NOT_ATTEMPTED,-,no,,
csq,4788,NOT_ATTEMPTED,-,no,,
csq,4795,NOT_ATTEMPTED,-,no,,
csq,4797,NOT_ATTEMPTED,-,no,,
csq,4798,NOT_ATTEMPTED,-,no,,
csq,4800,NOT_ATTEMPTED,-,no,,
csq,4810,NOT_ATTEMPTED,-,no,,
csq,4813,NOT_ATTEMPTED,-,no,,
csq,4814,NOT_ATTEMPTED,-,no,,
csq,4819,NOT_ATTEMPTED,-,no,,
csq,4824,NOT_ATTEMPTED,-,no,,
csq,4826,NOT_ATTEMPTED,-,no,,
csq,4827,NOT_ATTEMPTED,-,no,,
csq,4836,NOT_ATTEMPTED,-,no,,
csq,4839,NOT_ATTEMPTED,-,no,,
csq,4840,NOT_ATTEMPTED,-,no,,
csq,4847,NOT_ATTEMPTED,-,no,,
csq,4851,NOT_ATTEMPTED,-,no,,
csq,4859,NOT_ATTEMPTED,-,no,,
csq,4860,NOT_ATTEMPTED,-,no,,
csq,4864,NOT_ATTEMPTED,-,no,,
csq,4875,NOT_ATTEMPTED,-,no,,
csq,4876,NOT_ATTEMPTED,-,no,,
csq,4880,NOT_ATTEMPTED,-,no,,
csq,4884,NOT_ATTEMPTED,-,no,,
csq,4890,NOT_ATTEMPTED,-,no,,
csq,4891,NOT_ATTEMPTED,-,no,,
csq,4896,NOT_ATTEMPTED,-,no,,
csq,4898,NOT_ATTEMPTED,-,no,,
csq,4902,NOT_ATTEMPTED,-,no,,
csq,4903,NOT_ATTEMPTED,-,no,,
csq,4914,NOT_ATTEMPTED,-,no,,
csq,4920,NOT_ATTEMPTED,-,no,,
csq,4921,NOT_ATTEMPTED,-,no,,
csq,4928,NOT_ATTEMPTED,-,no,,
csq,4932,NOT_ATTEMPTED,-,no,,
csq,4938,NOT_ATTEMPTED,-,no,,
csq,4960,NOT_ATTEMPTED,-,no,,
csq,4979,NOT_ATTEMPTED,-,no,,
csq,4982,NOT_ATTEMPTED,-,no,,
csq,4992,NOT_ATTEMPTED,-,no,,
csq,4995,NOT_ATTEMPTED,-,no,,
csq,5000,NOT_ATTEMPTED,-,no,,
csq,5001,NOT_ATTEMPTED,-,no,,
csq,5004,NOT_ATTEMPTED,-,no,,
csq,5005,NOT_ATTEMPTED,-,no,,
csq,5016,NOT_ATTEMPTED,-,no,,
csq,5017,NOT_ATTEMPTED,-,no,,
csq,5018,NOT_ATTEMPTED,-,no,,
csq,5022,NOT_ATTEMPTED,-,no,,
csq,5031,NOT_ATTEMPTED,-,no,,
csq,5032,NOT_ATTEMPTED,-,no,,
csq,5040,NOT_ATTEMPTED,-,no,,
csq,5044,NOT_ATTEMPTED,-,no,,
csq,5045,NOT_ATTEMPTED,-,no,,
csq,5054,NOT_ATTEMPTED,-,no,,
csq,5056,NOT_ATTEMPTED,-,no,,
csq,5063,NOT_ATTEMPTED,-,no,,
csq,5064,NOT_ATTEMPTED,-,no,,
csq,5069,NOT_ATTEMPTED,-,no,,
csq,5070,NOT_ATTEMPTED,-,no,,
csq,5076,NOT_ATTEMPTED,-,no,,
csq,5080,NOT_ATTEMPTED,-,no,,
csq,5081,NOT_ATTEMPTED,-,no,,
csq,5084,NOT_ATTEMPTED,-,no,,
csq,5092,NOT_ATTEMPTED,-,no,,
csq,5096,NOT_ATTEMPTED,-,no,,
csq,5097,NOT_ATTEMPTED,-,no,,
csq,5103,NOT_ATTEMPTED,-,no,,
csq,5106,NOT_ATTEMPTED,-,no,,
csq,5109,NOT_ATTEMPTED,-,no,,
csq,5110,NOT_ATTEMPTED,-,no,,
csq,5120,NOT_ATTEMPTED,-,no,,
csq,5122,NOT_ATTEMPTED,-,no,,
csq,5125,NOT_ATTEMPTED,-,no,,
csq,5126,NOT_ATTEMPTED,-,no,,
csq,5130,NOT_ATTEMPTED,-,no,,
csq,5135,NOT_ATTEMPTED,-,no,,
csq,5143,NOT_ATTEMPTED,-,no,,
csq,5144,NOT_ATTEMPTED,-,no,,
csq,5145,NOT_ATTEMPTED,-,no,,
csq,5148,NOT_ATTEMPTED,-,no,,
csq,5160,NOT_ATTEMPTED,-,no,,
csq,5161,NOT_ATTEMPTED,-,no,,
csq,5166,NOT_ATTEMPTED,-,no,,
csq,5168,NOT_ATTEMPTED,-,no,,
csq,5188,NOT_ATTEMPTED,-,no,,
csq,5200,NOT_ATTEMPTED,-,no,,
csq,5206,NOT_ATTEMPTED,-,no,,
csq,5207,NOT_ATTEMPTED,-,no,,
csq,5208,NOT_ATTEMPTED,-,no,,
csq,5217,NOT_ATTEMPTED,-,no,,
csq,5229,NOT_ATTEMPTED,-,no,,
csq,5240,NOT_ATTEMPTED,-,no,,
csq,5241,NOT_ATTEMPTED,-,no,,
csq,5244,NOT_ATTEMPTED,-,no,,
csq,5248,NOT_ATTEMPTED,-,no,,
csq,5254,NOT_ATTEMPTED,-,no,,
csq,5255,NOT_ATTEMPTED,-,no,,
csq,5265,NOT_ATTEMPTED,-,no,,
csq,5271,NOT_ATTEMPTED,-,no,,
csq,5272,NOT_ATTEMPTED,-,no,,
csq,5280,NOT_ATTEMPTED,-,no,,
csq,5282,NOT_ATTEMPTED,-,no,,
csq,5289,NOT_ATTEMPTED,-,no,,
csq,5290,NOT_ATTEMPTED,-,no,,
csq,5291,NOT_ATTEMPTED,-,no,,
csq,5293,NOT_ATTEMPTED,-,no,,
csq,5304,NOT_ATTEMPTED,-,no,,
csq,5306,NOT_ATTEMPTED,-,no,,
csq,5307,NOT_ATTEMPTED,-,no,,
csq,5312,NOT_ATTEMPTED,-,no,,
csq,5320,NOT_ATTEMPTED,-,no,,
csq,5321,NOT_ATTEMPTED,-,no,,
csq,5328,NOT_ATTEMPTED,-,no,,
csq,5330,NOT_ATTEMPTED,-,no,,
csq,5333,NOT_ATTEMPTED,-,no,,
csq,5334,NOT_ATTEMPTED,-,no,,
csq,5343,NOT_ATTEMPTED,-,no,,
csq,5346,NOT_ATTEMPTED,-,no,,
csq,5354,NOT_ATTEMPTED,-,no,,
csq,5355,NOT_ATTEMPTED,-,no,,
csq,5358,NOT_ATTEMPTED,-,no,,
csq,5360,NOT_ATTEMPTED,-,no,,
csq,5365,NOT_ATTEMPTED,-,no,,
csq,5376,NOT_ATTEMPTED,-,no,,
csq,5382,NOT_ATTEMPTED,-,no,,
csq,5387,NOT_ATTEMPTED,-,no,,
csq,5388,NOT_ATTEMPTED,-,no,,
csq,5395,NOT_ATTEMPTED,-,no,,
csq,5396,NOT_ATTEMPTED,-,no,,
csq,5400,NOT_ATTEMPTED,-,no,,
csq,5401,NOT_ATTEMPTED,-,no,,
csq,5412,NOT_ATTEMPTED,-,no,,
csq,5418,NOT_ATTEMPTED,-,no,,
csq,5419,NOT_ATTEMPTED,-,no,,
csq,5421,NOT_ATTEMPTED,-,no,,
csq,5427,NOT_ATTEMPTED,-,no,,
csq,5434,NOT_ATTEMPTED,-,no,,
csq,5437,NOT_ATTEMPTED,-,no,,
csq,5438,NOT_ATTEMPTED,-,no,,
csq,5440,NOT_ATTEMPTED,-,no,,
csq,5453,NOT_ATTEMPTED,-,no,,
csq,5454,NOT_ATTEMPTED,-,no,,
csq,5460,NOT_ATTEMPTED,-,no,,
csq,5468,NOT_ATTEMPTED,-,no,,
csq,5469,NOT_ATTEMPTED,-,no,,
csq,5472,NOT_ATTEMPTED,-,no,,
csq,5478,NOT_ATTEMPTED,-,no,,
csq,5480,NOT_ATTEMPTED,-,no,,
csq,5481,NOT_ATTEMPTED,-,no,,
csq,5483,NOT_ATTEMPTED,-,no,,
csq,5494,NOT_ATTEMPTED,-,no,,
csq,5499,NOT_ATTEMPTED,-,no,,
csq,5502,NOT_ATTEMPTED,-,no,,
csq,5503,NOT_ATTEMPTED,-,no,,
csq,5508,NOT_ATTEMPTED,-,no,,
csq,5510,NOT_ATTEMPTED,-,no,,
csq,5520,NOT_ATTEMPTED,-,no,,
csq,5521,NOT_ATTEMPTED,-,no,,
csq,5525,NOT_ATTEMPTED,-,no,,
csq,5535,NOT_ATTEMPTED,-,no,,
csq,5536,NOT_ATTEMPTED,-,no,,
csq,5538,NOT_ATTEMPTED,-,no,,
csq,5544,NOT_ATTEMPTED,-,no,,
csq,5548,NOT_ATTEMPTED,-,no,,
csq,5549,NOT_ATTEMPTED,-,no,,
csq,5550,NOT_ATTEMPTED,-,no,,
csq,5560,NOT_ATTEMPTED,-,no,,
csq,5561,NOT_ATTEMPTED,-,no,,
csq,5568,NOT_ATTEMPTED,-,no,,
csq,5569,NOT_ATTEMPTED,-,no,,
csq,5576,NOT_ATTEMPTED,-,no,,
csq,5577,NOT_ATTEMPTED,-,no,,
csq,5586,NOT_ATTEMPTED,-,no,,
csq,5587,NOT_ATTEMPTED,-,no,,
csq,5589,NOT_ATTEMPTED,-,no,,
csq,5600,NOT_ATTEMPTED,-,no,,
csq,5603,NOT_ATTEMPTED,-,no,,
csq,5604,NOT_ATTEMPTED,-,no,,
csq,5610,NOT_ATTEMPTED,-,no,,
csq,5616,NOT_ATTEMPTED,-,no,,
csq,5617,NOT_ATTEMPTED,-,no,,
csq,5618,NOT_ATTEMPTED,-,no,,
csq,5624,NOT_ATTEMPTED,-,no,,
csq,5628,NOT_ATTEMPTED,-,no,,
csq,5630,NOT_ATTEMPTED,-,no,,
csq,5631,NOT_ATTEMPTED,-,no,,
csq,5633,NOT_ATTEMPTED,-,no,,
csq,5634,NOT_ATTEMPTED,-,no,,
csq,5640,NOT_ATTEMPTED,-,no,,
csq,5644,NOT_ATTEMPTED,-,no,,
csq,5653,NOT_ATTEMPTED,-,no,,
csq,5654,NOT_ATTEMPTED,-,no,,
csq,5655,NOT_ATTEMPTED,-,no,,
csq,5658,NOT_ATTEMPTED,-,no,,
csq,5662,NOT_ATTEMPTED,-,no,,
csq,5670,NOT_ATTEMPTED,-,no,,
csq,5671,NOT_ATTEMPTED,-,no,,
csq,5676,NOT_ATTEMPTED,-,no,,
csq,5680,NOT_ATTEMPTED,-,no,,
csq,5686,NOT_ATTEMPTED,-,no,,
csq,5687,NOT_ATTEMPTED,-,no,,
csq,5694,NOT_ATTEMPTED,-,no,,
csq,5695,NOT_ATTEMPTED,-,no,,
csq,5699,NOT_ATTEMPTED,-,no,,
csq,5700,NOT_ATTEMPTED,-,no,,
csq,5712,NOT_ATTEMPTED,-,no,,
csq,5719,NOT_ATTEMPTED,-,no,,
csq,5720,NOT_ATTEMPTED,-,no,,
csq,5727,NOT_ATTEMPTED,-,no,,
csq,5733,NOT_ATTEMPTED,-,no,,
csq,5738,NOT_ATTEMPTED,-,no,,
csq,5739,NOT_ATTEMPTED,-,no,,
csq,5740,NOT_ATTEMPTED,-,no,,
csq,5742,NOT_ATTEMPTED,-,no,,
csq,5754,NOT_ATTEMPTED,-,no,,
csq,5755,NOT_ATTEMPTED,-,no,,
csq,5760,NOT_ATTEMPTED,-,no,,
csq,5762,NOT_ATTEMPTED,-,no,,
csq,5769,NOT_ATTEMPTED,-,no,,
csq,5770,NOT_ATTEMPTED,-,no,,
csq,5772,NOT_ATTEMPTED,-,no,,
csq,5780,NOT_ATTEMPTED,-,no,,
csq,5782,NOT_ATTEMPTED,-,no,,
csq,5786,NOT_ATTEMPTED,-,no,,
csq,5787,NOT_ATTEMPTED,-,no,,
csq,5796,NOT_ATTEMPTED,-,no,,
csq,5800,NOT_ATTEMPTED,-,no,,
csq,5805,NOT_ATTEMPTED,-,no,,
csq,5806,NOT_ATTEMPTED,-,no,,
csq,5810,NOT_ATTEMPTED,-,no,,
csq,5811,NOT_ATTEMPTED,-,no,,
csq,5822,NOT_ATTEMPTED,-,no,,
csq,5823,NOT_ATTEMPTED,-,no,,
csq,5824,NOT_ATTEMPTED,-,no,,
csq,5829,NOT_ATTEMPTED,-,no,,
csq,5838,NOT_ATTEMPTED,-,no,,
csq,5839,NOT_ATTEMPTED,-,no,,
csq,5840,NOT_ATTEMPTED,-,no,,
csq,5848,NOT_ATTEMPTED,-,no,,
csq,5850,NOT_ATTEMPTED,-,no,,
csq,5852,NOT_ATTEMPTED,-,no,,
csq,5853,NOT_ATTEMPTED,-,no,,
csq,5863,NOT_ATTEMPTED,-,no,,
csq,5865,NOT_ATTEMPTED,-,no,,
csq,5873,NOT_ATTEMPTED,-,no,,
csq,5874,NOT_ATTEMPTED,-,no,,
csq,5880,NOT_ATTEMPTED,-,no,,
csq,5889,NOT_ATTEMPTED,-,no,,
csq,5891,NOT_ATTEMPTED,-,no,,
csq,5892,NOT_ATTEMPTED,-,no,,
csq,5893,NOT_ATTEMPTED,-,no,,
csq,5896,NOT_ATTEMPTED,-,no,,
csq,5904,NOT_ATTEMPTED,-,no,,
csq,5908,NOT_ATTEMPTED,-,no,,
csq,5909,NOT_ATTEMPTED,-,no,,
csq,5916,NOT_ATTEMPTED,-,no,,
csq,5920,NOT_ATTEMPTED,-,no,,
csq,5922,NOT_ATTEMPTED,-,no,,
csq,5923,NOT_ATTEMPTED,-,no,,
csq,5928,NOT_ATTEMPTED,-,no,,
csq,5934,NOT_ATTEMPTED,-,no,,
csq,5936,NOT_ATTEMPTED,-,no,,
csq,5940,NOT_ATTEMPTED,-,no,,
csq,5941,NOT_ATTEMPTED,-,no,,
csq,5945,NOT_ATTEMPTED,-,no,,
csq,5950,NOT_ATTEMPTED,-,no,,
csq,5960,NOT_ATTEMPTED,-,no,,
csq,5961,NOT_ATTEMPTED,-,no,,
csq,5964,NOT_ATTEMPTED,-,no,,
csq,5967,NOT_ATTEMPTED,-,no,,
csq,5977,NOT_ATTEMPTED,-,no,,
csq,5978,NOT_ATTEMPTED,-,no,,
csq,5984,NOT_ATTEMPTED,-,no,,
csq,5986,NOT_ATTEMPTED,-,no,,
csq,5993,NOT_ATTEMPTED,-,no,,
csq,5994,NOT_ATTEMPTED,-,no,,
csq,6000,NOT_ATTEMPTED,-,no,,
csq,6003,NOT_ATTEMPTED,-,no,,
csq,6007,NOT_ATTEMPTED,-,no,,
csq,6008,NOT_ATTEMPTED,-,no,,
csq,6020,NOT_ATTEMPTED,-,no,,
csq,6027,NOT_ATTEMPTED,-,no,,
csq,6028,NOT_ATTEMPTED,-,no,,
csq,6029,NOT_ATTEMPTED,-,no,,
csq,6035,NOT_ATTEMPTED,-,no,,
csq,6040,NOT_ATTEMPTED,-,no,,
csq,6047,NOT_ATTEMPTED,-,no,,
csq,6048,NOT_ATTEMPTED,-,no,,
csq,6063,NOT_ATTEMPTED,-,no,,
csq,6064,NOT_ATTEMPTED,-,no,,
csq,6068,NOT_ATTEMPTED,-,no,,
csq,6072,NOT_ATTEMPTED,-,no,,
csq,6078,NOT_ATTEMPTED,-,no,,
csq,6079,NOT_ATTEMPTED,-,no,,
csq,6080,NOT_ATTEMPTED,-,no,,
csq,6097,NOT_ATTEMPTED,-,no,,
csq,6098,NOT_ATTEMPTED,-,no,,
csq,6106,NOT_ATTEMPTED,-,no,,
csq,6109,NOT_ATTEMPTED,-,no,,
csq,6116,NOT_ATTEMPTED,-,no,,
csq,6117,NOT_ATTEMPTED,-,no,,
csq,6120,NOT_ATTEMPTED,-,no,,
csq,6132,NOT_ATTEMPTED,-,no,,
csq,6134,NOT_ATTEMPTED,-,no,,
csq,6135,NOT_ATTEMPTED,-,no,,
csq,6141,NOT_ATTEMPTED,-,no,,
csq,6149,NOT_ATTEMPTED,-,no,,
csq,6164,NOT_ATTEMPTED,-,no,,
csq,6165,NOT_ATTEMPTED,-,no,,
csq,6166,NOT_ATTEMPTED,-,no,,
csq,6174,NOT_ATTEMPTED,-,no,,
csq,6177,NOT_ATTEMPTED,-,no,,
csq,6186,NOT_ATTEMPTED,-,no,,
csq,6187,NOT_ATTEMPTED,-,no,,
csq,6191,NOT_ATTEMPTED,-,no,,
csq,6192,NOT_ATTEMPTED,-,no,,
csq,6200,NOT_ATTEMPTED,-,no,,
csq,6204,NOT_ATTEMPTED,-,no,,
csq,6205,NOT_ATTEMPTED,-,no,,
csq,6210,NOT_ATTEMPTED,-,no,,
csq,6216,NOT_ATTEMPTED,-,no,,
csq,6221,NOT_ATTEMPTED,-,no,,
csq,6222,NOT_ATTEMPTED,-,no,,
csq,6230,NOT_ATTEMPTED,-,no,,
csq,6232,NOT_ATTEMPTED,-,no,,
csq,6235,NOT_ATTEMPTED,-,no,,
csq,6236,NOT_ATTEMPTED,-,no,,
csq,6240,NOT_ATTEMPTED,-,no,,
csq,6248,NOT_ATTEMPTED,-,no,,
csq,6249,NOT_ATTEMPTED,-,no,,
csq,6255,NOT_ATTEMPTED,-,no,,
csq,6256,NOT_ATTEMPTED,-,no,,
csq,6258,NOT_ATTEMPTED,-,no,,
csq,6264,NOT_ATTEMPTED,-,no,,
csq,6273,NOT_ATTEMPTED,-,no,,
csq,6275,NOT_ATTEMPTED,-,no,,
csq,6276,NOT_ATTEMPTED,-,no,,
csq,6279,NOT_ATTEMPTED,-,no,,
csq,6280,NOT_ATTEMPTED,-,no,,
csq,6292,NOT_ATTEMPTED,-,no,,
csq,6293,NOT_ATTEMPTED,-,no,,
csq,6300,NOT_ATTEMPTED,-,no,,
csq,6308,NOT_ATTEMPTED,-,no,,
csq,6309,NOT_ATTEMPTED,-,no,,
csq,6314,NOT_ATTEMPTED,-,no,,
csq,6319,NOT_ATTEMPTED,-,no,,
csq,6321,NOT_ATTEMPTED,-,no,,
csq,6322,NOT_ATTEMPTED,-,no,,
csq,6325,NOT_ATTEMPTED,-,no,,
csq,6326,NOT_ATTEMPTED,-,no,,
csq,6336,NOT_ATTEMPTED,-,no,,
csq,6342,NOT_ATTEMPTED,-,no,,
csq,6345,NOT_ATTEMPTED,-,no,,
csq,6346,NOT_ATTEMPTED,-,no,,
csq,6351,NOT_ATTEMPTED,-,no,,
csq,6355,NOT_ATTEMPTED,-,no,,
csq,6364,NOT_ATTEMPTED,-,no,,
csq,6365,NOT_ATTEMPTED,-,no,,
csq,6370,NOT_ATTEMPTED,-,no,,
csq,6380,NOT_ATTEMPTED,-,no,,
csq,6381,NOT_ATTEMPTED,-,no,,
csq,6384,NOT_ATTEMPTED,-,no,,
csq,6390,NOT_ATTEMPTED,-,no,,
csq,6395,NOT_ATTEMPTED,-,no,,
csq,6396,NOT_ATTEMPTED,-,no,,
csq,6407,NOT_ATTEMPTED,-,no,,
csq,6408,NOT_ATTEMPTED,-,no,,
csq,6416,NOT_ATTEMPTED,-,no,,
csq,6417,NOT_ATTEMPTED,-,no,,
csq,6424,NOT_ATTEMPTED,-,no,,
csq,6426,NOT_ATTEMPTED,-,no,,
csq,6435,NOT_ATTEMPTED,-,no,,
csq,6436,NOT_ATTEMPTED,-,no,,
csq,6437,NOT_ATTEMPTED,-,no,,
csq,6438,NOT_ATTEMPTED,-,no,,
csq,6440,NOT_ATTEMPTED,-,no,,
csq,6450,NOT_ATTEMPTED,-,no,,
csq,6453,NOT_ATTEMPTED,-,no,,
csq,6454,NOT_ATTEMPTED,-,no,,
csq,6461,NOT_ATTEMPTED,-,no,,
csq,6468,NOT_ATTEMPTED,-,no,,
csq,6469,NOT_ATTEMPTED,-,no,,
csq,6478,NOT_ATTEMPTED,-,no,,
csq,6480,NOT_ATTEMPTED,-,no,,
csq,6482,NOT_ATTEMPTED,-,no,,
csq,6483,NOT_ATTEMPTED,-,no,,
csq,6486,NOT_ATTEMPTED,-,no,,
csq,6487,NOT_ATTEMPTED,-,no,,
csq,6493,NOT_ATTEMPTED,-,no,,
csq,6519,NOT_ATTEMPTED,-,no,,
csq,6526,NOT_ATTEMPTED,-,no,,
csq,6532,NOT_ATTEMPTED,-,no,,
csq,6536,NOT_ATTEMPTED,-,no,,
csq,6542,NOT_ATTEMPTED,-,no,,
csq,6543,NOT_ATTEMPTED,-,no,,
csq,6552,NOT_ATTEMPTED,-,no,,
csq,6556,NOT_ATTEMPTED,-,no,,
csq,6557,NOT_ATTEMPTED,-,no,,
csq,6560,NOT_ATTEMPTED,-,no,,
csq,6570,NOT_ATTEMPTED,-,no,,
csq,6578,NOT_ATTEMPTED,-,no,,
csq,6579,NOT_ATTEMPTED,-,no,,
csq,6586,NOT_ATTEMPTED,-,no,,
csq,6594,NOT_ATTEMPTED,-,no,,
csq,6598,NOT_ATTEMPTED,-,no,,
csq,6599,NOT_ATTEMPTED,-,no,,
csq,6600,NOT_ATTEMPTED,-,no,,
csq,6601,NOT_ATTEMPTED,-,no,,
csq,6603,NOT_ATTEMPTED,-,no,,
csq,6615,NOT_ATTEMPTED,-,no,,
csq,6616,NOT_ATTEMPTED,-,no,,
csq,6622,NOT_ATTEMPTED,-,no,,
csq,6624,NOT_ATTEMPTED,-,no,,
csq,6631,NOT_ATTEMPTED,-,no,,
csq,6632,NOT_ATTEMPTED,-,no,,
csq,6644,NOT_ATTEMPTED,-,no,,
csq,6645,NOT_ATTEMPTED,-,no,,
csq,6650,NOT_ATTEMPTED,-,no,,
csq,6651,NOT_ATTEMPTED,-,no,,
csq,6660,NOT_ATTEMPTED,-,no,,
csq,6665,NOT_ATTEMPTED,-,no,,
csq,6670,NOT_ATTEMPTED,-,no,,
csq,6671,NOT_ATTEMPTED,-,no,,
csq,6675,NOT_ATTEMPTED,-,no,,
csq,6678,NOT_ATTEMPTED,-,no,,
csq,6688,NOT_ATTEMPTED,-,no,,
csq,6689,NOT_ATTEMPTED,-,no,,
csq,6690,NOT_ATTEMPTED,-,no,,
csq,6696,NOT_ATTEMPTED,-,no,,
csq,6705,NOT_ATTEMPTED,-,no,,
csq,6706,NOT_ATTEMPTED,-,no,,
csq,6708,NOT_ATTEMPTED,-,no,,
csq,6716,NOT_ATTEMPTED,-,no,,
csq,6721,NOT_ATTEMPTED,-,no,,
csq,6722,NOT_ATTEMPTED,-,no,,
csq,6732,NOT_ATTEMPTED,-,no,,
csq,6734,NOT_ATTEMPTED,-,no,,
csq,6743,NOT_ATTEMPTED,-,no,,
csq,6744,NOT_ATTEMPTED,-,no,,
csq,6750,NOT_ATTEMPTED,-,no,,
csq,6751,NOT_ATTEMPTED,-,no,,
csq,6762,NOT_ATTEMPTED,-,no,,
csq,6763,NOT_ATTEMPTED,-,no,,
csq,6768,NOT_ATTEMPTED,-,no,,
csq,6776,NOT_ATTEMPTED,-,no,,
csq,6780,NOT_ATTEMPTED,-,no,,
csq,6781,NOT_ATTEMPTED,-,no,,
csq,6789,NOT_ATTEMPTED,-,no,,
csq,6794,NOT_ATTEMPTED,-,no,,
csq,6795,NOT_ATTEMPTED,-,no,,
csq,6796,NOT_ATTEMPTED,-,no,,
csq,6810,NOT_ATTEMPTED,-,no,,
csq,6815,NOT_ATTEMPTED,-,no,,
csq,6816,NOT_ATTEMPTED,-,no,,
csq,6820,NOT_ATTEMPTED,-,no,,
csq,6825,NOT_ATTEMPTED,-,no,,
csq,6836,NOT_ATTEMPTED,-,no,,
csq,6837,NOT_ATTEMPTED,-,no,,
csq,6840,NOT_ATTEMPTED,-,no,,
csq,6846,NOT_ATTEMPTED,-,no,,
csq,6854,NOT_ATTEMPTED,-,no,,
csq,6855,NOT_ATTEMPTED,-,no,,
csq,6862,NOT_ATTEMPTED,-,no,,
csq,6864,NOT_ATTEMPTED,-,no,,
csq,6871,NOT_ATTEMPTED,-,no,,
csq,6872,NOT_ATTEMPTED,-,no,,
csq,6880,NOT_ATTEMPTED,-,no,,
csq,6882,NOT_ATTEMPTED,-,no,,
csq,6885,NOT_ATTEMPTED,-,no,,
csq,6886,NOT_ATTEMPTED,-,no,,
csq,6888,NOT_ATTEMPTED,-,no,,
csq,6889,NOT_ATTEMPTED,-,no,,
csq,6900,NOT_ATTEMPTED,-,no,,
csq,6908,NOT_ATTEMPTED,-,no,,
csq,6909,NOT_ATTEMPTED,-,no,,
csq,6910,NOT_ATTEMPTED,-,no,,
csq,6916,NOT_ATTEMPTED,-,no,,
csq,6923,NOT_ATTEMPTED,-,no,,
csq,6929,NOT_ATTEMPTED,-,no,,
csq,6935,NOT_ATTEMPTED,-,no,,
csq,6946,NOT_ATTEMPTED,-,no,,
csq,6947,NOT_ATTEMPTED,-,no,,
csq,6952,NOT_ATTEMPTED,-,no,,
csq,6956,NOT_ATTEMPTED,-,no,,
csq,6962,NOT_ATTEMPTED,-,no,,
csq,6963,NOT_ATTEMPTED,-,no,,
csq,6966,NOT_ATTEMPTED,-,no,,
csq,6983,NOT_ATTEMPTED,-,no,,
csq,6984,NOT_ATTEMPTED,-,no,,
csq,6992,NOT_ATTEMPTED,-,no,,
csq,6996,NOT_ATTEMPTED,-,no,,
csq,7003,NOT_ATTEMPTED,-,no,,
csq,7004,NOT_ATTEMPTED,-,no,,
csq,7007,NOT_ATTEMPTED,-,no,,
csq,7008,NOT_ATTEMPTED,-,no,,
csq,7009,NOT_ATTEMPTED,-,no,,
csq,7020,NOT_ATTEMPTED,-,no,,
csq,7022,NOT_ATTEMPTED,-,no,,
csq,7023,NOT_ATTEMPTED,-,no,,
csq,7030,NOT_ATTEMPTED,-,no,,
csq,7038,NOT_ATTEMPTED,-,no,,
csq,7039,NOT_ATTEMPTED,-,no,,
csq,7040,NOT_ATTEMPTED,-,no,,
csq,7050,NOT_ATTEMPTED,-,no,,
csq,7052,NOT_ATTEMPTED,-,no,,
csq,7054,NOT_ATTEMPTED,-,no,,
csq,7056,NOT_ATTEMPTED,-,no,,
csq,7057,NOT_ATTEMPTED,-,no,,
csq,7065,NOT_ATTEMPTED,-,no,,
csq,7068,NOT_ATTEMPTED,-,no,,
csq,7079,NOT_ATTEMPTED,-,no,,
csq,7084,NOT_ATTEMPTED,-,no,,
csq,7104,NOT_ATTEMPTED,-,no,,
csq,7110,NOT_ATTEMPTED,-,no,,
csq,7115,NOT_ATTEMPTED,-,no,,
csq,7116,NOT_ATTEMPTED,-,no,,
csq,7125,NOT_ATTEMPTED,-,no,,
csq,7128,NOT_ATTEMPTED,-,no,,
csq,7130,NOT_ATTEMPTED,-,no,,
csq,7131,NOT_ATTEMPTED,-,no,,
csq,7138,NOT_ATTEMPTED,-,no,,
csq,7144,NOT_ATTEMPTED,-,no,,
csq,7152,NOT_ATTEMPTED,-,no,,
csq,7153,NOT_ATTEMPTED,-,no,,
csq,7155,NOT_ATTEMPTED,-,no,,
csq,7161,NOT_ATTEMPTED,-,no,,
csq,7172,NOT_ATTEMPTED,-,no,,
csq,7173,NOT_ATTEMPTED,-,no,,
csq,7174,NOT_ATTEMPTED,-,no,,
csq,7178,NOT_ATTEMPTED,-,no,,
csq,7181,NOT_ATTEMPTED,-,no,,
csq,7191,NOT_ATTEMPTED,-,no,,
csq,7192,NOT_ATTEMPTED,-,no,,
csq,7200,NOT_ATTEMPTED,-,no,,
csq,7224,NOT_ATTEMPTED,-,no,,
csq,7227,NOT_ATTEMPTED,-,no,,
csq,7228,NOT_ATTEMPTED,-,no,,
csq,7238,NOT_ATTEMPTED,-,no,,
csq,7245,NOT_ATTEMPTED,-,no,,
csq,7248,NOT_ATTEMPTED,-,no,,
csq,7249,NOT_ATTEMPTED,-,no,,
csq,7254,NOT_ATTEMPTED,-,no,,
csq,7260,NOT_ATTEMPTED,-,no,,
csq,7267,NOT_ATTEMPTED,-,no,,
csq,7269,NOT_ATTEMPTED,-,no,,
csq,7275,NOT_ATTEMPTED,-,no,,
csq,7301,NOT_ATTEMPTED,-,no,,
csq,7315,NOT_ATTEMPTED,-,no,,
csq,7324,NOT_ATTEMPTED,-,no,,
csq,7325,NOT_ATTEMPTED,-,no,,
csq,7332,NOT_ATTEMPTED,-,no,,
csq,7335,NOT_ATTEMPTED,-,no,,
csq,7344,NOT_ATTEMPTED,-,no,,
csq,7345,NOT_ATTEMPTED,-,no,,
csq,7348,NOT_ATTEMPTED,-,no,,
csq,7350,NOT_ATTEMPTED,-,no,,
csq,7360,NOT_ATTEMPTED,-,no,,
csq,7363,NOT_ATTEMPTED,-,no,,
csq,7364,NOT_ATTEMPTED,-,no,,
csq,7372,NOT_ATTEMPTED,-,no,,
csq,7379,NOT_ATTEMPTED,-,no,,
csq,7380,NOT_ATTEMPTED,-,no,,
csq,7392,NOT_ATTEMPTED,-,no,,
csq,7394,NOT_ATTEMPTED,-,no,,
csq,7395,NOT_ATTEMPTED,-,no,,
csq,7399,NOT_ATTEMPTED,-,no,,
csq,7400,NOT_ATTEMPTED,-,no,,
csq,7406,NOT_ATTEMPTED,-,no,,
csq,7410,NOT_ATTEMPTED,-,no,,
csq,7421,NOT_ATTEMPTED,-,no,,
csq,7422,NOT_ATTEMPTED,-,no,,
csq,7425,NOT_ATTEMPTED,-,no,,
csq,7426,NOT_ATTEMPTED,-,no,,
csq,7436,NOT_ATTEMPTED,-,no,,
csq,7440,NOT_ATTEMPTED,-,no,,
csq,7441,NOT_ATTEMPTED,-,no,,
csq,7448,NOT_ATTEMPTED,-,no,,
csq,7452,NOT_ATTEMPTED,-,no,,
csq,7458,NOT_ATTEMPTED,-,no,,
csq,7459,NOT_ATTEMPTED,-,no,,
csq,7469,NOT_ATTEMPTED,-,no,,
csq,7470,NOT_ATTEMPTED,-,no,,
csq,7473,NOT_ATTEMPTED,-,no,,
csq,7474,NOT_ATTEMPTED,-,no,,
csq,7475,NOT_ATTEMPTED,-,no,,
csq,7476,NOT_ATTEMPTED,-,no,,
csq,7480,NOT_ATTEMPTED,-,no,,
csq,7488,NOT_ATTEMPTED,-,no,,
csq,7497,NOT_ATTEMPTED,-,no,,
csq,7498,NOT_ATTEMPTED,-,no,,
csq,7505,NOT_ATTEMPTED,-,no,,
csq,7515,NOT_ATTEMPTED,-,no,,
csq,7518,NOT_ATTEMPTED,-,no,,
csq,7519,NOT_ATTEMPTED,-,no,,
csq,7520,NOT_ATTEMPTED,-,no,,
csq,7524,NOT_ATTEMPTED,-,no,,
csq,7536,NOT_ATTEMPTED,-,no,,
csq,7537,NOT_ATTEMPTED,-,no,,
csq,7544,NOT_ATTEMPTED,-,no,,
csq,7546,NOT_ATTEMPTED,-,no,,
csq,7553,NOT_ATTEMPTED,-,no,,
csq,7554,NOT_ATTEMPTED,-,no,,
csq,7560,NOT_ATTEMPTED,-,no,,
csq,7566,NOT_ATTEMPTED,-,no,,
csq,7568,NOT_ATTEMPTED,-,no,,
csq,7574,NOT_ATTEMPTED,-,no,,
csq,7575,NOT_ATTEMPTED,-,no,,
csq,7584,NOT_ATTEMPTED,-,no,,
csq,7590,NOT_ATTEMPTED,-,no,,
csq,7595,NOT_ATTEMPTED,-,no,,
csq,7596,NOT_ATTEMPTED,-,no,,
csq,7600,NOT_ATTEMPTED,-,no,,
csq,7605,NOT_ATTEMPTED,-,no,,
csq,7612,NOT_ATTEMPTED,-,no,,
csq,7614,NOT_ATTEMPTED,-,no,,
csq,7623,NOT_ATTEMPTED,-,no,,
csq,7632,NOT_ATTEMPTED,-,no,,
csq,7633,NOT_ATTEMPTED,-,no,,
csq,7649,NOT_ATTEMPTED,-,no,,
csq,7650,NOT_ATTEMPTED,-,no,,
csq,7651,NOT_ATTEMPTED,-,no,,
csq,7663,NOT_ATTEMPTED,-,no,,
csq,7673,NOT_ATTEMPTED,-,no,,
csq,7674,NOT_ATTEMPTED,-,no,,
csq,7680,NOT_ATTEMPTED,-,no,,
csq,7682,NOT_ATTEMPTED,-,no,,
csq,7693,NOT_ATTEMPTED,-,no,,
csq,7694,NOT_ATTEMPTED,-,no,,
csq,7695,NOT_ATTEMPTED,-,no,,
csq,7700,NOT_ATTEMPTED,-,no,,
csq,7708,NOT_ATTEMPTED,-,no,,
csq,7712,NOT_ATTEMPTED,-,no,,
csq,7713,NOT_ATTEMPTED,-,no,,
csq,7722,NOT_ATTEMPTED,-,no,,
csq,7727,NOT_ATTEMPTED,-,no,,
csq,7728,NOT_ATTEMPTED,-,no,,
csq,7729,NOT_ATTEMPTED,-,no,,
csq,7740,NOT_ATTEMPTED,-,no,,
csq,7742,NOT_ATTEMPTED,-,no,,
csq,7744,NOT_ATTEMPTED,-,no,,
csq,7755,NOT_ATTEMPTED,-,no,,
csq,7760,NOT_ATTEMPTED,-,no,,
csq,7772,NOT_ATTEMPTED,-,no,,
csq,7791,NOT_ATTEMPTED,-,no,,
csq,7792,NOT_ATTEMPTED,-,no,,
csq,7800,NOT_ATTEMPTED,-,no,,
csq,7802,NOT_ATTEMPTED,-,no,,
csq,7809,NOT_ATTEMPTED,-,no,,
csq,7810,NOT_ATTEMPTED,-,no,,
csq,7820,NOT_ATTEMPTED,-,no,,
csq,7821,NOT_ATTEMPTED,-,no,,
csq,7824,NOT_ATTEMPTED,-,no,,
csq,7825,NOT_ATTEMPTED,-,no,,
csq,7828,NOT_ATTEMPTED,-,no,,
csq,7829,NOT_ATTEMPTED,-,no,,
csq,7830,NOT_ATTEMPTED,-,no,,
csq,7840,NOT_ATTEMPTED,-,no,,
csq,7849,NOT_ATTEMPTED,-,no,,
csq,7850,NOT_ATTEMPTED,-,no,,
csq,7851,NOT_ATTEMPTED,-,no,,
csq,7857,NOT_ATTEMPTED,-,no,,
csq,7866,NOT_ATTEMPTED,-,no,,
csq,7871,NOT_ATTEMPTED,-,no,,
csq,7875,NOT_ATTEMPTED,-,no,,
csq,7878,NOT_ATTEMPTED,-,no,,
csq,7889,NOT_ATTEMPTED,-,no,,
csq,7890,NOT_ATTEMPTED,-,no,,
csq,7896,NOT_ATTEMPTED,-,no,,
csq,7900,NOT_ATTEMPTED,-,no,,
csq,7905,NOT_ATTEMPTED,-,no,,
csq,7906,NOT_ATTEMPTED,-,no,,
csq,7907,NOT_ATTEMPTED,-,no,,
csq,7912,NOT_ATTEMPTED,-,no,,
csq,7921,NOT_ATTEMPTED,-,no,,
csq,7929,NOT_ATTEMPTED,-,no,,
csq,7930,NOT_ATTEMPTED,-,no,,
csq,7938,NOT_ATTEMPTED,-,no,,
csq,7943,NOT_ATTEMPTED,-,no,,
csq,7950,NOT_ATTEMPTED,-,no,,
csq,7951,NOT_ATTEMPTED,-,no,,
csq,7954,NOT_ATTEMPTED,-,no,,
csq,7956,NOT_ATTEMPTED,-,no,,
csq,7958,NOT_ATTEMPTED,-,no,,
csq,7965,NOT_ATTEMPTED,-,no,,
csq,7968,NOT_ATTEMPTED,-,no,,
csq,7970,NOT_ATTEMPTED,-,no,,
csq,7971,NOT_ATTEMPTED,-,no,,
csq,7979,NOT_ATTEMPTED,-,no,,
csq,7987,NOT_ATTEMPTED,-,no,,
csq,7988,NOT_ATTEMPTED,-,no,,
csq,7990,NOT_ATTEMPTED,-,no,,
csq,8000,NOT_ATTEMPTED,-,no,,
csq,8003,NOT_ATTEMPTED,-,no,,
csq,8004,NOT_ATTEMPTED,-,no,,
csq,8007,NOT_ATTEMPTED,-,no,,
csq,8008,NOT_ATTEMPTED,-,no,,
csq,8016,NOT_ATTEMPTED,-,no,,
csq,8058,NOT_ATTEMPTED,-,no,,
csq,8064,NOT_ATTEMPTED,-,no,,
csq,8069,NOT_ATTEMPTED,-,no,,
csq,8070,NOT_ATTEMPTED,-,no,,
csq,8080,NOT_ATTEMPTED,-,no,,
csq,8084,NOT_ATTEMPTED,-,no,,
csq,8085,NOT_ATTEMPTED,-,no,,
csq,8086,NOT_ATTEMPTED,-,no,,
csq,8087,NOT_ATTEMPTED,-,no,,
csq,8096,NOT_ATTEMPTED,-,no,,
csq,8109,NOT_ATTEMPTED,-,no,,
csq,8110,NOT_ATTEMPTED,-,no,,
csq,8112,NOT_ATTEMPTED,-,no,,
csq,8118,NOT_ATTEMPTED,-,no,,
csq,8131,NOT_ATTEMPTED,-,no,,
csq,8132,NOT_ATTEMPTED,-,no,,
csq,8134,NOT_ATTEMPTED,-,no,,
csq,8137,NOT_ATTEMPTED,-,no,,
csq,8142,NOT_ATTEMPTED,-,no,,
csq,8150,NOT_ATTEMPTED,-,no,,
csq,8151,NOT_ATTEMPTED,-,no,,
csq,8160,NOT_ATTEMPTED,-,no,,
csq,8168,NOT_ATTEMPTED,-,no,,
csq,8169,NOT_ATTEMPTED,-,no,,
csq,8178,NOT_ATTEMPTED,-,no,,
csq,8181,NOT_ATTEMPTED,-,no,,
csq,8184,NOT_ATTEMPTED,-,no,,
csq,8188,NOT_ATTEMPTED,-,no,,
csq,8189,NOT_ATTEMPTED,-,no,,
csq,8190,NOT_ATTEMPTED,-,no,,
csq,8200,NOT_ATTEMPTED,-,no,,
csq,8208,NOT_ATTEMPTED,-,no,,
csq,8211,NOT_ATTEMPTED,-,no,,
csq,8212,NOT_ATTEMPTED,-,no,,
csq,8216,NOT_ATTEMPTED,-,no,,
csq,8225,NOT_ATTEMPTED,-,no,,
csq,8256,NOT_ATTEMPTED,-,no,,
csq,8267,NOT_ATTEMPTED,-,no,,
csq,8268,NOT_ATTEMPTED,-,no,,
csq,8269,NOT_ATTEMPTED,-,no,,
csq,8272,NOT_ATTEMPTED,-,no,,
csq,8280,NOT_ATTEMPTED,-,no,,
csq,8292,NOT_ATTEMPTED,-,no,,
csq,8293,NOT_ATTEMPTED,-,no,,
csq,8300,NOT_ATTEMPTED,-,no,,
csq,8304,NOT_ATTEMPTED,-,no,,
csq,8313,NOT_ATTEMPTED,-,no,,
csq,8314,NOT_ATTEMPTED,-,no,,
csq,8316,NOT_ATTEMPTED,-,no,,
csq,8319,NOT_ATTEMPTED,-,no,,
csq,8320,NOT_ATTEMPTED,-,no,,
csq,8326,NOT_ATTEMPTED,-,no,,
csq,8330,NOT_ATTEMPTED,-,no,,
csq,8367,NOT_ATTEMPTED,-,no,,
csq,8372,NOT_ATTEMPTED,-,no,,
csq,8373,NOT_ATTEMPTED,-,no,,
csq,8379,NOT_ATTEMPTED,-,no,,
csq,8383,NOT_ATTEMPTED,-,no,,
csq,8395,NOT_ATTEMPTED,-,no,,
csq,8396,NOT_ATTEMPTED,-,no,,
csq,8400,NOT_ATTEMPTED,-,no,,
csq,8413,NOT_ATTEMPTED,-,no,,
csq,8416,NOT_ATTEMPTED,-,no,,
csq,8424,NOT_ATTEMPTED,-,no,,
csq,8428,NOT_ATTEMPTED,-,no,,
csq,8434,NOT_ATTEMPTED,-,no,,
csq,8435,NOT_ATTEMPTED,-,no,,
csq,8446,NOT_ATTEMPTED,-,no,,
csq,8448,NOT_ATTEMPTED,-,no,,
csq,8450,NOT_ATTEMPTED,-,no,,
csq,8451,NOT_ATTEMPTED,-,no,,
csq,8453,NOT_ATTEMPTED,-,no,,
csq,8454,NOT_ATTEMPTED,-,no,,
csq,8460,NOT_ATTEMPTED,-,no,,
csq,8476,NOT_ATTEMPTED,-,no,,
csq,8477,NOT_ATTEMPTED,-,no,,
csq,8484,NOT_ATTEMPTED,-,no,,
csq,8496,NOT_ATTEMPTED,-,no,,
csq,8498,NOT_ATTEMPTED,-,no,,
csq,8499,NOT_ATTEMPTED,-,no,,
csq,8500,NOT_ATTEMPTED,-,no,,
csq,8505,NOT_ATTEMPTED,-,no,,
csq,8507,NOT_ATTEMPTED,-,no,,
csq,8517,NOT_ATTEMPTED,-,no,,
csq,8518,NOT_ATTEMPTED,-,no,,
csq,8526,NOT_ATTEMPTED,-,no,,
csq,8528,NOT_ATTEMPTED,-,no,,
csq,8533,NOT_ATTEMPTED,-,no,,
csq,8534,NOT_ATTEMPTED,-,no,,
csq,8535,NOT_ATTEMPTED,-,no,,
csq,8536,NOT_ATTEMPTED,-,no,,
csq,8544,NOT_ATTEMPTED,-,no,,
csq,8549,NOT_ATTEMPTED,-,no,,
csq,8551,NOT_ATTEMPTED,-,no,,
csq,8554,NOT_ATTEMPTED,-,no,,
csq,8568,NOT_ATTEMPTED,-,no,,
csq,8652,NOT_ATTEMPTED,-,no,,
csq,8663,NOT_ATTEMPTED,-,no,,
csq,8664,NOT_ATTEMPTED,-,no,,
csq,8667,NOT_ATTEMPTED,-,no,,
csq,8670,NOT_ATTEMPTED,-,no,,
csq,8673,NOT_ATTEMPTED,-,no,,
csq,8684,NOT_ATTEMPTED,-,no,,
csq,8685,NOT_ATTEMPTED,-,no,,
csq,8688,NOT_ATTEMPTED,-,no,,
csq,8692,NOT_ATTEMPTED,-,no,,
csq,8695,NOT_ATTEMPTED,-,no,,
csq,8700,NOT_ATTEMPTED,-,no,,
csq,8704,NOT_ATTEMPTED,-,no,,
csq,8705,NOT_ATTEMPTED,-,no,,
csq,8715,NOT_ATTEMPTED,-,no,,
csq,8721,NOT_ATTEMPTED,-,no,,
csq,8722,NOT_ATTEMPTED,-,no,,
csq,8738,NOT_ATTEMPTED,-,no,,
csq,8745,NOT_ATTEMPTED,-,no,,
csq,8746,NOT_ATTEMPTED,-,no,,
csq,8750,NOT_ATTEMPTED,-,no,,
csq,8755,NOT_ATTEMPTED,-,no,,
csq,8768,NOT_ATTEMPTED,-,no,,
csq,8769,NOT_ATTEMPTED,-,no,,
csq,8771,NOT_ATTEMPTED,-,no,,
csq,8772,NOT_ATTEMPTED,-,no,,
csq,8774,NOT_ATTEMPTED,-,no,,
csq,8784,NOT_ATTEMPTED,-,no,,
csq,8788,NOT_ATTEMPTED,-,no,,
csq,8789,NOT_ATTEMPTED,-,no,,
csq,8798,NOT_ATTEMPTED,-,no,,
csq,8800,NOT_ATTEMPTED,-,no,,
csq,8807,NOT_ATTEMPTED,-,no,,
csq,8808,NOT_ATTEMPTED,-,no,,
csq,8820,NOT_ATTEMPTED,-,no,,
csq,8823,NOT_ATTEMPTED,-,no,,
csq,8824,NOT_ATTEMPTED,-,no,,
csq,8828,NOT_ATTEMPTED,-,no,,
csq,8829,NOT_ATTEMPTED,-,no,,
csq,8832,NOT_ATTEMPTED,-,no,,
csq,8840,NOT_ATTEMPTED,-,no,,
csq,8850,NOT_ATTEMPTED,-,no,,
csq,8851,NOT_ATTEMPTED,-,no,,
csq,8852,NOT_ATTEMPTED,-,no,,
csq,8856,NOT_ATTEMPTED,-,no,,
csq,8858,NOT_ATTEMPTED,-,no,,
csq,8869,NOT_ATTEMPTED,-,no,,
csq,8873,NOT_ATTEMPTED,-,no,,
csq,8880,NOT_ATTEMPTED,-,no,,
csq,8881,NOT_ATTEMPTED,-,no,,
csq,8892,NOT_ATTEMPTED,-,no,,
csq,8893,NOT_ATTEMPTED,-,no,,
csq,8900,NOT_ATTEMPTED,-,no,,
csq,8904,NOT_ATTEMPTED,-,no,,
csq,8910,NOT_ATTEMPTED,-,no,,
csq,8911,NOT_ATTEMPTED,-,no,,
csq,8918,NOT_ATTEMPTED,-,no,,
csq,8925,NOT_ATTEMPTED,-,no,,
csq,8926,NOT_ATTEMPTED,-,no,,
csq,8928,NOT_ATTEMPTED,-,no,,
csq,8935,NOT_ATTEMPTED,-,no,,
csq,8936,NOT_ATTEMPTED,-,no,,
csq,8944,NOT_ATTEMPTED,-,no,,
csq,8950,NOT_ATTEMPTED,-,no,,
csq,8957,NOT_ATTEMPTED,-,no,,
csq,8958,NOT_ATTEMPTED,-,no,,
csq,8961,NOT_ATTEMPTED,-,no,,
csq,8964,NOT_ATTEMPTED,-,no,,
csq,8967,NOT_ATTEMPTED,-,no,,
csq,8976,NOT_ATTEMPTED,-,no,,
csq,8978,NOT_ATTEMPTED,-,no,,
csq,8979,NOT_ATTEMPTED,-,no,,
csq,8988,NOT_ATTEMPTED,-,no,,
csq,8993,NOT_ATTEMPTED,-,no,,
csq,8996,NOT_ATTEMPTED,-,no,,
csq,8997,NOT_ATTEMPTED,-,no,,
csq,9000,NOT_ATTEMPTED,-,no,,
csq,9010,NOT_ATTEMPTED,-,no,,
csq,9013,NOT_ATTEMPTED,-,no,,
csq,9016,NOT_ATTEMPTED,-,no,,
csq,9019,NOT_ATTEMPTED,-,no,,
csq,9024,NOT_ATTEMPTED,-,no,,
csq,9030,NOT_ATTEMPTED,-,no,,
csq,9042,NOT_ATTEMPTED,-,no,,
csq,9043,NOT_ATTEMPTED,-,no,,
csq,9047,NOT_ATTEMPTED,-,no,,
csq,9048,NOT_ATTEMPTED,-,no,,
csq,9050,NOT_ATTEMPTED,-,no,,
csq,9063,NOT_ATTEMPTED,-,no,,
csq,9065,NOT_ATTEMPTED,-,no,,
csq,9072,NOT_ATTEMPTED,-,no,,
csq,9078,NOT_ATTEMPTED,-,no,,
csq,9083,NOT_ATTEMPTED,-,no,,
csq,9084,NOT_ATTEMPTED,-,no,,
csq,9095,NOT_ATTEMPTED,-,no,,
csq,9100,NOT_ATTEMPTED,-,no,,
csq,9101,NOT_ATTEMPTED,-,no,,
csq,9102,NOT_ATTEMPTED,-,no,,
csq,9103,NOT_ATTEMPTED,-,no,,
csq,9114,NOT_ATTEMPTED,-,no,,
csq,9117,NOT_ATTEMPTED,-,no,,
csq,9126,NOT_ATTEMPTED,-,no,,
csq,9127,NOT_ATTEMPTED,-,no,,
csq,9129,NOT_ATTEMPTED,-,no,,
csq,9135,NOT_ATTEMPTED,-,no,,
csq,9149,NOT_ATTEMPTED,-,no,,
csq,9150,NOT_ATTEMPTED,-,no,,
csq,9152,NOT_ATTEMPTED,-,no,,
csq,9156,NOT_ATTEMPTED,-,no,,
csq,9163,NOT_ATTEMPTED,-,no,,
csq,9169,NOT_ATTEMPTED,-,no,,
csq,9170,NOT_ATTEMPTED,-,no,,
csq,9180,NOT_ATTEMPTED,-,no,,
csq,9185,NOT_ATTEMPTED,-,no,,
csq,9186,NOT_ATTEMPTED,-,no,,
csq,9188,NOT_ATTEMPTED,-,no,,
csq,9189,NOT_ATTEMPTED,-,no,,
csq,9200,NOT_ATTEMPTED,-,no,,
csq,9202,NOT_ATTEMPTED,-,no,,
csq,9205,NOT_ATTEMPTED,-,no,,
csq,9211,NOT_ATTEMPTED,-,no,,
csq,9212,NOT_ATTEMPTED,-,no,,
csq,9222,NOT_ATTEMPTED,-,no,,
csq,9231,NOT_ATTEMPTED,-,no,,
csq,9234,NOT_ATTEMPTED,-,no,,
csq,9235,NOT_ATTEMPTED,-,no,,
csq,9240,NOT_ATTEMPTED,-,no,,
csq,9250,NOT_ATTEMPTED,-,no,,
csq,9257,NOT_ATTEMPTED,-,no,,
csq,9261,NOT_ATTEMPTED,-,no,,
csq,9265,NOT_ATTEMPTED,-,no,,
csq,9275,NOT_ATTEMPTED,-,no,,
csq,9276,NOT_ATTEMPTED,-,no,,
csq,9282,NOT_ATTEMPTED,-,no,,
csq,9288,NOT_ATTEMPTED,-,no,,
csq,9293,NOT_ATTEMPTED,-,no,,
csq,9294,NOT_ATTEMPTED,-,no,,
csq,9295,NOT_ATTEMPTED,-,no,,
csq,9296,NOT_ATTEMPTED,-,no,,
csq,9300,NOT_ATTEMPTED,-,no,,
csq,9309,NOT_ATTEMPTED,-,no,,
csq,9310,NOT_ATTEMPTED,-,no,,
csq,9320,NOT_ATTEMPTED,-,no,,
csq,9321,NOT_ATTEMPTED,-,no,,
csq,9328,NOT_ATTEMPTED,-,no,,
csq,9333,NOT_ATTEMPTED,-,no,,
csq,9342,NOT_ATTEMPTED,-,no,,
csq,9343,NOT_ATTEMPTED,-,no,,
csq,9345,NOT_ATTEMPTED,-,no,,
csq,9350,NOT_ATTEMPTED,-,no,,
csq,9359,NOT_ATTEMPTED,-,no,,
csq,9360,NOT_ATTEMPTED,-,no,,
csq,9363,NOT_ATTEMPTED,-,no,,
csq,9364,NOT_ATTEMPTED,-,no,,
csq,9374,NOT_ATTEMPTED,-,no,,
csq,9380,NOT_ATTEMPTED,-,no,,
csq,9381,NOT_ATTEMPTED,-,no,,
csq,9382,NOT_ATTEMPTED,-,no,,
csq,9384,NOT_ATTEMPTED,-,no,,
csq,9396,NOT_ATTEMPTED,-,no,,
csq,9398,NOT_ATTEMPTED,-,no,,
csq,9399,NOT_ATTEMPTED,-,no,,
csq,9400,NOT_ATTEMPTED,-,no,,
csq,9405,NOT_ATTEMPTED,-,no,,
csq,9406,NOT_ATTEMPTED,-,no,,
csq,9408,NOT_ATTEMPTED,-,no,,
csq,9412,NOT_ATTEMPTED,-,no,,
csq,9416,NOT_ATTEMPTED,-,no,,
csq,9429,NOT_ATTEMPTED,-,no,,
csq,9430,NOT_ATTEMPTED,-,no,,
csq,9434,NOT_ATTEMPTED,-,no,,
csq,9435,NOT_ATTEMPTED,-,no,,
csq,9483,NOT_ATTEMPTED,-,no,,
csq,9492,NOT_ATTEMPTED,-,no,,
csq,9500,NOT_ATTEMPTED,-,no,,
csq,9515,NOT_ATTEMPTED,-,no,,
csq,9516,NOT_ATTEMPTED,-,no,,
csq,9520,NOT_ATTEMPTED,-,no,,
csq,9523,NOT_ATTEMPTED,-,no,,
csq,9537,NOT_ATTEMPTED,-,no,,
csq,9538,NOT_ATTEMPTED,-,no,,
csq,9539,NOT_ATTEMPTED,-,no,,
csq,9540,NOT_ATTEMPTED,-,no,,
csq,9546,NOT_ATTEMPTED,-,no,,
csq,9550,NOT_ATTEMPTED,-,no,,
csq,9558,NOT_ATTEMPTED,-,no,,
csq,9559,NOT_ATTEMPTED,-,no,,
csq,9568,NOT_ATTEMPTED,-,no,,
csq,9570,NOT_ATTEMPTED,-,no,,
csq,9576,NOT_ATTEMPTED,-,no,,
csq,9577,NOT_ATTEMPTED,-,no,,
csq,9578,NOT_ATTEMPTED,-,no,,
csq,9592,NOT_ATTEMPTED,-,no,,
csq,9593,NOT_ATTEMPTED,-,no,,
csq,9594,NOT_ATTEMPTED,-,no,,
csq,9600,NOT_ATTEMPTED,-,no,,
csq,9602,NOT_ATTEMPTED,-,no,,
csq,9603,NOT_ATTEMPTED,-,no,,
csq,9612,NOT_ATTEMPTED,-,no,,
csq,9620,NOT_ATTEMPTED,-,no,,
csq,9625,NOT_ATTEMPTED,-,no,,
csq,9626,NOT_ATTEMPTED,-,no,,
csq,9630,NOT_ATTEMPTED,-,no,,
csq,9632,NOT_ATTEMPTED,-,no,,
csq,9639,NOT_ATTEMPTED,-,no,,
csq,9650,NOT_ATTEMPTED,-,no,,
csq,9680,NOT_ATTEMPTED,-,no,,
csq,9684,NOT_ATTEMPTED,-,no,,
csq,9685,NOT_ATTEMPTED,-,no,,
csq,9689,NOT_ATTEMPTED,-,no,,
csq,9690,NOT_ATTEMPTED,-,no,,
csq,9701,NOT_ATTEMPTED,-,no,,
csq,9713,NOT_ATTEMPTED,-,no,,
csq,9714,NOT_ATTEMPTED,-,no,,
csq,9718,NOT_ATTEMPTED,-,no,,
csq,9720,NOT_ATTEMPTED,-,no,,
csq,9724,NOT_ATTEMPTED,-,no,,
csq,9735,NOT_ATTEMPTED,-,no,,
csq,9736,NOT_ATTEMPTED,-,no,,
csq,9737,NOT_ATTEMPTED,-,no,,
csq,9744,NOT_ATTEMPTED,-,no,,
csq,9752,NOT_ATTEMPTED,-,no,,
csq,9756,NOT_ATTEMPTED,-,no,,
csq,9757,NOT_ATTEMPTED,-,no,,
csq,9768,NOT_ATTEMPTED,-,no,,
csq,9774,NOT_ATTEMPTED,-,no,,
csq,9775,NOT_ATTEMPTED,-,no,,
csq,9776,NOT_ATTEMPTED,-,no,,
csq,9790,NOT_ATTEMPTED,-,no,,
csq,9792,NOT_ATTEMPTED,-,no,,
csq,9800,NOT_ATTEMPTED,-,no,,
csq,9801,NOT_ATTEMPTED,-,no,,
csq,9810,NOT_ATTEMPTED,-,no,,
csq,9824,NOT_ATTEMPTED,-,no,,
csq,9825,NOT_ATTEMPTED,-,no,,
csq,9828,NOT_ATTEMPTED,-,no,,
csq,9831,NOT_ATTEMPTED,-,no,,
csq,9845,NOT_ATTEMPTED,-,no,,
csq,9846,NOT_ATTEMPTED,-,no,,
csq,9856,NOT_ATTEMPTED,-,no,,
csq,9858,NOT_ATTEMPTED,-,no,,
csq,9861,NOT_ATTEMPTED,-,no,,
csq,9862,NOT_ATTEMPTED,-,no,,
csq,9865,NOT_ATTEMPTED,-,no,,
csq,9866,NOT_ATTEMPTED,-,no,,
csq,9879,NOT_ATTEMPTED,-,no,,
csq,9880,NOT_ATTEMPTED,-,no,,
csq,9882,NOT_ATTEMPTED,-,no,,
csq,9883,NOT_ATTEMPTED,-,no,,
csq,9888,NOT_ATTEMPTED,-,no,,
csq,9889,NOT_ATTEMPTED,-,no,,
csq,9894,NOT_ATTEMPTED,-,no,,
csq,9900,NOT_ATTEMPTED,-,no,,
csq,9912,NOT_ATTEMPTED,-,no,,
csq,9913,NOT_ATTEMPTED,-,no,,
csq,9918,NOT_ATTEMPTED,-,no,,
csq,9919,NOT_ATTEMPTED,-,no,,
csq,9935,NOT_ATTEMPTED,-,no,,
csq,9944,NOT_ATTEMPTED,-,no,,
csq,9955,NOT_ATTEMPTED,-,no,,
csq,9956,NOT_ATTEMPTED,-,no,,
csq,9964,NOT_ATTEMPTED,-,no,,
csq,9968,NOT_ATTEMPTED,-,no,,
csq,9974,NOT_ATTEMPTED,-,no,,
csq,9975,NOT_ATTEMPTED,-,no,,
csq,9976,NOT_ATTEMPTED,-,no,,
csq,9984,NOT_ATTEMPTED,-,no,,
csq,9991,NOT_ATTEMPTED,-,no,,
csq,9996,NOT_ATTEMPTED,-,no,,
