shelf,N,published_radius,new_radius,relative_gain,kind,precision
ccq,57,0.059296796748175769239897558746,0.0592968049709888566957215525711,1.386721e-07,SMALL (unclear),hp
ccq,59,0.058229778872367047562758347311,0.0582299343019569523283627512728,2.669246e-06,NEW ARRANGEMENT,hp
ccq,63,0.056439910614597870967413316364,0.0564493874816213802081129360728,1.679107e-04,NEW ARRANGEMENT,hp
ccq,70,0.053838632742106852500240476249,0.0538386353477508725732307968972,4.839729e-08,SMALL (unclear),hp
ccq,78,0.050969656550876277737480334185,0.0509696947193451832769573886212,7.488469e-07,SMALL (unclear),hp
ccq,85,0.049029773123640570574387596041,0.049030789959823986079462526637,2.073916e-05,NEW ARRANGEMENT,hp
ccq,86,0.048718942595282814644415806633,0.0487202891831599312801800015462,2.763992e-05,NEW ARRANGEMENT,hp
ccq,87,0.048394069366077102053419807327,0.0484078039007909681113769351026,2.838062e-04,NEW ARRANGEMENT,hp
ccq,90,0.047690815763978770675769818572,0.0476918088525031412548722594061,2.082348e-05,NEW ARRANGEMENT,hp
ccq,92,0.047143089137604011316317166039,0.0471434236615112217868850787105,7.095927e-06,NEW ARRANGEMENT,hp
ccq,98,0.045753164215951218411157236927,0.0457547254584335678095687608431,3.412316e-05,NEW ARRANGEMENT,hp
ccq,99,0.045543244595615184739876255041,0.0455450578307380291892736512332,3.981348e-05,NEW ARRANGEMENT,hp
ccq,100,0.045421461297472835606397648395,0.0454217428594964798478309045131,6.198876e-06,NEW ARRANGEMENT,hp
ccq,105,0.044187434847504235562011350418,0.0442170242919726763838595957612,6.696348e-04,NEW ARRANGEMENT,hp
ccq,106,0.044021539019473353049777899203,0.0440220560741521727645928656323,1.174549e-05,NEW ARRANGEMENT,hp
ccq,108,0.043650810083632774908072229540,0.0436508586891548125956630416557,1.113508e-06,NEW ARRANGEMENT,hp
ccq,111,0.043146290244897913890471382024,0.0431464106614693998972010061952,2.790890e-06,NEW ARRANGEMENT,hp
ccq,112,0.042900591891557121480073940343,0.0429006536291878443151950695565,1.439086e-06,NEW ARRANGEMENT,hp
ccq,113,0.042796186715069609522420065930,0.0427980823350869699512959294187,4.429413e-05,NEW ARRANGEMENT,hp
ccq,114,0.042568121129894523227427201137,0.0425862356068926187454035710697,4.255409e-04,NEW ARRANGEMENT,hp
ccq,115,0.042379410845075479510806140895,0.0423794319770346871754826312008,4.986374e-07,SMALL (unclear),hp
ccq,116,0.042207300576844288904254584632,0.042213721809635515676822152129,1.521356e-04,NEW ARRANGEMENT,hp
ccq,117,0.041999098154912066645377558893,0.0420046210378016022379139438307,1.315000e-04,NEW ARRANGEMENT,hp
ccq,118,0.041827105447510659508904074709,0.041833591283399424014246233024,1.550630e-04,NEW ARRANGEMENT,hp
ccq,119,0.041664363838892453146555708345,0.0416686995698629414920291060083,1.040633e-04,NEW ARRANGEMENT,hp
ccq,120,0.041528702890877599133163133735,0.0415288142202436845224296739365,2.680781e-06,NEW ARRANGEMENT,hp
ccq,121,0.041343986760658147036947762851,0.0413451429872371453892538078181,2.796602e-05,NEW ARRANGEMENT,hp
ccq,122,0.041138228676572956727695854654,0.0411396593515756043306806853884,3.477726e-05,NEW ARRANGEMENT,hp
ccq,123,0.041010465996361532835978001803,0.0410104773850302180775315850948,2.777015e-07,SMALL (unclear),hp
ccq,124,0.040839089927107800350836839437,0.0408442361376937807711093025473,1.260119e-04,NEW ARRANGEMENT,hp
ccq,125,0.040665412126370336744932079773,0.0406665571760143083957714668336,2.815783e-05,NEW ARRANGEMENT,hp
ccq,127,0.040374700053353078211844978714,0.0403773879926698722487781946674,6.657484e-05,NEW ARRANGEMENT,hp
ccq,128,0.040224180670223725750051286983,0.0402351384193329203117765453853,2.724170e-04,NEW ARRANGEMENT,hp
ccq,129,0.040096986299053851013745128894,0.0400970000810053345303718447072,3.437154e-07,SMALL (unclear),hp
ccq,132,0.039706823934972434809033287886,0.0397076879354143725130212473754,2.175950e-05,NEW ARRANGEMENT,hp
ccq,133,0.039571148531012335795435869060,0.0395725775202179016449945490661,3.611190e-05,NEW ARRANGEMENT,hp
ccq,134,0.039418708598368303843710418315,0.0394244722257811210730805284038,1.462155e-04,NEW ARRANGEMENT,hp
ccq,135,0.039228586335224107904497680509,0.0392322769534793032674984850189,9.407982e-05,NEW ARRANGEMENT,hp
ccq,136,0.039040377175033596131444600850,0.039067065671609882070061881372,6.836127e-04,NEW ARRANGEMENT,hp
ccq,137,0.038869939420518748988257412818,0.038870316290286037673393517358,9.695661e-06,NEW ARRANGEMENT,hp
ccq,138,0.038753806920383718788845877120,0.0387641012421181740856414456862,2.656338e-04,NEW ARRANGEMENT,hp
ccq,139,0.038630068470524239119782337252,0.0386399325374695246400803801404,2.553469e-04,NEW ARRANGEMENT,hp
ccq,140,0.038508217172066278583491662471,0.0385082738149431907327750707402,1.470930e-06,NEW ARRANGEMENT,hp
ccq,141,0.038360609675454577588528214836,0.0383610937853714681189950390586,1.261997e-05,NEW ARRANGEMENT,hp
ccq,142,0.038243452002782303647523987514,0.0382440686074770998534479292372,1.612314e-05,NEW ARRANGEMENT,hp
ccq,143,0.038140151285667893761278177377,0.0381421758984393486359089545372,5.308350e-05,NEW ARRANGEMENT,hp
ccq,145,0.037880672872338656525556105053,0.0378813712359013271825870989092,1.843588e-05,NEW ARRANGEMENT,hp
ccq,147,0.037613632038206761060854006001,0.0376138897078749197549260636012,6.850433e-06,NEW ARRANGEMENT,hp
ccq,148,0.037522960168921307510171809305,0.0375305860495325899826682462205,2.032324e-04,NEW ARRANGEMENT,hp
ccq,149,0.037419959581488897674409346897,0.0374224419297558379287119673147,6.633755e-05,NEW ARRANGEMENT,hp
ccq,201,0.032341139243844110976873340178,0.0323469192396544085384108125314,1.787196e-04,NEW ARRANGEMENT,hp
ccq,202,0.032274625517629213419874041977,0.0322747560990157961824346981442,4.045946e-06,NEW ARRANGEMENT,hp
ccq,203,0.032216567844599663297748040092,0.0322169670841030871181206830438,1.239237e-05,NEW ARRANGEMENT,hp
ccq,204,0.032143450312414174543614473832,0.0321450336614853266667587953123,4.925884e-05,NEW ARRANGEMENT,hp
ccq,205,0.032061898434788220527537408977,0.0320638434837778631944884607635,6.066543e-05,NEW ARRANGEMENT,hp
ccq,206,0.032005756775790694201734610015,0.0320075877465644337717029415959,5.720755e-05,NEW ARRANGEMENT,hp
ccq,207,0.031921319034744407434386971252,0.031921535317705572653906589238,6.775502e-06,NEW ARRANGEMENT,hp
ccq,208,0.031838380285333429121452062014,0.0318402118240016216050590639861,5.752613e-05,NEW ARRANGEMENT,hp
ccq,209,0.031770197444380545022008915611,0.0317708814052270747643829078345,2.152838e-05,NEW ARRANGEMENT,hp
ccq,210,0.031724240846375833974275238852,0.031726787787110827001003457713,8.028374e-05,NEW ARRANGEMENT,hp
ccq,211,0.031644979518215468277229306373,0.0316497419606170000783281234357,1.504960e-04,NEW ARRANGEMENT,hp
ccq,212,0.031535876303173390828052907524,0.0315417166204161371511164061353,1.851960e-04,NEW ARRANGEMENT,hp
ccq,213,0.031463656755278974547357818291,0.0314730105542627798058734754948,2.972890e-04,NEW ARRANGEMENT,hp
ccq,214,0.031393613119857380370400256274,0.0313969775959985022168511243753,1.071707e-04,NEW ARRANGEMENT,hp
ccq,215,0.031362274628565178292807517092,0.031362284913804967694756983296,3.279494e-07,SMALL (unclear),hp
ccq,216,0.031276226227071457755570259890,0.031276723089069213357581462327,1.588625e-05,NEW ARRANGEMENT,hp
ccq,217,0.031234288981354551625977219975,0.0312344456542918269479503511332,5.016056e-06,REFINEMENT,hp
ccq,218,0.031172934296327957863744269453,0.0311743666174394834874821758507,4.594759e-05,NEW ARRANGEMENT,hp
ccq,219,0.031117914617647727699661564768,0.031120608344730516089891034973,8.656515e-05,NEW ARRANGEMENT,hp
ccq,220,0.031034642599658221249627748165,0.0310385178981044835980701846698,1.248701e-04,NEW ARRANGEMENT,hp
ccq,221,0.030945798183216915640416119819,0.0309460580677903922938731199973,8.398057e-06,REFINEMENT,hp
ccq,222,0.030867124485691030785727199447,0.0308704906174871299852342667846,1.090523e-04,NEW ARRANGEMENT,hp
ccq,223,0.030802108468218903911471402234,0.0308135181697906258069476915819,3.704195e-04,NEW ARRANGEMENT,hp
ccq,224,0.030713010890799945946843945397,0.0307195270154534779153298793958,2.121617e-04,NEW ARRANGEMENT,hp
ccq,225,0.030638415845131143552309778385,0.0306573040291814095762799152259,6.164870e-04,NEW ARRANGEMENT,hp
ccq,226,0.030544239678884971435947875531,0.0305450186636320601172936487558,2.550349e-05,NEW ARRANGEMENT,hp
ccq,227,0.030491980460813935979623274134,0.0304930757307839173385941784459,3.591994e-05,NEW ARRANGEMENT,hp
ccq,228,0.030446503182072384174641514990,0.0304469716507397056222205231934,1.538662e-05,NEW ARRANGEMENT,hp
ccq,229,0.030389743945230429480309001555,0.0303929860166848236528241356253,1.066831e-04,NEW ARRANGEMENT,hp
ccq,230,0.030327668614238107898328761394,0.0303317431249782727143288587767,1.343496e-04,NEW ARRANGEMENT,hp
ccq,231,0.030262707641186489881034414118,0.0302653923195662057276938094055,8.871243e-05,NEW ARRANGEMENT,hp
ccq,232,0.030185107209498609304012575521,0.0301857343725255076623700295646,2.077723e-05,NEW ARRANGEMENT,hp
ccq,233,0.030132018392993824431462111755,0.0301334579495801860975802138743,4.777498e-05,NEW ARRANGEMENT,hp
ccq,234,0.030072291534594748628529729973,0.0300750671022427712611204930781,9.229651e-05,NEW ARRANGEMENT,hp
ccq,235,0.030013466413265829751794139134,0.0300197345127246473772630301672,2.088429e-04,NEW ARRANGEMENT,hp
ccq,236,0.029958285434083185622239318163,0.0299613390855329932075838952417,1.019301e-04,NEW ARRANGEMENT,hp
ccq,237,0.029900996522178801464063554202,0.0299027266299427381514547386253,5.786121e-05,NEW ARRANGEMENT,hp
ccq,238,0.029827790826800158507718326090,0.0298304554657003572199912446386,8.933410e-05,NEW ARRANGEMENT,hp
ccq,239,0.029752691470288250271052981213,0.0297560323614225053628749196523,1.122887e-04,NEW ARRANGEMENT,hp
ccq,240,0.029729958850170637028357161416,0.029731959611150083192749846305,6.729781e-05,NEW ARRANGEMENT,hp
ccq,241,0.029652142689658777191183712633,0.0296530589773866063152353452257,3.090123e-05,NEW ARRANGEMENT,hp
ccq,242,0.029603574272423193052297738901,0.0296078148680791013527647795476,1.432461e-04,NEW ARRANGEMENT,hp
ccq,243,0.029575055260237009581374385454,0.0295758164381717076088739535567,2.573716e-05,NEW ARRANGEMENT,hp
ccq,244,0.029479641982531970795983786093,0.0294826181871336832033223507897,1.009580e-04,NEW ARRANGEMENT,hp
ccq,245,0.029434301223297864908324889617,0.0294455183362392377728142933485,3.810898e-04,NEW ARRANGEMENT,hp
ccq,246,0.029399858135174480431989864407,0.0293998872019573373578134724115,9.886709e-07,SMALL (unclear),hp
ccq,247,0.029313276455027973859518557167,0.0293257331496562164433830149864,4.249506e-04,NEW ARRANGEMENT,hp
ccq,248,0.029264275534136050833879170480,0.02927599151853245495373163555,4.003511e-04,NEW ARRANGEMENT,hp
ccq,249,0.029186869521409828909201209103,0.0291962158484498403568970747832,3.202237e-04,NEW ARRANGEMENT,hp
ccq,250,0.029135022807625028068733579941,0.0291495051293536763860856787571,4.970760e-04,NEW ARRANGEMENT,hp
ccq,251,0.029064485789349924015663160531,0.0290897246668868624420328950911,8.683752e-04,NEW ARRANGEMENT,hp
ccq,252,0.028992446477917760137558520814,0.02899410457794954435547033975,5.719076e-05,NEW ARRANGEMENT,hp
ccq,253,0.028931951607771604071277051243,0.028938306178440919481718475449,2.196385e-04,NEW ARRANGEMENT,hp
ccq,254,0.028903163657343623601809801592,0.0289032666012882434566408414012,3.561684e-06,NEW ARRANGEMENT,hp
ccq,255,0.028826910595817317580385681650,0.0288322911094450703217777513078,1.866490e-04,NEW ARRANGEMENT,hp
ccq,256,0.028775357303994211639544464647,0.0287804054891584132536259149807,1.754343e-04,NEW ARRANGEMENT,hp
ccq,257,0.028740518223450786767892539708,0.0287411527939783579403661921848,2.207930e-05,NEW ARRANGEMENT,hp
ccq,258,0.028675194763325213931599657321,0.0286768786524141933091921151684,5.872285e-05,NEW ARRANGEMENT,hp
ccq,259,0.028618312221257110647965320099,0.028628823883202416656936161505,3.673054e-04,NEW ARRANGEMENT,hp
ccq,260,0.028579549321180630584186511116,0.0285833451378483853771124033639,1.328158e-04,NEW ARRANGEMENT,hp
ccq,261,0.028530694264293309806658858612,0.0285348575928817609252960058815,1.459245e-04,NEW ARRANGEMENT,hp
ccq,262,0.028462909046514130433804117907,0.0284685505109522258666281172016,1.982041e-04,NEW ARRANGEMENT,hp
ccq,263,0.028413515977445579318098207685,0.0284242596608475211190592399399,3.781188e-04,NEW ARRANGEMENT,hp
ccq,264,0.028384247152930005079118403281,0.0283854906373503850732091614463,4.380896e-05,NEW ARRANGEMENT,hp
ccq,265,0.028332016886475537453048768513,0.0283417184876780799480178992352,3.424254e-04,NEW ARRANGEMENT,hp
ccq,266,0.028278012352339868655072394711,0.0282808952040708741147972095123,1.019468e-04,NEW ARRANGEMENT,hp
ccq,267,0.028207342667237912699672150520,0.0282111489652290116172198169429,1.349400e-04,NEW ARRANGEMENT,hp
ccq,268,0.028169688389055924937667091338,0.0281736003006860022875144889595,1.388695e-04,NEW ARRANGEMENT,hp
ccq,269,0.028128464128321893028422624860,0.0281296741148708421002709407809,4.301645e-05,NEW ARRANGEMENT,hp
ccq,271,0.028006024648958657048299780157,0.0280063188023100242901580422254,1.050322e-05,NEW ARRANGEMENT,hp
ccq,272,0.027974177081458299414150343488,0.0279791505946083487603408741514,1.777894e-04,NEW ARRANGEMENT,hp
ccq,273,0.027908598277658195576197012678,0.0279110043759547482537764624428,8.621351e-05,NEW ARRANGEMENT,hp
ccq,274,0.027857827733356763573281267172,0.0278598357391055979173661781129,7.208049e-05,NEW ARRANGEMENT,hp
ccq,275,0.027809002869611580043845686953,0.027810019188639402382286435442,3.654640e-05,NEW ARRANGEMENT,hp
ccq,277,0.027712252308508207501176127561,0.0277297796457478558852778476648,6.324761e-04,NEW ARRANGEMENT,hp
ccq,278,0.027651746586473511331203320774,0.0276579773079722598241387022405,2.253283e-04,NEW ARRANGEMENT,hp
ccq,279,0.027603205063676750129159098713,0.0276123540340444330918871886269,3.314459e-04,NEW ARRANGEMENT,hp
ccq,280,0.027557283822103039262338758918,0.0275642239731102534855731308703,2.518445e-04,NEW ARRANGEMENT,hp
ccq,281,0.027528500959210269395240025131,0.0275289401911549653264488785167,1.595553e-05,NEW ARRANGEMENT,hp
ccq,282,0.027456971371556832344307753164,0.0274570375063461612010952091941,2.408670e-06,NEW ARRANGEMENT,hp
ccq,283,0.027423092568339987593793257205,0.027426157085936444183190039171,1.117495e-04,NEW ARRANGEMENT,hp
ccq,284,0.027378621660017680993898333014,0.0273925967396412546124866195336,5.104377e-04,NEW ARRANGEMENT,hp
ccq,285,0.027319541952565351622787344405,0.0273196135937938826231292123359,2.622344e-06,NEW ARRANGEMENT,hp
ccq,286,0.027262527000404506097643055888,0.0272640935765953388555538373182,5.746262e-05,NEW ARRANGEMENT,hp
ccq,287,0.027227282738064834154013968814,0.0272321001949423316817576776635,1.769349e-04,NEW ARRANGEMENT,hp
ccq,288,0.027184084912724336664116236595,0.0271877685576739432737347726455,1.355074e-04,NEW ARRANGEMENT,hp
ccq,289,0.027126285109735480099773325569,0.0271367736812992522698567364254,3.866571e-04,NEW ARRANGEMENT,hp
ccq,290,0.027082617474715904722383522001,0.0270846338351045396051875749059,7.445220e-05,NEW ARRANGEMENT,hp
ccq,291,0.027028451655817169996002040364,0.027035934706674623331583634005,2.768583e-04,NEW ARRANGEMENT,hp
ccq,293,0.026963393298796673095096643882,0.0269715734514107747577457026775,3.033799e-04,NEW ARRANGEMENT,hp
ccq,294,0.026952779910469586871753626154,0.0269544972450080691759506146749,6.371642e-05,NEW ARRANGEMENT,hp
ccq,295,0.026896282534245141268997727856,0.026896282560243528106082295182,9.666164e-10,SMALL (unclear),hp
ccq,296,0.026846311008980336499914239667,0.0268478242351533643318703978955,5.636626e-05,NEW ARRANGEMENT,hp
ccq,297,0.026826984691625261732435054769,0.0268290602411798405426621661495,7.736798e-05,NEW ARRANGEMENT,hp
ccq,298,0.026751887889701993284195349361,0.026754346945154288641809222958,9.192082e-05,NEW ARRANGEMENT,hp
ccq,299,0.026714210616744195414678968929,0.0267179003527098348140439463507,1.381188e-04,NEW ARRANGEMENT,hp
ccq,300,0.026678506222513658431066627243,0.0266808852441622384775598229591,8.917372e-05,NEW ARRANGEMENT,hp
ccq,301,0.026611063497187978843585465957,0.0266148791901882124935526947465,1.433875e-04,NEW ARRANGEMENT,hp
ccq,302,0.026568451415399594408249906955,0.0265715090413686948243966418588,1.150848e-04,NEW ARRANGEMENT,hp
ccq,303,0.026537197119921067510459751806,0.0265429885682487913750049317636,2.182389e-04,NEW ARRANGEMENT,hp
ccq,304,0.026473845498943145372397511873,0.0264844678207260253942248812265,4.012383e-04,NEW ARRANGEMENT,hp
ccq,305,0.026428368861103396273542922562,0.0264303157551990206234954252271,7.366683e-05,NEW ARRANGEMENT,hp
ccq,306,0.026382780604140884620499960803,0.0263892324965995706048714822784,2.445494e-04,NEW ARRANGEMENT,hp
ccq,307,0.026345779501268322761034320432,0.0263552628902623432673373734388,3.599586e-04,NEW ARRANGEMENT,hp
ccq,308,0.026295433560125655422478155416,0.0263074086982058107181472945343,4.554075e-04,NEW ARRANGEMENT,hp
ccq,309,0.026270792596310767593371220947,0.0262720885045194200836105436176,4.932886e-05,NEW ARRANGEMENT,hp
ccq,310,0.026220263802355620823232497321,0.0262312745782865671430033924589,4.199338e-04,NEW ARRANGEMENT,hp
ccq,311,0.026183260063808331187500418783,0.0261839089414204401985093626019,2.478216e-05,NEW ARRANGEMENT,hp
ccq,312,0.026149704384675791717372541670,0.0261503981158935835786797316162,2.652922e-05,NEW ARRANGEMENT,hp
ccq,313,0.026113588345962279868391766610,0.026115133357804395762998786017,5.916505e-05,NEW ARRANGEMENT,hp
ccq,314,0.026071627270816999028769732908,0.0260719258753514141000573988217,1.145324e-05,NEW ARRANGEMENT,hp
ccq,315,0.026044245372997027588186809504,0.0260468047597055601812908094513,9.827072e-05,NEW ARRANGEMENT,hp
ccq,316,0.026001728777789566083138319856,0.026002439962936370597691814396,2.735146e-05,NEW ARRANGEMENT,hp
ccq,317,0.025956667300572955171849924693,0.0259603426995880993674352390553,1.415975e-04,NEW ARRANGEMENT,hp
ccq,318,0.025913419057521647519301362528,0.025919052928844936261662946509,2.174113e-04,NEW ARRANGEMENT,hp
ccq,319,0.025873880129844426268827321696,0.0258777813954150654561924283236,1.507801e-04,NEW ARRANGEMENT,hp
ccq,320,0.025833604706265132535870280928,0.0258354528775769269769732874166,7.154136e-05,NEW ARRANGEMENT,hp
ccq,321,0.025791892763001229175846588380,0.0257968671311306558914796069057,1.928656e-04,NEW ARRANGEMENT,hp
ccq,322,0.025741939571621601509666368430,0.0257447002927286996570064729421,1.072460e-04,NEW ARRANGEMENT,hp
ccq,323,0.025718394669955269433069891547,0.0257219068599213219088766307625,1.365633e-04,NEW ARRANGEMENT,hp
ccq,324,0.025685766035552961609269505651,0.0256867439225236348642862038286,3.807116e-05,NEW ARRANGEMENT,hp
ccq,325,0.025646503759898902037330287051,0.0256481479005866043413868533158,6.410779e-05,NEW ARRANGEMENT,hp
ccq,326,0.025620775101039165388298925403,0.0256235657157604488997138153441,1.089200e-04,NEW ARRANGEMENT,hp
ccq,327,0.025574055021668674577623987719,0.0255788036551541962170621626172,1.856817e-04,NEW ARRANGEMENT,hp
ccq,328,0.025541398043075788550382834367,0.0255425309584521343931891707397,4.435604e-05,NEW ARRANGEMENT,hp
ccq,329,0.025502947913850018450741265738,0.0255073753798991194877962135469,1.736060e-04,NEW ARRANGEMENT,hp
ccq,330,0.025453888804897145493236934840,0.0254642155125653305240364872604,4.057026e-04,NEW ARRANGEMENT,hp
ccq,331,0.025402996513313218258769689179,0.0254074399355396796348709416011,1.749172e-04,NEW ARRANGEMENT,hp
ccq,332,0.025393222894083091692421736697,0.0253968347422474051983481621077,1.422367e-04,NEW ARRANGEMENT,hp
ccq,333,0.025331718991583996208038694627,0.0253373688020444671964112260586,2.230330e-04,NEW ARRANGEMENT,hp
ccq,334,0.025274417657443220262434218170,0.0252820652925458029464534559568,3.025840e-04,NEW ARRANGEMENT,hp
ccq,335,0.025235727541835654759100287574,0.0252540874668143519923924476994,7.275370e-04,NEW ARRANGEMENT,hp
ccq,336,0.025212319216303996332035419014,0.0252172563865664636731025039278,1.958237e-04,NEW ARRANGEMENT,hp
ccq,337,0.025180106362549007115942170209,0.0251857026184264849117590316599,2.222491e-04,NEW ARRANGEMENT,hp
ccq,338,0.025127493648930660715234515410,0.0251340957673151277168229736314,2.627448e-04,NEW ARRANGEMENT,hp
ccq,339,0.025105310641568190410837472353,0.0251086860632648596665858355771,1.344505e-04,NEW ARRANGEMENT,hp
ccq,340,0.025079810550795112705843193488,0.0250801440776435896385396088109,1.329862e-05,NEW ARRANGEMENT,hp
ccq,341,0.025039345325134570390463992011,0.0250395664759119423188365334351,8.832131e-06,NEW ARRANGEMENT,hp
ccq,342,0.025009472746826819080944706698,0.0250145125718991152195198539647,2.015166e-04,NEW ARRANGEMENT,hp
ccq,343,0.024963787109533376686283541031,0.0249768923977983305592533209288,5.249720e-04,NEW ARRANGEMENT,hp
ccq,344,0.024934953384611420901410837794,0.0249375323287715587170801906839,1.034269e-04,NEW ARRANGEMENT,hp
ccq,345,0.024904331818785602705154456373,0.0249081538575227578820970027006,1.534688e-04,NEW ARRANGEMENT,hp
ccq,346,0.024863141314712893527617170247,0.02486396830219982001544491777,3.326158e-05,NEW ARRANGEMENT,hp
ccq,347,0.024828671393335903904711148019,0.024829068954981718734725433034,1.601220e-05,NEW ARRANGEMENT,hp
ccq,348,0.024794951890863088961724915707,0.0248026157311989545639003919735,3.090887e-04,NEW ARRANGEMENT,hp
ccq,349,0.024761936081848368680947018782,0.024767380358807158039537520062,2.198648e-04,NEW ARRANGEMENT,hp
ccq,350,0.024713739851045203535994357092,0.0247346567700407601532249156248,8.463680e-04,NEW ARRANGEMENT,hp
ccq,351,0.024699499759160530401823931534,0.0247020762845159933670312582717,1.043149e-04,NEW ARRANGEMENT,hp
ccq,352,0.024662698346676968942279846139,0.0246655282719502820674169807961,1.147452e-04,NEW ARRANGEMENT,hp
ccq,353,0.024638827899444183198668238310,0.0246396934965513441303604871787,3.513142e-05,NEW ARRANGEMENT,hp
ccq,354,0.024624889275316956566241358686,0.0246324664848656855635952578995,3.077053e-04,NEW ARRANGEMENT,hp
ccq,355,0.024565871572170465388571819838,0.0245690051768534520955082317009,1.275593e-04,NEW ARRANGEMENT,hp
ccq,356,0.024537380495653206696718273285,0.0245443446952367150360746665667,2.838200e-04,NEW ARRANGEMENT,hp
ccq,357,0.024513179627408183597143794292,0.0245214208217680937315504060687,3.361944e-04,NEW ARRANGEMENT,hp
ccq,358,0.024474979030983906511113313490,0.0244808880688742041096422201775,2.414318e-04,NEW ARRANGEMENT,hp
ccq,359,0.024439931730897365686024873207,0.0244404157480651490803175334738,1.980436e-05,NEW ARRANGEMENT,hp
ccq,360,0.024418099411021496937738600627,0.0244194591115399698698478877546,5.568413e-05,NEW ARRANGEMENT,hp
ccq,361,0.024374104691784344911290210250,0.024376748534061941614432960854,1.084693e-04,NEW ARRANGEMENT,hp
ccq,362,0.024344784727005343174600838289,0.0243518077099032437250214235911,2.884800e-04,NEW ARRANGEMENT,hp
ccq,363,0.024303460916349719379973316482,0.02431318145337057184071219955,3.999651e-04,NEW ARRANGEMENT,hp
ccq,364,0.024236645536085254409344591279,0.0242553448583843682393782904893,7.715310e-04,NEW ARRANGEMENT,hp
ccq,365,0.024210940605576983616499200569,0.0242195366483385312630859346577,3.550479e-04,NEW ARRANGEMENT,hp
ccq,366,0.024181506859305843535052499429,0.0241838596330704834675723015252,9.729641e-05,NEW ARRANGEMENT,hp
ccq,367,0.024147759567863161248362752504,0.0241517800265211553205156359399,1.664941e-04,NEW ARRANGEMENT,hp
ccq,368,0.024135214009073084824764430510,0.0241419351117972762879530755783,2.784770e-04,NEW ARRANGEMENT,hp
ccq,370,0.024073680857806741387767518489,0.0240746847975752071441316615455,4.170279e-05,NEW ARRANGEMENT,hp
ccq,371,0.024051099798218890263185247011,0.0240542257946313412243676143047,1.299731e-04,NEW ARRANGEMENT,hp
ccq,372,0.024002224997826289643970643962,0.0240253853411164268546174667586,9.649248e-04,NEW ARRANGEMENT,hp
ccq,373,0.023980653158378101027691655430,0.02398557928249546543965444315,2.054208e-04,NEW ARRANGEMENT,hp
ccq,374,0.023956975687939146109418489328,0.0239609394985692389666526483417,1.654554e-04,NEW ARRANGEMENT,hp
ccq,375,0.023925921978370507711464444332,0.0239308361681369975062176213367,2.053919e-04,NEW ARRANGEMENT,hp
ccq,376,0.023877544233918421546696597603,0.0238815981585620363160248361752,1.697798e-04,NEW ARRANGEMENT,hp
ccq,377,0.023840445105782450804506636627,0.0238455185401909999957917399408,2.128079e-04,NEW ARRANGEMENT,hp
ccq,378,0.023813161318929372162208370566,0.0238235055652086779923896748918,4.343920e-04,NEW ARRANGEMENT,hp
ccq,379,0.023787997673572726452439886911,0.0237994009120029908070544532532,4.793694e-04,NEW ARRANGEMENT,hp
ccq,380,0.023778277733292925026055514278,0.0237802040161860903016569914471,8.101019e-05,NEW ARRANGEMENT,hp
ccq,381,0.023721667787113099706441305661,0.0237264188661287783948765381697,2.002844e-04,NEW ARRANGEMENT,hp
ccq,382,0.023691199365845207598242337020,0.0236912967824938084328829872137,4.111934e-06,NEW ARRANGEMENT,hp
ccq,383,0.023682545606811748288576876470,0.0236852414125559379253146074293,1.138309e-04,NEW ARRANGEMENT,hp
ccq,384,0.023640359088648297780593113600,0.0236418711877208593410203122592,6.396261e-05,NEW ARRANGEMENT,hp
ccq,385,0.023619119705674192463215178205,0.0236248925722800108243830575802,2.444150e-04,NEW ARRANGEMENT,hp
ccq,386,0.023595504619220628089219209110,0.0235989374495412125456659570953,1.454866e-04,NEW ARRANGEMENT,hp
ccq,387,0.023561050784462328381417426909,0.0235632519485743865591742040013,9.342385e-05,NEW ARRANGEMENT,hp
ccq,388,0.023530134870907997766013511812,0.0235348895009623545409270828378,2.020656e-04,NEW ARRANGEMENT,hp
ccq,389,0.023515813252408487006698245007,0.0235176482963485501722843895716,7.803447e-05,NEW ARRANGEMENT,hp
ccq,390,0.023464004940269259036801739720,0.0234748303611886397093603154528,4.613629e-04,NEW ARRANGEMENT,hp
ccq,391,0.023438695745537202163654010385,0.0234498393459601271489171171917,4.754360e-04,NEW ARRANGEMENT,hp
ccq,392,0.023415280088837639898832451292,0.0234212202586072684747769351788,2.536878e-04,NEW ARRANGEMENT,hp
ccq,393,0.023369553309651990153489687032,0.0233720761659477092575876269456,1.079548e-04,NEW ARRANGEMENT,hp
ccq,394,0.023336449933576908392790881778,0.023342031032963787489209403608,2.391580e-04,NEW ARRANGEMENT,hp
ccq,395,0.023305118467398619388846339613,0.0233087541748470796035488594402,1.560047e-04,NEW ARRANGEMENT,hp
ccq,396,0.023275852263680342752393100021,0.0232810994717318201040846528391,2.254357e-04,NEW ARRANGEMENT,hp
ccq,397,0.023243443422249742677425079158,0.023250445049745483427844366269,3.012302e-04,NEW ARRANGEMENT,hp
ccq,398,0.023214515937588520096232447557,0.0232257635792559556113532022207,4.845090e-04,NEW ARRANGEMENT,hp
ccq,399,0.023176899634047446644971908724,0.0231972994750036414627034255935,8.801799e-04,NEW ARRANGEMENT,hp
ccq,400,0.023158425634302602938395660426,0.0231619820767934792521517325674,1.535701e-04,NEW ARRANGEMENT,hp
ccq,401,0.023137463211018221331413172434,0.0231419778992976142774994069752,1.951246e-04,NEW ARRANGEMENT,hp
ccq,402,0.023119976034264802074362657973,0.023122222183337274737271665448,9.715188e-05,NEW ARRANGEMENT,hp
ccq,403,0.023099177102757106297742644211,0.0231055351602140826439217186443,2.752504e-04,NEW ARRANGEMENT,hp
ccq,404,0.023066516766777749381518969482,0.0230667294867326361428318768675,9.222023e-06,NEW ARRANGEMENT,hp
ccq,405,0.023034037290668222663867408359,0.0230363328199492689618054072049,9.965814e-05,NEW ARRANGEMENT,hp
ccq,406,0.023009609058826151530802122308,0.023009791876441228405378055688,7.945273e-06,NEW ARRANGEMENT,hp
ccq,407,0.022988910834185552855048401127,0.0229911778456583500759897883021,9.861326e-05,NEW ARRANGEMENT,hp
ccq,408,0.022962990691541337833350972166,0.0229643540508028937659566580481,5.937203e-05,NEW ARRANGEMENT,hp
ccq,409,0.022921980434400423643202439477,0.0229225836949021021483629712917,2.631799e-05,NEW ARRANGEMENT,hp
ccq,410,0.022901981079742414142011492999,0.0229041972355854935091134010627,9.676699e-05,NEW ARRANGEMENT,hp
ccq,411,0.022879142899155243349867517376,0.0228831628117888123421591998172,1.757021e-04,NEW ARRANGEMENT,hp
ccq,412,0.022839095201610763775615551839,0.0228433779679755796678494451691,1.875191e-04,NEW ARRANGEMENT,hp
ccq,413,0.022793277083854117500339575094,0.0228077102279858589442732879806,6.332194e-04,NEW ARRANGEMENT,hp
ccq,414,0.022780192595943952362942638870,0.0227830283927451657701656035497,1.244852e-04,NEW ARRANGEMENT,hp
ccq,415,0.022770188341761139537705819240,0.0227705508075551172771075290607,1.591844e-05,NEW ARRANGEMENT,hp
ccq,416,0.022746573209391082187043418376,0.0227466565734772340033229656066,3.664907e-06,NEW ARRANGEMENT,hp
ccq,417,0.022734859070069872851851586327,0.0227354590602464330359212306874,2.639076e-05,NEW ARRANGEMENT,hp
ccq,418,0.022711596795404007043825973367,0.022711928904575943482592228689,1.462289e-05,NEW ARRANGEMENT,hp
ccq,419,0.022675283982944550104021201172,0.0226763367347465119266969665292,4.642728e-05,NEW ARRANGEMENT,hp
ccq,420,0.022663429411007577381545346733,0.0226660590827441256199567085737,1.160315e-04,NEW ARRANGEMENT,hp
ccq,421,0.022628204726608484423660870676,0.0226311461942243569866562042261,1.299912e-04,NEW ARRANGEMENT,hp
ccq,422,0.022610438660737450164283939804,0.0226116081778836047831870866059,5.172466e-05,NEW ARRANGEMENT,hp
ccq,423,0.022582719903430084988050885778,0.0225856469981364429881754347646,1.296166e-04,NEW ARRANGEMENT,hp
ccq,424,0.022542855161517640009977623589,0.0225505922276426854015904727364,3.432159e-04,NEW ARRANGEMENT,hp
ccq,425,0.022506463348736155403987092076,0.0225087954467512054887291088902,1.036190e-04,NEW ARRANGEMENT,hp
ccq,426,0.022486863273434746289735926608,0.022499115684733373091191132105,5.448697e-04,NEW ARRANGEMENT,hp
ccq,427,0.022455350543739103295850107708,0.022457725915684594275063230786,1.057820e-04,NEW ARRANGEMENT,hp
ccq,428,0.022416500042844109830103866425,0.0224217104889646270336282794917,2.324380e-04,NEW ARRANGEMENT,hp
ccq,429,0.022383757336444985432248247254,0.0224032123054858869673509346577,8.691556e-04,NEW ARRANGEMENT,hp
ccq,430,0.022345677726957364885653414833,0.0223500908803039704799009960809,1.974947e-04,NEW ARRANGEMENT,hp
ccq,431,0.022328667329416136446940112383,0.0223288472475958778661392320272,8.057721e-06,NEW ARRANGEMENT,hp
ccq,432,0.022310930801806191655044823570,0.0223127614132987503189080030636,8.204998e-05,NEW ARRANGEMENT,hp
ccq,433,0.022296416854166189658925694309,0.0223007224459365088913703473063,1.931069e-04,NEW ARRANGEMENT,hp
ccq,434,0.022268226913616426976146277727,0.0222689549072105690558225354123,3.269203e-05,NEW ARRANGEMENT,hp
ccq,435,0.022253489188125723847878744093,0.02225401628123782480613617466,2.368586e-05,NEW ARRANGEMENT,hp
ccq,436,0.022217961917098165546657778261,0.0222180801902458449189692531503,5.323312e-06,NEW ARRANGEMENT,hp
ccq,437,0.022191470786345319097112348961,0.0221923764745310842214053518012,4.081245e-05,NEW ARRANGEMENT,hp
ccq,438,0.022172320003829324390044442363,0.0221765956956088828223034246854,1.928392e-04,NEW ARRANGEMENT,hp
ccq,439,0.022140018882983054477535043003,0.0221452590629216800624796517927,2.366836e-04,NEW ARRANGEMENT,hp
ccq,440,0.022119219009668641501832850044,0.0221220105142248746954569270083,1.262027e-04,NEW ARRANGEMENT,hp
ccq,441,0.022103197140136089008397100400,0.0221041715891511616607074261993,4.408634e-05,NEW ARRANGEMENT,hp
ccq,442,0.022080870677980352963606328896,0.0220853359449984173447032997757,2.022233e-04,NEW ARRANGEMENT,hp
ccq,443,0.022058132419865172306480901343,0.0220609472721698393844644707478,1.276106e-04,NEW ARRANGEMENT,hp
ccq,444,0.022025855149328300394836511485,0.0220347080288481910150262982861,4.019313e-04,NEW ARRANGEMENT,hp
ccq,445,0.022009317503037903037593678353,0.022012885018187372877777865535,1.620911e-04,NEW ARRANGEMENT,hp
ccq,446,0.021986755947083251691218464749,0.0219896474088890537765622240704,1.315093e-04,NEW ARRANGEMENT,hp
ccq,447,0.021958265991916381828893373438,0.0219596979807726130541690195954,6.521411e-05,NEW ARRANGEMENT,hp
ccq,448,0.021936780037287257870744448295,0.0219395421921696868290130650194,1.259143e-04,NEW ARRANGEMENT,hp
ccq,449,0.021906556524391651675454645434,0.0219073781873022973925278946734,3.750763e-05,NEW ARRANGEMENT,hp
ccq,450,0.021878170510679808021358202373,0.0218814532037297482692245366772,1.500442e-04,NEW ARRANGEMENT,hp
ccq,451,0.021851998603060797984337266316,0.0218575429900662609511449994225,2.537245e-04,NEW ARRANGEMENT,hp
ccq,452,0.021844050429071449861265945900,0.0218494624631606910495755734243,2.477578e-04,NEW ARRANGEMENT,hp
ccq,453,0.021822188560549746584949560449,0.0218236671605433998008380091118,6.775672e-05,NEW ARRANGEMENT,hp
ccq,454,0.021789785085591826347522866893,0.0217920809743536382266812182548,1.053654e-04,NEW ARRANGEMENT,hp
ccq,455,0.021784715023646644305786477715,0.0217857141349410124343975974214,4.586295e-05,NEW ARRANGEMENT,hp
ccq,456,0.021762345306504867192027618671,0.0217638177422528179179105036215,6.765979e-05,NEW ARRANGEMENT,hp
ccq,457,0.021736119222546678974380075453,0.0217363626510340713954937807609,1.119926e-05,NEW ARRANGEMENT,hp
ccq,458,0.021721351306519111745337524473,0.0217229422608334179557666429806,7.324380e-05,NEW ARRANGEMENT,hp
ccq,459,0.021679836135736845661092858785,0.0216803951110991900214938523613,2.578319e-05,NEW ARRANGEMENT,hp
ccq,460,0.021655518990601112592322215037,0.02166327079444964437501016878,3.579597e-04,NEW ARRANGEMENT,hp
ccq,461,0.021640081712112203344030542066,0.0216426062106532820529563352129,1.166585e-04,NEW ARRANGEMENT,hp
ccq,462,0.021601609266137023915603019115,0.0216066586211132650567361432162,2.337490e-04,NEW ARRANGEMENT,hp
ccq,463,0.021573800427821525499948618970,0.0215813836410000911263736352509,3.515010e-04,NEW ARRANGEMENT,hp
ccq,464,0.021544261123496090198680286439,0.0215453892039964771696202596122,5.236107e-05,NEW ARRANGEMENT,hp
ccq,465,0.021511020430517184363983536445,0.0215208654073270670858677593284,4.576713e-04,NEW ARRANGEMENT,hp
ccq,466,0.021491758131060982018547148551,0.0214924834149814756644471987461,3.374707e-05,NEW ARRANGEMENT,hp
ccq,467,0.021469537218493952747155651374,0.0214696307188357910250972390703,4.355024e-06,NEW ARRANGEMENT,hp
ccq,468,0.021447767870774872709918072674,0.0214544480340402276274521212015,3.114619e-04,NEW ARRANGEMENT,hp
ccq,469,0.021442484669164316332152538659,0.0214440788686387256340817098611,7.434770e-05,NEW ARRANGEMENT,hp
ccq,470,0.021412498282437624871710997490,0.021413859180595765318206065716,6.355625e-05,NEW ARRANGEMENT,hp
ccq,471,0.021400184100945643441335360934,0.0214002325093718277910612192511,2.262057e-06,NEW ARRANGEMENT,hp
ccq,472,0.021383421551668217225306387000,0.0213869775288341707066547504894,1.662960e-04,NEW ARRANGEMENT,hp
ccq,473,0.021355001419267357595552718410,0.0213559545713288069852922505836,4.463367e-05,NEW ARRANGEMENT,hp
ccq,474,0.021332690950169483911435549243,0.0213340530342181113318852279275,6.384961e-05,NEW ARRANGEMENT,hp
ccq,475,0.021309491385006324306079943306,0.0213165809799965377244231543915,3.326966e-04,NEW ARRANGEMENT,hp
ccq,476,0.021283986054843579072747420800,0.0212865723022447209011407872776,1.215114e-04,NEW ARRANGEMENT,hp
ccq,477,0.021266368513719139762217020933,0.0212683731720170872497281252088,9.426425e-05,NEW ARRANGEMENT,hp
ccq,478,0.021252847892658428270944561735,0.0212559545368337012980443151397,1.461754e-04,NEW ARRANGEMENT,hp
ccq,479,0.021225867692614113303409832221,0.0212276273314394077241115538844,8.290068e-05,NEW ARRANGEMENT,hp
ccq,480,0.021202993097285452917749058966,0.0212122743956542188976754852232,4.377353e-04,NEW ARRANGEMENT,hp
ccq,481,0.021179922862132882456103799962,0.021184787512750099455599939967,2.296822e-04,NEW ARRANGEMENT,hp
ccq,482,0.021157049874202139450165494786,0.0211609813578990401010444888329,1.858238e-04,NEW ARRANGEMENT,hp
ccq,483,0.021140786383162876443736271798,0.0211428961639795793717164617656,9.979670e-05,NEW ARRANGEMENT,hp
ccq,484,0.021116284642110598858745152860,0.0211164697675949162886662644537,8.766953e-06,NEW ARRANGEMENT,hp
ccq,485,0.021097602887796697833218813335,0.0210977867789839031905505153817,8.716212e-06,NEW ARRANGEMENT,hp
ccq,486,0.021078120213483722962104229358,0.0210876983243201817180827953623,4.544101e-04,NEW ARRANGEMENT,hp
ccq,487,0.021061086633128260914411531370,0.0210664956270709089520184410143,2.568241e-04,NEW ARRANGEMENT,hp
ccq,488,0.021034698408423612267441809149,0.0210381119190078665186534860178,1.622800e-04,NEW ARRANGEMENT,hp
ccq,489,0.021010063953815038044993996571,0.0210136224063570024363110047439,1.693690e-04,NEW ARRANGEMENT,hp
ccq,490,0.021000125238925065072298017461,0.0210033303826451571165797226568,1.526250e-04,NEW ARRANGEMENT,hp
ccq,491,0.020973872388856212396221490521,0.0209740621405674138549875849884,9.047052e-06,NEW ARRANGEMENT,hp
ccq,492,0.020955064880945878991166583113,0.020956893303558547087135148416,8.725445e-05,NEW ARRANGEMENT,hp
ccq,493,0.020944029189315782078226970365,0.0209471078969080534317830031827,1.469969e-04,NEW ARRANGEMENT,hp
ccq,494,0.020918830040919286981741392392,0.0209214181596188393151772508219,1.237220e-04,NEW ARRANGEMENT,hp
ccq,495,0.020892651829300030744979208090,0.0209020491078690043962830669471,4.497887e-04,NEW ARRANGEMENT,hp
ccq,496,0.020869517522621605272082654198,0.0208719427327691637763089192788,1.162083e-04,NEW ARRANGEMENT,hp
ccq,497,0.020860719164140037754921200166,0.0208639956801961291559736647946,1.570663e-04,NEW ARRANGEMENT,hp
ccq,498,0.020828916089058836766870209012,0.0208302591717399000034209607487,6.448164e-05,NEW ARRANGEMENT,hp
ccq,499,0.020793736958559955092252964200,0.0208066360264386007036199791862,6.203343e-04,NEW ARRANGEMENT,hp
ccq,500,0.020779697786477576723778629946,0.0208000650543299113274952280012,9.801523e-04,NEW ARRANGEMENT,hp
ccq,501,0.020763895315993008214893842516,0.0207716589743856761995188238276,3.739018e-04,NEW ARRANGEMENT,hp
ccq,502,0.020737828248266975577453516665,0.0207488045282419338088783099125,5.292878e-04,NEW ARRANGEMENT,hp
ccq,503,0.020721441943213831067667922213,0.0207257074051766968077984869971,2.058477e-04,NEW ARRANGEMENT,hp
ccq,504,0.020693251846146589090154400217,0.0206986651877270120333784964553,2.615994e-04,NEW ARRANGEMENT,hp
ccq,505,0.020669949984295528930630807164,0.0206755496007426589327805727514,2.709061e-04,NEW ARRANGEMENT,hp
ccq,506,0.020645015670215254247656232723,0.0206532787063854703501115200891,4.002436e-04,NEW ARRANGEMENT,hp
ccq,507,0.020622451105094714293542383685,0.0206326253095330670000973095959,4.933557e-04,NEW ARRANGEMENT,hp
ccq,508,0.020596613479423901389541557346,0.0206069957685213263017110324814,5.040775e-04,NEW ARRANGEMENT,hp
ccq,509,0.020573062187390532145485125063,0.0205764542733219031100992505491,1.648800e-04,NEW ARRANGEMENT,hp
ccq,510,0.020540246296382534586108634279,0.0205418862534830673092244287477,7.984116e-05,NEW ARRANGEMENT,hp
ccq,511,0.020524434941827088606591486444,0.0205269159859639002139755700868,1.208825e-04,NEW ARRANGEMENT,hp
ccq,512,0.020508051115268899472636743942,0.0205137067148078006918573297664,2.757746e-04,NEW ARRANGEMENT,hp
ccq,513,0.020489442275356826390297314691,0.0204979627903371930861433188839,4.158490e-04,NEW ARRANGEMENT,hp
ccq,514,0.020468703772464809137527308983,0.0204744621208019309507129721197,2.813245e-04,NEW ARRANGEMENT,hp
ccq,515,0.020451217885907799638074269939,0.020456318506816858571306757703,2.494043e-04,NEW ARRANGEMENT,hp
ccq,516,0.020422050079200140636808770641,0.0204274687845850361638850545763,2.653360e-04,NEW ARRANGEMENT,hp
ccq,517,0.020411607606633426878065721938,0.020414043865331584124188173739,1.193565e-04,NEW ARRANGEMENT,hp
ccq,518,0.020400834617556697236091400083,0.0204036455017325052951589286813,1.377828e-04,NEW ARRANGEMENT,hp
ccq,519,0.020395722284213626511200920639,0.0203974556328555954286306277412,8.498589e-05,NEW ARRANGEMENT,hp
ccq,520,0.020375404423138170298419687191,0.0203820584942664337437746974477,3.265737e-04,NEW ARRANGEMENT,hp
ccq,521,0.020357233745065556345453332753,0.0203617318674162767625706014834,2.209594e-04,NEW ARRANGEMENT,hp
ccq,522,0.020347770604561796496897625899,0.0203503486668355882805373858641,1.267000e-04,NEW ARRANGEMENT,hp
ccq,523,0.020328227710253574662539337721,0.0203283373547268786587694183389,5.393705e-06,NEW ARRANGEMENT,hp
ccq,524,0.020319248618310499822598558354,0.0203232127477147910187347658318,1.950923e-04,NEW ARRANGEMENT,hp
ccq,525,0.020308264877176185452449703970,0.0203093158775412244085279337287,5.175235e-05,NEW ARRANGEMENT,hp
ccq,526,0.020287717586877138035195287918,0.02028971816435741812152579522,9.861028e-05,NEW ARRANGEMENT,hp
ccq,527,0.020270082335564298517135580165,0.0202702467020006884987649717576,8.108819e-06,NEW ARRANGEMENT,hp
ccq,528,0.020254171388196264646141651198,0.02025467728729798076490788016,2.497753e-05,NEW ARRANGEMENT,hp
ccq,529,0.020219739867038641510341672640,0.0202237823091134456097172762789,1.999255e-04,NEW ARRANGEMENT,hp
ccq,530,0.020206610781630880979592352044,0.0202154952401795871028590874127,4.396808e-04,NEW ARRANGEMENT,hp
ccq,531,0.020187871088901171483484232898,0.0201902799837158994263702174568,1.193239e-04,NEW ARRANGEMENT,hp
ccq,532,0.020162374359423076943448058987,0.020164208904952925666851275158,9.098857e-05,NEW ARRANGEMENT,hp
ccq,533,0.020147023488640563906669366545,0.0201473886227570381742486634827,1.812348e-05,NEW ARRANGEMENT,hp
ccq,534,0.020137672127129520066022845518,0.0201383258585871519247963906762,3.246311e-05,NEW ARRANGEMENT,hp
ccq,535,0.020110910704116174753797552101,0.0201112785939031164120286314241,1.829304e-05,NEW ARRANGEMENT,hp
ccq,536,0.020099378335907983944720270383,0.020100090744946329201534422635,3.544433e-05,NEW ARRANGEMENT,hp
ccq,537,0.020067525987997299370900846968,0.0200700224570564802566282724534,1.244034e-04,NEW ARRANGEMENT,hp
ccq,538,0.020048746805423463475476831984,0.0200488327904316430730249187425,4.288797e-06,NEW ARRANGEMENT,hp
ccq,539,0.020039334758652242471760610993,0.0200404757762702750339582494822,5.693890e-05,NEW ARRANGEMENT,hp
ccq,540,0.020021823084566423486560940436,0.0200258123465434661567025014503,1.992457e-04,NEW ARRANGEMENT,hp
ccq,541,0.019990059510644059185056059490,0.0199906973049562684154011201927,3.190557e-05,NEW ARRANGEMENT,hp
ccq,542,0.019971860632539188340265532143,0.0199719690191695649742111237786,5.426967e-06,NEW ARRANGEMENT,hp
ccq,543,0.019947123728155304741262128176,0.0199554805801918581196272326436,4.189502e-04,NEW ARRANGEMENT,hp
ccq,544,0.019928563724360743906682225980,0.0199368798124846213622575484538,4.172949e-04,NEW ARRANGEMENT,hp
ccq,545,0.019918618775271735677200336175,0.0199228623460820407197737891409,2.130454e-04,NEW ARRANGEMENT,hp
ccq,546,0.019897827802797069543581056880,0.0199024511416373888960956427183,2.323539e-04,NEW ARRANGEMENT,hp
ccq,547,0.019870679589388971428946468750,0.0198743981591824165110200589564,1.871385e-04,NEW ARRANGEMENT,hp
ccq,548,0.019851848219804439704122764937,0.0198552781156812146423618001373,1.727746e-04,NEW ARRANGEMENT,hp
ccq,549,0.019825008792702710606798755408,0.0198314924229410447687873068945,3.270430e-04,NEW ARRANGEMENT,hp
ccq,550,0.019807672338155458435207602730,0.0198117904891592838395860195803,2.079069e-04,NEW ARRANGEMENT,hp
ccq,551,0.019792604042147465543369230006,0.0198017283398816442067170619854,4.609953e-04,NEW ARRANGEMENT,hp
ccq,552,0.019777659441892802440276294124,0.0197849032482582320272693714865,3.662621e-04,NEW ARRANGEMENT,hp
ccq,553,0.019759734676033163495916375948,0.0197677364628495790161246212918,4.049542e-04,NEW ARRANGEMENT,hp
ccq,554,0.019755175752640678755132975793,0.0197572267194241940269345693106,1.038192e-04,NEW ARRANGEMENT,hp
ccq,555,0.019727282455869897251134851742,0.0197290643218949146945206757613,9.032496e-05,NEW ARRANGEMENT,hp
ccq,556,0.019714517483349964535589386284,0.0197171402382270752020610001486,1.330367e-04,NEW ARRANGEMENT,hp
ccq,557,0.019700600744853614636351669625,0.0197032293152591201661001511702,1.334259e-04,NEW ARRANGEMENT,hp
ccq,558,0.019674481207313941999217608968,0.0196829776170048046975984091032,4.318492e-04,NEW ARRANGEMENT,hp
ccq,559,0.019660821259872105533559858010,0.0196663194483988445869633158342,2.796520e-04,NEW ARRANGEMENT,hp
ccq,560,0.019658605329311913132868507968,0.0196600510528545609236966855884,7.354151e-05,NEW ARRANGEMENT,hp
ccq,561,0.019643294792062520671749261034,0.0196448180063296798950670799977,7.754373e-05,NEW ARRANGEMENT,hp
ccq,562,0.019636102746979281664480453561,0.0196400896129432408071416985632,2.030375e-04,NEW ARRANGEMENT,hp
ccq,563,0.019620047237248877906790680118,0.0196204005604603710856225997417,1.800828e-05,NEW ARRANGEMENT,hp
ccq,564,0.019604197008931883145709139046,0.0196058352317457083394270542156,8.356490e-05,NEW ARRANGEMENT,hp
ccq,565,0.019585172618235626782754170124,0.0195867620414509756799281097638,8.115441e-05,NEW ARRANGEMENT,hp
ccq,566,0.019572018640672778343609869855,0.0195724930855208811179293092996,2.424098e-05,NEW ARRANGEMENT,hp
ccq,567,0.019565033172685002188972507428,0.0195671740195737243571222312336,1.094221e-04,NEW ARRANGEMENT,hp
ccq,568,0.019544838916416805640492549246,0.0195460019569159146478962805669,5.950627e-05,NEW ARRANGEMENT,hp
ccq,569,0.019526232856979078051594758427,0.0195272694559130828368403625443,5.308750e-05,NEW ARRANGEMENT,hp
ccq,570,0.019508533871087089664263116822,0.0195093075341054065050479733637,3.965767e-05,NEW ARRANGEMENT,hp
ccq,571,0.019487175054926464045287662068,0.0194884451970692760151801350116,6.517836e-05,NEW ARRANGEMENT,hp
ccq,572,0.019469393585919683613881927162,0.0194726496723571454911262884186,1.672413e-04,NEW ARRANGEMENT,hp
ccq,573,0.019448034345373357185372140669,0.0194529955942926545405371185298,2.551028e-04,NEW ARRANGEMENT,hp
ccq,574,0.019432216344118874490499342252,0.0194356001890079416143582891189,1.741358e-04,NEW ARRANGEMENT,hp
ccq,575,0.019410347178486366029101273643,0.0194129059542768439455268482821,1.318253e-04,NEW ARRANGEMENT,hp
ccq,576,0.019390132594888085352069623604,0.0193921554898411293390878502654,1.043260e-04,NEW ARRANGEMENT,hp
ccq,577,0.019383960140962656818283386948,0.0193875684808134170338189259862,1.861508e-04,NEW ARRANGEMENT,hp
ccq,578,0.019357712238773236840430485802,0.0193600591961823155849843670394,1.212415e-04,NEW ARRANGEMENT,hp
ccq,579,0.019334308602987189204582065163,0.019335901973815080118074177451,8.241158e-05,NEW ARRANGEMENT,hp
ccq,581,0.019295298342752575406950732792,0.0192956327693338376350929506546,1.733202e-05,NEW ARRANGEMENT,hp
ccq,582,0.019283848536953743618625367945,0.0192840969442617273077559689681,1.288163e-05,NEW ARRANGEMENT,hp
ccq,583,0.019267889755314265622772074420,0.0192679750705340332518807553697,4.427845e-06,NEW ARRANGEMENT,hp
ccq,584,0.019247926865902439781204847571,0.019250743713897914519446263582,1.463455e-04,NEW ARRANGEMENT,hp
ccq,585,0.019230272488535883644598078810,0.0192344514923251397343409369291,2.173138e-04,NEW ARRANGEMENT,hp
ccq,586,0.019211573142449990737284322705,0.0192147978313700679959704673887,1.678514e-04,NEW ARRANGEMENT,hp
ccq,587,0.019185324932114592187929785666,0.0192016952560139011714234138853,8.532732e-04,NEW ARRANGEMENT,hp
ccq,588,0.019169841597838940952964085748,0.0191731906218245686919919382194,1.747027e-04,NEW ARRANGEMENT,hp
ccq,589,0.019159781495014877962036642823,0.0191624027447950782811463792483,1.368100e-04,NEW ARRANGEMENT,hp
ccq,590,0.019144376088411274580378426481,0.0191483274381607806223854660355,2.063974e-04,NEW ARRANGEMENT,hp
ccq,591,0.019129962756147227408600548617,0.0191342140729093134982100963909,2.222334e-04,NEW ARRANGEMENT,hp
ccq,592,0.019109962194278504572796308229,0.0191178490171046043565230389494,4.127074e-04,NEW ARRANGEMENT,hp
ccq,593,0.019102207636575821058459644842,0.0191078274957835973613074680159,2.941995e-04,NEW ARRANGEMENT,hp
ccq,594,0.019085496934730710125866218984,0.0190916996062939331458217340421,3.249940e-04,NEW ARRANGEMENT,hp
ccq,595,0.019065810984877064980631034797,0.0190716914130253588250188784019,3.084279e-04,NEW ARRANGEMENT,hp
ccq,596,0.019052974788866087634248111647,0.0190601890002708422983334032414,3.786396e-04,NEW ARRANGEMENT,hp
ccq,597,0.019046101391334905818654541463,0.0190466403363218207061848518315,2.829687e-05,NEW ARRANGEMENT,hp
ccq,598,0.019027181397767250138410239739,0.0190333091520736780195386458925,3.220527e-04,NEW ARRANGEMENT,hp
ccq,599,0.019018384780189938935674833170,0.0190203165754457431880561569882,1.015751e-04,NEW ARRANGEMENT,hp
ccq,600,0.018995948824214276328477016848,0.0190000147989429262155701637797,2.140443e-04,NEW ARRANGEMENT,hp
crc_100,83,0.017873831044412848954159341623,0.0178748787421284905932334371876,5.861629e-05,NEW ARRANGEMENT,hp
crc_100,87,0.017106893009055824348708259907,0.0171087691118766429991725909388,1.096694e-04,NEW ARRANGEMENT,hp
crc_100,91,0.016568554989508606121533283341,0.0165686452713659967196497694841,5.448988e-06,NEW ARRANGEMENT,hp
crc_100,97,0.015919736977724074240241815368,0.015920525752998472998128560717,4.954700e-05,NEW ARRANGEMENT,hp
crc_100,145,0.013564814637607612112655411392,0.0135660558995773602301231052473,9.150600e-05,NEW ARRANGEMENT,hp
crc_100,169,0.012272116541646642210725757760,0.0122757416967005876175928353913,2.953977e-04,NEW ARRANGEMENT,hp
crc_100,185,0.011783418200666870341738557327,0.0117835817425371104241866992828,1.387898e-05,NEW ARRANGEMENT,hp
crc_100,191,0.011650039561364683323127254589,0.0116500976997268430507338117287,4.990400e-06,NEW ARRANGEMENT,hp
crc_100,195,0.011567953195348693221249398036,0.0115679550153719827189210576219,1.573332e-07,REFINEMENT,hp
crc_100,196,0.011550535051345135885970070871,0.0115505718297674486043324070399,3.184131e-06,NEW ARRANGEMENT,hp
crc_100,197,0.011534585223056493945459212696,0.011534585813699762666740667447,5.120629e-08,SMALL (unclear),hp
crc_200,43,0.033958773032007974007889262796,0.0339587928743215479583388258165,5.843060e-07,SMALL (unclear),hp
crc_200,70,0.027777800548174088041633491128,0.0277778011023282363519096518494,1.994953e-08,REFINEMENT,hp
crc_200,73,0.026704745881396873341022844175,0.0267047792087320949510426830185,1.247993e-06,NEW ARRANGEMENT,hp
crc_200,79,0.025288095148916152906272276737,0.0252886989161325660606992006917,2.387555e-05,NEW ARRANGEMENT,hp
crc_200,89,0.023819794994046352405071851165,0.023821219819258380074432213899,5.981685e-05,NEW ARRANGEMENT,hp
crc_200,111,0.021939239930453824808338400718,0.0219398583836757267349378877666,2.818936e-05,NEW ARRANGEMENT,hp
crc_200,113,0.021791488616319364922145546648,0.0217914886297684475753128603892,6.171714e-10,REFINEMENT,hp
crc_200,124,0.020394425835144745237345723336,0.020401266763969820614938787912,3.354313e-04,NEW ARRANGEMENT,hp
crc_200,133,0.019745036704881803256928217024,0.0197451080013460713826363149268,3.610855e-06,NEW ARRANGEMENT,hp
crc_200,134,0.019690055618071636154123936171,0.0196900557385316132204930637006,6.117808e-09,SMALL (unclear),hp
crc_200,136,0.019559084400308558537495305988,0.0195593561844986223084968504478,1.389555e-05,NEW ARRANGEMENT,hp
crc_200,149,0.018980269061929650669912513182,0.0189803030473709940151501083137,1.790567e-06,NEW ARRANGEMENT,hp
crc_200,151,0.018897984682813392597327561906,0.0188984306669752489741637309823,2.359956e-05,NEW ARRANGEMENT,hp
crc_200,154,0.018807774894311212657423312895,0.0188082229585935729081603702823,2.382335e-05,NEW ARRANGEMENT,hp
crc_200,158,0.018555601980318251752435181389,0.01855560323079300084484884997,6.739069e-08,SMALL (unclear),hp
crc_200,159,0.018529472433616946494800034439,0.0185294964383756024255944383382,1.295491e-06,REFINEMENT,hp
crc_200,160,0.018376963609636770120054985487,0.0183825572321581039851834870906,3.043823e-04,NEW ARRANGEMENT,hp
crc_200,163,0.018102731366781063787019985970,0.0181027373822189502688362254153,3.322945e-07,SMALL (unclear),hp
crc_200,164,0.018016918469994105566898354588,0.0180169646115199820022043915646,2.561011e-06,NEW ARRANGEMENT,hp
crc_200,169,0.017670959048961068095108886507,0.0176712200613533551409637140443,1.477070e-05,NEW ARRANGEMENT,hp
crc_200,170,0.017597614131897344459899261797,0.0175985074711482048969840889147,5.076479e-05,NEW ARRANGEMENT,hp
crc_200,173,0.017413818330824168591939370427,0.0174194369663089520119730282526,3.226538e-04,NEW ARRANGEMENT,hp
crc_200,177,0.017227550349753667028417565356,0.0172275504294338206633376351487,4.625159e-09,SMALL (unclear),hp
crc_200,178,0.017168993872479793767858620284,0.0171690264984121830527862506711,1.900282e-06,NEW ARRANGEMENT,hp
crc_200,181,0.017037719043471376413552420262,0.0170395265754517481425133066473,1.060900e-04,NEW ARRANGEMENT,hp
crc_200,182,0.017002321952486092089707934491,0.0170023295804860301260257906831,4.486446e-07,SMALL (unclear),hp
crc_200,184,0.016926341702645105372235547282,0.016926341944410802195275910422,1.428340e-08,SMALL (unclear),hp
crc_200,185,0.016867959461749889103972291658,0.0168679625486283957481321491785,1.830025e-07,SMALL (unclear),hp
crc_200,190,0.016687805470685709619201234327,0.0166878649220303804080214400104,3.562562e-06,NEW ARRANGEMENT,hp
crc_200,193,0.016598725533982748946071190444,0.0165987320377920228995182828987,3.918258e-07,SMALL (unclear),hp
crc_200,195,0.016534560573301617772030844863,0.0165347564000967441660085428367,1.184348e-05,NEW ARRANGEMENT,hp
crc_200,196,0.016505011620721321446910667689,0.0165050150194458803893790844651,2.059208e-07,SMALL (unclear),hp
crc_200,202,0.016352971230128453120207638717,0.01635301608390465016942143578,2.742852e-06,NEW ARRANGEMENT,hp
crc_200,203,0.016335003007438524680796380123,0.0163350203230513260493152314697,1.060031e-06,NEW ARRANGEMENT,hp
crc_200,206,0.016273117664787137595561954257,0.0162731177984310966461625862009,8.212560e-09,SMALL (unclear),hp
crc_200,208,0.016214100185949151206700931970,0.0162149079256682864000733859111,4.981712e-05,NEW ARRANGEMENT,hp
crc_200,211,0.016161527617815283384135782989,0.016161528046020787458420456534,2.649536e-08,SMALL (unclear),hp
crc_200,212,0.016145071184917156211072513779,0.016145110708065718146387071637,2.448001e-06,NEW ARRANGEMENT,hp
crc_200,213,0.016134147011892969370338165664,0.0161341523612117104361162550445,3.315526e-07,REFINEMENT,hp
crc_200,214,0.016129033240963740118320822674,0.0161290400088878205080346601495,4.196113e-07,REFINEMENT,hp
crc_200,215,0.015952300606546573411517567313,0.0159523187169624074416052110554,1.135286e-06,NEW ARRANGEMENT,hp
crc_200,218,0.015771122920346430310110032169,0.0157719720849383300603252982656,5.384300e-05,NEW ARRANGEMENT,hp
crc_200,219,0.015722929737572856961970440006,0.0157248224526129807859131484074,1.203793e-04,NEW ARRANGEMENT,hp
crc_200,220,0.015686317077668465837711019409,0.0156906184331111776864748864267,2.742107e-04,NEW ARRANGEMENT,hp
crc_200,221,0.015682287475429829002194754889,0.0156830362704428399809983569311,4.774782e-05,NEW ARRANGEMENT,hp
crc_200,222,0.015559743033148525320473202077,0.0155721504336638357381731648396,7.974039e-04,NEW ARRANGEMENT,hp
crc_200,223,0.015517403922453149948743592611,0.015527902446394026376621598222,6.765645e-04,NEW ARRANGEMENT,hp
crc_200,225,0.015414147582570061905741172194,0.0154183107410143321434520212764,2.700868e-04,NEW ARRANGEMENT,hp
crc_200,226,0.015389196500966192504915604177,0.0153893699316233672019573348021,1.126964e-05,NEW ARRANGEMENT,hp
crc_200,229,0.015272592914550707564691259814,0.0152726500196374866346451936606,3.739056e-06,NEW ARRANGEMENT,hp
crc_200,230,0.015222320161255296675073465158,0.0152236913003746332533001417686,9.007425e-05,NEW ARRANGEMENT,hp
crc_200,231,0.015201874655402777754787190543,0.0152018766513330476103649755148,1.312950e-07,REFINEMENT,hp
crc_200,232,0.015142113599889771663744247424,0.0151515898083582008256983778579,6.258181e-04,NEW ARRANGEMENT,hp
crc_200,233,0.015117805531553526486639687665,0.0151180628545911949616041599974,1.702119e-05,NEW ARRANGEMENT,hp
crc_200,234,0.015076674297568630323818306803,0.0150785970191296888010714898898,1.275296e-04,NEW ARRANGEMENT,hp
crc_200,235,0.015068153234936757636857744045,0.0150683061651654490720056816392,1.014924e-05,NEW ARRANGEMENT,hp
crc_200,237,0.014973694439890158212358313492,0.0149744209918132972693376370909,4.852189e-05,NEW ARRANGEMENT,hp
crc_200,239,0.014905189208923561018049600925,0.0149121333218042804014512633308,4.658856e-04,NEW ARRANGEMENT,hp
crc_200,241,0.014862284441798202704729078474,0.0148631009234501712945597291223,5.493648e-05,NEW ARRANGEMENT,hp
crc_200,242,0.014836179634504955722389074246,0.0148374987080602294819918487232,8.890925e-05,NEW ARRANGEMENT,hp
crc_200,243,0.014809157149471654085913467510,0.0148091728603374010325023337869,1.060889e-06,NEW ARRANGEMENT,hp
crc_200,244,0.014767514027629843301439000956,0.014767671114067640671094546119,1.063730e-05,NEW ARRANGEMENT,hp
crc_200,246,0.014730251355284468986647723026,0.0147302587047469510725843002443,4.989367e-07,REFINEMENT,hp
crc_200,247,0.014694705450223536505121284924,0.0146947087556048307451118180071,2.249369e-07,SMALL (unclear),hp
crc_200,249,0.014649091515656425591467869864,0.0146493747882874943097351510754,1.933721e-05,NEW ARRANGEMENT,hp
crc_200,250,0.014634379134311154385152716173,0.0146344261672844997499143275542,3.213869e-06,REFINEMENT,hp
crc_200,251,0.014600230402988223793220518672,0.0146002597450751938049767257102,2.009700e-06,NEW ARRANGEMENT,hp
crc_200,254,0.014532613401094451547740273609,0.0145375677868705951448840705045,3.409150e-04,NEW ARRANGEMENT,hp
crc_200,255,0.014513418548511107535018076549,0.0145136221765811586343682664563,1.403033e-05,NEW ARRANGEMENT,hp
crc_200,257,0.014463641995490234585823322848,0.0144683064829858956487715181729,3.224974e-04,NEW ARRANGEMENT,hp
crc_200,260,0.014413174289362975687017575021,0.0144131743972004935331075963378,7.481871e-09,REFINEMENT,hp
crc_200,261,0.014387579303850699025408068254,0.0143936913880677945850273382605,4.248167e-04,NEW ARRANGEMENT,hp
crc_200,262,0.014371863768082800219595407348,0.0143767415516275537321044976983,3.393981e-04,NEW ARRANGEMENT,hp
crc_200,263,0.014366690561041046744812733409,0.0143666915103239327691099671212,6.607527e-08,SMALL (unclear),hp
crc_200,265,0.014320797267990881240711127863,0.0143207990334401201410222358008,1.232787e-07,SMALL (unclear),hp
crc_200,266,0.014313369385927822521587072972,0.0143133888326298936216670708886,1.358639e-06,NEW ARRANGEMENT,hp
crc_200,267,0.014303340044255015949052755592,0.014303340911573086281616005871,6.063745e-08,SMALL (unclear),hp
crc_200,268,0.014292030283053914975780604014,0.0142920306220172943803507444909,2.371695e-08,SMALL (unclear),hp
crc_200,269,0.014262199526132351999241974542,0.0142622019509853346226097130906,1.700196e-07,REFINEMENT,hp
crc_200,270,0.014246778156412688340224152772,0.0142487240982475955090784644511,1.365882e-04,NEW ARRANGEMENT,hp
crc_200,271,0.014244878888492294503185880197,0.0142449295830386647601664429945,3.558791e-06,NEW ARRANGEMENT,hp
crc_200,272,0.014238001658633590609014677856,0.0142380017748880305297770228703,8.165081e-09,REFINEMENT,hp
crc_200,273,0.014209463222242525918136550078,0.0142094998277682084791258390708,2.576137e-06,NEW ARRANGEMENT,hp
crc_200,274,0.014195842152846120803722814064,0.0141967313332412894240081562911,6.263668e-05,NEW ARRANGEMENT,hp
crc_200,275,0.014191231430249436539894248469,0.0141912533746155271846350850515,1.546333e-06,NEW ARRANGEMENT,hp
crc_200,277,0.014160843031753967781160959437,0.0141608452916768632467958902933,1.595896e-07,SMALL (unclear),hp
crc_200,281,0.013983608467831717954930832653,0.0139847006140570005580328375081,7.810189e-05,NEW ARRANGEMENT,hp
crc_200,282,0.013941395746630152069637111937,0.0139467761776942732002737011824,3.859320e-04,NEW ARRANGEMENT,hp
crc_200,283,0.013919134422206143447868374666,0.013921692702138493818158461379,1.837959e-04,NEW ARRANGEMENT,hp
crc_200,285,0.013888890503232114628545060033,0.0138889060847522621790390250407,1.121869e-06,REFINEMENT,hp
crc_200,286,0.013791290771027291139314549267,0.0137926530416868427033967913444,9.877760e-05,NEW ARRANGEMENT,hp
crc_200,287,0.013769254078541286196578363811,0.0137693168511029575530765247045,4.558893e-06,NEW ARRANGEMENT,hp
crc_200,289,0.013687800076955091270090952378,0.013691656342692888741180181414,2.817301e-04,NEW ARRANGEMENT,hp
crc_200,292,0.013618614715406392253028436848,0.0136277951129854361732405198886,6.741066e-04,NEW ARRANGEMENT,hp
crc_200,293,0.013567581001326075240508572286,0.0135676062660429500028909428237,1.862139e-06,NEW ARRANGEMENT,hp
crc_200,294,0.013536582566144829517507407268,0.0135366196470558374547185724051,2.739311e-06,NEW ARRANGEMENT,hp
crc_200,295,0.013513784049919584181209925764,0.0135138140424346388325315550507,2.219402e-06,NEW ARRANGEMENT,hp
crc_200,296,0.013494426217611419450977107745,0.0135066886851600279799991474826,9.087061e-04,NEW ARRANGEMENT,hp
crc_200,297,0.013455789208680202683639836307,0.0134560782285416836641805066305,2.147922e-05,NEW ARRANGEMENT,hp
crc_200,298,0.013426950715053645052692164867,0.0134360907198197504473733285283,6.807208e-04,NEW ARRANGEMENT,hp
crc_200,299,0.013398721675631212469921340433,0.0134038982894875034093565556417,3.863513e-04,NEW ARRANGEMENT,hp
crc_200,300,0.013396433701093527841692147654,0.0133964835107080468970553622385,3.718125e-06,NEW ARRANGEMENT,hp
crc_200,301,0.013352345561474024572363782900,0.0133523989686574086235271805988,3.999835e-06,NEW ARRANGEMENT,hp
crc_200,302,0.013333559467980713870438025355,0.0133338369227627271957159344447,2.080876e-05,NEW ARRANGEMENT,hp
crc_200,303,0.013302442233656677545616471048,0.0133027296598713713112609634813,2.160703e-05,NEW ARRANGEMENT,hp
crc_200,304,0.013295482255178390257042863315,0.013295582492292776238606200434,7.539186e-06,NEW ARRANGEMENT,hp
crc_200,305,0.013264867245188762869062269553,0.0132649127579744861780166986005,3.431077e-06,NEW ARRANGEMENT,hp
crc_200,306,0.013236924939678425089883264991,0.013236969217236388127962945677,3.345003e-06,NEW ARRANGEMENT,hp
crc_200,307,0.013214968824599887324485606512,0.0132186307547717157917920028893,2.771047e-04,NEW ARRANGEMENT,hp
crc_200,308,0.013204128112838473908519884548,0.0132041881265567376730195679783,4.545072e-06,NEW ARRANGEMENT,hp
crc_200,309,0.013191827033906840590059225147,0.0131918293606341685879956968891,1.763764e-07,SMALL (unclear),hp
crc_200,310,0.013163055632690517950300429198,0.0131631098355994994782938002388,4.117806e-06,NEW ARRANGEMENT,hp
crc_200,311,0.013146350589477126566525979471,0.0131463869520219973359369560582,2.765980e-06,NEW ARRANGEMENT,hp
crc_200,312,0.013127887079755592926432455927,0.0131279184594829263253098137031,2.390311e-06,NEW ARRANGEMENT,hp
crc_200,313,0.013107836875915356707965691291,0.0131078674954375549986251897552,2.335971e-06,NEW ARRANGEMENT,hp
crc_200,314,0.013077028645298377887078567743,0.0130806046999902335200777395635,2.734608e-04,NEW ARRANGEMENT,hp
crc_200,315,0.013067342446435727658765583117,0.0130690474875512074358283337357,1.304811e-04,NEW ARRANGEMENT,hp
crc_200,317,0.013037610856048166177261148709,0.0130376290959338554829905980247,1.399021e-06,NEW ARRANGEMENT,hp
crc_200,318,0.013016578896678743575622719033,0.0130166815740533080646849947165,7.888200e-06,NEW ARRANGEMENT,hp
crc_200,319,0.013000246502312497746176236635,0.0130003831845767219142721662436,1.051382e-05,NEW ARRANGEMENT,hp
crc_200,321,0.012967574969175000855752508303,0.0129677005083474223145570521537,9.681006e-06,NEW ARRANGEMENT,hp
crc_200,322,0.012946031142124085031759012434,0.0129460863701177860082398870911,4.266017e-06,NEW ARRANGEMENT,hp
crc_200,323,0.012934028411716011079636179332,0.012934179641750312569105883584,1.169242e-05,NEW ARRANGEMENT,hp
crc_200,325,0.012893483450896425878002116362,0.0128936951144173982111896273978,1.641632e-05,NEW ARRANGEMENT,hp
crc_200,326,0.012891477340906122388411903610,0.0128916827695220921502350294347,1.593523e-05,NEW ARRANGEMENT,hp
crc_200,327,0.012874850401875841561183981462,0.0128753186069654468983457825599,3.636587e-05,NEW ARRANGEMENT,hp
crc_200,328,0.012867280056315405690673400041,0.0128673294311515466182369237322,3.837240e-06,REFINEMENT,hp
crc_200,329,0.012848638325300313205203015637,0.0128486546938894407832541678172,1.273955e-06,REFINEMENT,hp
crc_200,330,0.012828078570567147057323019750,0.0128325960734478804239234294832,3.521574e-04,NEW ARRANGEMENT,hp
crc_200,331,0.012816403613032198651055285573,0.0128166594848252064582247476355,1.996440e-05,NEW ARRANGEMENT,hp
crc_200,332,0.012791440372612162416486721064,0.0128122751981540959844422165831,1.628810e-03,NEW ARRANGEMENT,hp
crc_200,333,0.012787122106035006136100096453,0.0127990699420758791472557633017,9.343647e-04,NEW ARRANGEMENT,hp
crc_200,334,0.012772220728125321547950533468,0.0127830095230927096270292380835,8.447078e-04,NEW ARRANGEMENT,hp
crc_200,335,0.012760416145141007110748621968,0.012774860832219239926869766665,1.131992e-03,NEW ARRANGEMENT,hp
crc_200,336,0.012754744298248867829149188700,0.0127602720122172491904633917302,4.333849e-04,NEW ARRANGEMENT,hp
crc_200,337,0.012747208925775783003805939635,0.0127595163105447227657648249274,9.654964e-04,NEW ARRANGEMENT,hp
crc_200,338,0.012726757664537019866642427832,0.0127479448950686037456096132722,1.664778e-03,NEW ARRANGEMENT,hp
crc_200,339,0.012714977011556303669697939035,0.012724860268251782936169129925,7.772925e-04,NEW ARRANGEMENT,hp
crc_200,340,0.012710713912952269611887098499,0.0127136345516738311888611277203,2.297777e-04,NEW ARRANGEMENT,hp
crc_200,341,0.012709908506956195695178200968,0.0127107021414759897269868632047,6.244219e-05,NEW ARRANGEMENT,hp
crc_200,342,0.012702672865517648921908910033,0.0127030344990296452583868348575,2.846909e-05,NEW ARRANGEMENT,hp
crc_200,343,0.012682324965230263197358600471,0.0126839232610859725241410175297,1.260255e-04,NEW ARRANGEMENT,hp
crc_200,344,0.012673283247371042691716542704,0.0126738962575862817921957158771,4.837028e-05,NEW ARRANGEMENT,hp
crc_200,345,0.012665895664152951449938995963,0.0126668807937457968610804789503,7.777812e-05,NEW ARRANGEMENT,hp
crc_200,346,0.012664325969963665018044443512,0.0126645558263667475353727983727,1.814991e-05,NEW ARRANGEMENT,hp
crc_300,20,0.058578634153027236565466859064,0.0586446199310449963334886666883,1.126448e-03,NEW ARRANGEMENT,hp
crc_300,49,0.039445405839191235339383348207,0.039445665541135365655892089374,6.583832e-06,NEW ARRANGEMENT,hp
crc_300,61,0.035194861912490522255389203742,0.0351949752351250508574183241192,3.219863e-06,NEW ARRANGEMENT,hp
crc_300,63,0.034784473616478034030693163406,0.0347980728879729045886162360942,3.909581e-04,NEW ARRANGEMENT,hp
crc_300,73,0.033338463053847396170619977166,0.0333387246860602253241643525392,7.847759e-06,NEW ARRANGEMENT,hp
crc_300,76,0.031955171771317619131510424843,0.0319559442099231158227202189223,2.417257e-05,NEW ARRANGEMENT,hp
crc_300,77,0.031714333544939433857008311529,0.0317171013979507655690261796972,8.727451e-05,NEW ARRANGEMENT,hp
crc_300,87,0.029751438200420344250648227372,0.0297514399560521737281281696677,5.900998e-08,REFINEMENT,hp
crc_300,88,0.029583740266262674826277857186,0.029583970721077153383230576491,7.789915e-06,NEW ARRANGEMENT,hp
crc_300,96,0.028665307614145275329611862981,0.0286653181152599228087587591928,3.663353e-07,SMALL (unclear),hp
crc_300,97,0.028545553751987484012836369512,0.0285458855115010556430372167734,1.162211e-05,NEW ARRANGEMENT,hp
crc_300,100,0.028302338820544108590585131176,0.0283031195808174799685104938321,2.758642e-05,NEW ARRANGEMENT,hp
crc_300,101,0.028257754633513118549048815243,0.0282589671160713460918975976234,4.290796e-05,NEW ARRANGEMENT,hp
crc_300,104,0.027852988007340577203932745090,0.0278558925022427429195718707412,1.042795e-04,NEW ARRANGEMENT,hp
crc_300,108,0.027164475846542418237686506455,0.0271646808591486585247173906333,7.547085e-06,NEW ARRANGEMENT,hp
crc_300,110,0.026707061442037960273116045794,0.0267070694523859420876728086319,2.999337e-07,SMALL (unclear),hp
crc_300,114,0.026202601459959226245404598275,0.0262026016724703647921279774965,8.110307e-09,SMALL (unclear),hp
crc_300,115,0.026025255837879467477427504126,0.0260347152731575925124126600789,3.634714e-04,NEW ARRANGEMENT,hp
crc_300,118,0.025704786885211698621329765502,0.0257048036377551246575769945984,6.517285e-07,SMALL (unclear),hp
crc_300,119,0.025618955161162966842588054692,0.0256189809781799071675189377316,1.007731e-06,NEW ARRANGEMENT,hp
crc_300,121,0.025446335088338135215489550163,0.0254463377680870962309000122638,1.053098e-07,SMALL (unclear),hp
crc_300,122,0.025314649299144289656061160803,0.0253146544117302682861004155308,2.019616e-07,SMALL (unclear),hp
crc_300,125,0.025055482306722672207139970751,0.0250600008447620865815095758854,1.803413e-04,NEW ARRANGEMENT,hp
crc_300,128,0.024860119793920455816095854460,0.024874172425954191386931991861,5.652681e-04,NEW ARRANGEMENT,hp
crc_300,129,0.024797971801845074130131553691,0.0247987251205350699389069409773,3.037824e-05,NEW ARRANGEMENT,hp
crc_300,131,0.024652676016254139593923331381,0.0246551044014324791528197552345,9.850392e-05,NEW ARRANGEMENT,hp
crc_300,133,0.024554836403489723605882524555,0.024554838046126597480732542384,6.689667e-08,SMALL (unclear),hp
crc_300,134,0.024484059315114268721657102388,0.0244840599913021664265663960096,2.761748e-08,SMALL (unclear),hp
crc_300,135,0.024438434008531799027103622513,0.024438577789593424959338460994,5.883399e-06,NEW ARRANGEMENT,hp
crc_300,136,0.024411983584887020764007097872,0.0244120566249794365621784016466,2.991977e-06,NEW ARRANGEMENT,hp
crc_300,141,0.024055693968047485002728752397,0.0240558175125369530757927054753,5.135769e-06,NEW ARRANGEMENT,hp
crc_300,143,0.023860432934142405927444215640,0.023861853714905181417574792394,5.954547e-05,NEW ARRANGEMENT,hp
crc_300,145,0.023527842859509929931423663374,0.0235299737317558013978019961962,9.056811e-05,NEW ARRANGEMENT,hp
crc_300,147,0.023387326231241615567710009893,0.023387326258718960362491598375,1.174882e-09,SMALL (unclear),hp
crc_300,150,0.023031811667282605665088499992,0.0230319197439409392855861146111,4.692495e-06,NEW ARRANGEMENT,hp
crc_300,152,0.022845271225367154267575094099,0.0228454848187991518248346815327,9.349569e-06,NEW ARRANGEMENT,hp
crc_300,154,0.022689929813762288713944462093,0.0226900724314262150467219079005,6.285505e-06,NEW ARRANGEMENT,hp
crc_300,155,0.022585703188380117457185978700,0.022585967063556881192639949642,1.168328e-05,NEW ARRANGEMENT,hp
crc_300,158,0.022399180453602167357489775683,0.0224033794495178018637156831686,1.874620e-04,NEW ARRANGEMENT,hp
crc_300,159,0.022322526572162188183335143443,0.0223228946057697400807311556174,1.648709e-05,NEW ARRANGEMENT,hp
crc_300,162,0.022138825679181292012936802160,0.0221388404025608452393740735623,6.650479e-07,SMALL (unclear),hp
crc_300,163,0.022057534485747992067785992091,0.0220575443492948041179505614332,4.471736e-07,SMALL (unclear),hp
crc_300,165,0.021953232441395218922879379691,0.0219539133600820577649448427534,3.101678e-05,NEW ARRANGEMENT,hp
crc_300,166,0.021919196366725976291293745088,0.0219192399799352737295074624563,1.989727e-06,REFINEMENT,hp
crc_300,167,0.021847344188620696784677802114,0.021847412091972808570182519641,3.108083e-06,NEW ARRANGEMENT,hp
crc_300,171,0.021661944101783982369466249808,0.0216624297320787515351495740487,2.241859e-05,NEW ARRANGEMENT,hp
crc_300,173,0.021572500768173462740468674647,0.0215727642374724001319249495012,1.221320e-05,NEW ARRANGEMENT,hp
crc_300,174,0.021542730874590353010192055895,0.0215427360475635753730103623865,2.401262e-07,REFINEMENT,hp
crc_300,176,0.021476115671020062801148544228,0.0214770745702249929705209861343,4.464956e-05,NEW ARRANGEMENT,hp
crc_300,177,0.021420830922335435789739600070,0.0214208339739204940575885366258,1.424588e-07,SMALL (unclear),hp
crc_300,178,0.021386841293496729230857021100,0.0213869187529732928534761230336,3.621829e-06,REFINEMENT,hp
crc_300,179,0.021368200223267016265340673629,0.0213682634115045966780330669889,2.957116e-06,NEW ARRANGEMENT,hp
crc_300,181,0.021294993588757111963669041327,0.021294997449542974249790665282,1.813002e-07,SMALL (unclear),hp
crc_300,182,0.021263660408506836619556344668,0.0212638582263453320242155817682,9.303094e-06,NEW ARRANGEMENT,hp
crc_300,183,0.021251100537255848210337091455,0.0212511021340568496543470834654,7.513969e-08,SMALL (unclear),hp
crc_300,185,0.021034189475167234123246972303,0.0210342456103871011180099107468,2.668761e-06,NEW ARRANGEMENT,hp
crc_300,186,0.020952955510455286890730800503,0.0209539646484446109831164563719,4.816208e-05,NEW ARRANGEMENT,hp
crc_300,187,0.020889615161608347310171550524,0.0208902433737839133138019665293,3.007294e-05,NEW ARRANGEMENT,hp
crc_300,188,0.020863762078964588910948579313,0.020863783374096975354401698143,1.020676e-06,NEW ARRANGEMENT,hp
crc_300,189,0.020833336504546043314224626978,0.0208333594220012338373048233746,1.100038e-06,REFINEMENT,hp
crc_300,190,0.020604812058503279199651048260,0.0206054781156581197734329701202,3.232532e-05,NEW ARRANGEMENT,hp
crc_300,191,0.020550396026447764135805203359,0.0205511598777916043890543406994,3.716967e-05,NEW ARRANGEMENT,hp
crc_300,192,0.020534453108759521975362133542,0.0205350015262437658995884700795,2.670719e-05,NEW ARRANGEMENT,hp
crc_300,193,0.020398931256691510228441583960,0.0203989348580835860822189345904,1.765481e-07,REFINEMENT,hp
crc_300,194,0.020331497912402453801726961469,0.0203342265071510619895249074777,1.342053e-04,NEW ARRANGEMENT,hp
crc_300,195,0.020276405863125816593166186704,0.0202775888681301939073937460611,5.834392e-05,NEW ARRANGEMENT,hp
crc_300,196,0.020251090442360699413106779915,0.020251110398499883150408226883,9.854353e-07,SMALL (unclear),hp
crc_300,197,0.020161358858121598469750250388,0.0201613718564108207560972378087,6.447130e-07,SMALL (unclear),hp
crc_300,201,0.019954131883546143640269441505,0.0199541331110763660265658566317,6.151760e-08,SMALL (unclear),hp
crc_300,202,0.019888285798398333242741473123,0.0198883329210514528394695285739,2.369367e-06,NEW ARRANGEMENT,hp
crc_300,205,0.019762889545228807542797712731,0.0197628937282534732384576298346,2.116606e-07,SMALL (unclear),hp
crc_300,206,0.019688898702476348347445282187,0.0197010423321760026181767601956,6.167755e-04,NEW ARRANGEMENT,hp
crc_300,207,0.019662659852342355184624185044,0.0196627203691213893910960319394,3.077751e-06,REFINEMENT,hp
crc_300,209,0.019591538769658112320079703081,0.0195915960711145053060546550252,2.924806e-06,REFINEMENT,hp
crc_300,210,0.019540177338054208277917480759,0.0195404001742329028338461994681,1.140400e-05,NEW ARRANGEMENT,hp
crc_300,211,0.019503326429638379164692444298,0.0195036326721588071651374753845,1.570207e-05,NEW ARRANGEMENT,hp
crc_300,213,0.019429293599372067114977873119,0.0194294125892475290441387952102,6.124251e-06,NEW ARRANGEMENT,hp
crc_300,214,0.019385118125542864011836227915,0.0193859211046411558629520381675,4.142245e-05,NEW ARRANGEMENT,hp
crc_300,215,0.019356710664150633606080228473,0.0193570654073186314103801440981,1.832662e-05,NEW ARRANGEMENT,hp
crc_300,217,0.019285143024535893584682774187,0.0192851801472288440316427035336,1.924937e-06,NEW ARRANGEMENT,hp
crc_300,218,0.019266443057456919230007847814,0.0192666630232274261801779793891,1.141704e-05,NEW ARRANGEMENT,hp
crc_300,219,0.019236676138689796107666312173,0.0192368282589708812112085590586,7.907826e-06,NEW ARRANGEMENT,hp
crc_300,220,0.019218484810961357051760911895,0.0192185920075469237806546974917,5.577785e-06,NEW ARRANGEMENT,hp
crc_300,222,0.019148752016887496347095982100,0.019148752445199922565473333964,2.236764e-08,SMALL (unclear),hp
crc_300,223,0.019120011442930023958521344950,0.0191200187831575395524637040038,3.839029e-07,SMALL (unclear),hp
crc_300,224,0.019103978363503050041694149861,0.0191040721518754552020649666681,4.909363e-06,NEW ARRANGEMENT,hp
crc_300,225,0.019082228180616973521254866431,0.019083702938677436594389676742,7.728437e-05,NEW ARRANGEMENT,hp
crc_300,227,0.019012622149080135815716661885,0.0190206247326563344205426588892,4.209090e-04,NEW ARRANGEMENT,hp
crc_300,228,0.019007944266026229828397072151,0.019007944302721713962134908716,1.930534e-09,REFINEMENT,hp
crc_300,229,0.018998476866658860649465136708,0.0189986684446555488903986332221,1.008386e-05,NEW ARRANGEMENT,hp
crc_300,231,0.018941674301956734952649174897,0.0189417163092049287019238775106,2.217716e-06,NEW ARRANGEMENT,hp
crc_300,232,0.018917635800221082323361472115,0.0189176358556139663964863814418,2.928108e-09,SMALL (unclear),hp
crc_300,235,0.018690146448886759794973801223,0.0187124418077489250023542152505,1.192894e-03,NEW ARRANGEMENT,hp
crc_300,236,0.018651467507972670854240146411,0.0186516321342250368718149665643,8.826450e-06,NEW ARRANGEMENT,hp
crc_300,238,0.018563258704491663599537226474,0.0185661428657164748859317749482,1.553693e-04,NEW ARRANGEMENT,hp
crc_300,239,0.018548136128114502340017864755,0.0185511423794732032471518735111,1.620784e-04,NEW ARRANGEMENT,hp
crc_300,240,0.018400613071091657390995033202,0.0184094689063132585396967861149,4.812794e-04,NEW ARRANGEMENT,hp
crc_300,241,0.018340767394383699665099809782,0.0183411431279166622716855883341,2.048625e-05,REFINEMENT,hp
crc_300,243,0.018287021381275354977772415091,0.0182870805895783044288521137724,3.237723e-06,NEW ARRANGEMENT,hp
crc_300,244,0.018181222889849160271945578991,0.0181907182911441355978416762243,5.222642e-04,NEW ARRANGEMENT,hp
crc_300,245,0.018121276149507780967258170537,0.018122024798751316291128291044,4.131327e-05,NEW ARRANGEMENT,hp
crc_300,246,0.018094173743590557376203832034,0.0181112412452505001560642072671,9.432595e-04,NEW ARRANGEMENT,hp
crc_300,247,0.018079577120380947479151198738,0.0180883843906023238295759520313,4.871392e-04,NEW ARRANGEMENT,hp
crc_300,248,0.018052826710841577114919824089,0.0180633449901714724681131712885,5.826389e-04,NEW ARRANGEMENT,hp
crc_300,249,0.017997652459641453750325198427,0.0179977968862724257280128887944,8.024748e-06,NEW ARRANGEMENT,hp
crc_300,250,0.017934911982584917540027456500,0.0179354011498401290410784799469,2.727458e-05,NEW ARRANGEMENT,hp
crc_300,251,0.017880989086930553245980109505,0.0178881549067874607739854143557,4.007508e-04,NEW ARRANGEMENT,hp
crc_300,252,0.017856702153156979319258898016,0.0178571705695015798172742539201,2.623196e-05,NEW ARRANGEMENT,hp
crc_300,253,0.017812992909714341766611110036,0.0178306699377702957028770699825,9.923671e-04,NEW ARRANGEMENT,hp
crc_300,254,0.017788000615541420293169492346,0.0177957151773575594671357952456,4.336947e-04,NEW ARRANGEMENT,hp
crc_300,255,0.017766154316057960756556987525,0.0177706871468207456008257978918,2.551385e-04,NEW ARRANGEMENT,hp
crc_300,257,0.017707196232021022807787038872,0.0177072426490754444659112931687,2.621367e-06,NEW ARRANGEMENT,hp
crc_300,260,0.017623120720183158312107847585,0.0176231280718963795800119364723,4.171630e-07,REFINEMENT,hp
crc_300,261,0.017590096166757424338415409385,0.0175902204904781334879387935872,7.067825e-06,NEW ARRANGEMENT,hp
crc_300,262,0.017567976467131918041550268218,0.0175681039479863121284608932418,7.256434e-06,NEW ARRANGEMENT,hp
crc_300,263,0.017524718795973125883236287003,0.017537340779000746585570106996,7.202388e-04,NEW ARRANGEMENT,hp
crc_300,264,0.017501472748097644370182207932,0.0175017316554736504931262770725,1.479346e-05,NEW ARRANGEMENT,hp
crc_300,266,0.017440456641027116071967435172,0.0174416132663568130692088438752,6.631852e-05,NEW ARRANGEMENT,hp
crc_300,267,0.017421656365926577036667805966,0.0174230122354840334725783985892,7.782667e-05,NEW ARRANGEMENT,hp
crc_300,268,0.017411393667920991959737017903,0.017411558975626909385945873532,9.494226e-06,NEW ARRANGEMENT,hp
crc_300,269,0.017385839074669731429633045405,0.0173861397695875141416430514382,1.729539e-05,NEW ARRANGEMENT,hp
crc_300,271,0.017329092345035972342519929249,0.0173291881252711596360060876113,5.527135e-06,NEW ARRANGEMENT,hp
crc_300,273,0.017291132336699880575790612900,0.0172920188729567343115364019479,5.127115e-05,NEW ARRANGEMENT,hp
crc_300,274,0.017277038661260597486759669366,0.0172786035289775317163315273181,9.057500e-05,NEW ARRANGEMENT,hp
crc_300,276,0.017226711453348248053111263364,0.0172274580432589090763374416546,4.333908e-05,NEW ARRANGEMENT,hp
crc_300,277,0.017213963674412495362206992207,0.0172145870767662148204297144004,3.621492e-05,NEW ARRANGEMENT,hp
crc_300,278,0.017190780220025260011396635453,0.0171984847536027639421862100744,4.481782e-04,NEW ARRANGEMENT,hp
crc_300,279,0.017184637967863744656274991147,0.0171850069145436720994629297545,2.146956e-05,NEW ARRANGEMENT,hp
crc_300,281,0.017136123591566622880118014729,0.0171367850389591588707426400928,3.859959e-05,NEW ARRANGEMENT,hp
crc_300,283,0.017107960978559855519303738335,0.0171090448827791515361033845618,6.335672e-05,NEW ARRANGEMENT,hp
crc_300,284,0.017102129898623975918721890234,0.0171034883981233115725715005203,7.943452e-05,NEW ARRANGEMENT,hp
crc_300,286,0.017031414619010597125512696486,0.0170594892890768499839277089122,1.648405e-03,NEW ARRANGEMENT,hp
crc_300,287,0.016990810269244136558701808282,0.0170288006040481272585381452419,2.235934e-03,NEW ARRANGEMENT,hp
crc_300,289,0.016965931488915096455065875988,0.0169660560936206923685841130431,7.344407e-06,NEW ARRANGEMENT,hp
crc_300,291,0.016817977394151830153392833785,0.0168258171021822765392160669437,4.661505e-04,NEW ARRANGEMENT,hp
crc_300,292,0.016784313654409689203826348014,0.0167843334679036632439601635461,1.180477e-06,NEW ARRANGEMENT,hp
crc_300,294,0.016713233394864897815163425572,0.016716344201171951711266985542,1.861283e-04,NEW ARRANGEMENT,hp
crc_300,295,0.016701578334441598116319080439,0.0167044645950789242077410076011,1.728136e-04,NEW ARRANGEMENT,hp
crc_300,296,0.016670946905219811520356849343,0.0166722918010505386876378066293,8.067303e-05,NEW ARRANGEMENT,hp
crc_300,297,0.016548318307044348044457018319,0.0165499128165305425958429985611,9.635477e-05,NEW ARRANGEMENT,hp
crc_300,298,0.016524083016780614879194909260,0.0165289177724684018749643712924,2.925884e-04,NEW ARRANGEMENT,hp
crc_300,299,0.016498917570028840864565116502,0.0165110827689707769494978137187,7.373332e-04,NEW ARRANGEMENT,hp
crc_300,300,0.016458728976061140249536135425,0.0164865174165806100290367916914,1.688371e-03,NEW ARRANGEMENT,hp
crc_400,19,0.072238100898120671618301231814,0.0722383271088570144240548155995,3.131460e-06,NEW ARRANGEMENT,hp
crc_400,20,0.071489902589948347471580051352,0.0714941315111403801066695266369,5.915410e-05,NEW ARRANGEMENT,hp
crc_400,22,0.066673730362367988706179279434,0.0666761514150286367250597921303,3.631194e-05,NEW ARRANGEMENT,hp
crc_400,35,0.054079179187037156440614954680,0.0540832021819212005757893967366,7.439083e-05,NEW ARRANGEMENT,hp
crc_400,37,0.051888656244421807380930532927,0.0518893692763433869975253251531,1.374158e-05,NEW ARRANGEMENT,hp
crc_400,41,0.049244178420356284119927645812,0.0492441791820272998325076013731,1.546723e-08,REFINEMENT,hp
crc_400,44,0.047426966620235086373940376980,0.047427396443555791310924753623,9.062847e-06,NEW ARRANGEMENT,hp
crc_400,49,0.045606402153225626990791181727,0.0456193764524249206612289006052,2.844842e-04,NEW ARRANGEMENT,hp
crc_400,51,0.045104182523331597585651209782,0.0451081271160808932654236923694,8.745514e-05,NEW ARRANGEMENT,hp
crc_400,56,0.042822441517597989655596692692,0.0428237639454659604865825814755,3.088166e-05,NEW ARRANGEMENT,hp
crc_400,57,0.042343660635921679162697190482,0.0423759714124035601715066584819,7.630605e-04,NEW ARRANGEMENT,hp
crc_400,58,0.042127671943700618799652783019,0.0421276724264935467019489701991,1.146023e-08,REFINEMENT,hp
crc_400,62,0.040312851371889284633053765120,0.0403155954772880662478837189512,6.807024e-05,NEW ARRANGEMENT,hp
crc_400,64,0.040007318109490393371439577895,0.0400110795751919895482477181482,9.401944e-05,NEW ARRANGEMENT,hp
crc_400,66,0.039206395224708574180262036224,0.0392066643049540311983093169723,6.863172e-06,NEW ARRANGEMENT,hp
crc_400,69,0.038589972841912029520368569234,0.0385940677772907261195934631826,1.061140e-04,NEW ARRANGEMENT,hp
crc_400,70,0.038422105620617615725000622347,0.0384221197140432082027402279624,3.668051e-07,SMALL (unclear),hp
crc_400,71,0.038244419254201498489138741143,0.0382448548141072927250605818618,1.138885e-05,NEW ARRANGEMENT,hp
crc_400,72,0.038122897320735944223330277416,0.038122956973394625828991353066,1.564746e-06,NEW ARRANGEMENT,hp
crc_400,73,0.037860461129469029184906659290,0.037868924457964892782627009434,2.235400e-04,NEW ARRANGEMENT,hp
crc_400,74,0.037785399186422303999311879853,0.0377870200031884589188279414049,4.289532e-05,NEW ARRANGEMENT,hp
crc_400,76,0.037420236049282145483244758295,0.0374274942582026835759643443978,1.939648e-04,NEW ARRANGEMENT,hp
crc_400,79,0.036480662848382205534384579859,0.0364806635014809564814148353303,1.790260e-08,SMALL (unclear),hp
crc_400,82,0.035780164466717547467877509574,0.0357892484299847526024926007453,2.538827e-04,NEW ARRANGEMENT,hp
crc_400,86,0.034551946195428241352574439418,0.0345520388570266910851769879998,2.681805e-06,NEW ARRANGEMENT,hp
crc_400,88,0.034197878050793188755886506023,0.0341980003975270219965876759919,3.577612e-06,NEW ARRANGEMENT,hp
crc_400,91,0.033671343669196838221394282439,0.0336714145289171117969683228013,2.104452e-06,NEW ARRANGEMENT,hp
crc_400,93,0.033409591967047324962421295178,0.0334107880070238328946052294725,3.579930e-05,NEW ARRANGEMENT,hp
crc_400,95,0.033171885464463632809341851110,0.0331720582219555775665530188586,5.207949e-06,NEW ARRANGEMENT,hp
crc_400,96,0.033004858658586366078690027843,0.0330051250998691587835373788222,8.072790e-06,NEW ARRANGEMENT,hp
crc_400,97,0.032936386659298485538590705557,0.0329364076812900142407875800608,6.382604e-07,SMALL (unclear),hp
crc_400,98,0.032825163769342199422031047202,0.0328309052694452609437177256931,1.749115e-04,NEW ARRANGEMENT,hp
crc_400,100,0.032594949358809154888303176104,0.0325991698372006199564268403965,1.294826e-04,NEW ARRANGEMENT,hp
crc_400,104,0.032287761387534007636744205764,0.0322878560275030533765132981733,2.931141e-06,NEW ARRANGEMENT,hp
crc_400,106,0.031731493691567183558833800165,0.0317357028431227801925207962328,1.326490e-04,NEW ARRANGEMENT,hp
crc_400,107,0.031541800171578138485828045990,0.0315438327613686561204505444469,6.444115e-05,NEW ARRANGEMENT,hp
crc_400,108,0.031414377532443719231537845558,0.031416069282318048331980581035,5.385273e-05,NEW ARRANGEMENT,hp
crc_400,109,0.031350372910099047271274883502,0.031356158603381817137213972008,1.845494e-04,NEW ARRANGEMENT,hp
crc_400,113,0.030444669101860517789985291365,0.0304447185403114693316900700619,1.623879e-06,NEW ARRANGEMENT,hp
crc_400,114,0.030307368798832845048964926246,0.0303125273774621293770632025458,1.702087e-04,NEW ARRANGEMENT,hp
crc_400,115,0.030164462966474390441257256673,0.0301651498909151871017704213012,2.277264e-05,NEW ARRANGEMENT,hp
crc_400,120,0.029514485726977941540684541548,0.0295180782693022266467317975028,1.217213e-04,NEW ARRANGEMENT,hp
crc_400,122,0.029319431505049224621387318012,0.0293203907608409442807996852561,3.271741e-05,NEW ARRANGEMENT,hp
crc_400,123,0.029269866457453052420700781894,0.0292698689881824962679306321739,8.646194e-08,REFINEMENT,hp
crc_400,124,0.029138155669407739935167666343,0.0291414880349427331586890813744,1.143643e-04,NEW ARRANGEMENT,hp
crc_400,125,0.029051749467083980612284125158,0.0290517496959592150424586199279,7.878191e-09,REFINEMENT,hp
crc_400,126,0.028972186238373444887551348153,0.0289722466866992144509980413253,2.086426e-06,NEW ARRANGEMENT,hp
crc_400,127,0.028923908506835989736886455677,0.0289239237011300754709649307261,5.253195e-07,SMALL (unclear),hp
crc_400,130,0.028657163269701260592625072264,0.0286584428388301943210445420447,4.465093e-05,NEW ARRANGEMENT,hp
crc_400,131,0.028635013329730917539052803629,0.0286350925552403990346467687457,2.766736e-06,NEW ARRANGEMENT,hp
crc_400,132,0.028582875088661643649006521915,0.0285831100342861674329163082212,8.219804e-06,NEW ARRANGEMENT,hp
crc_400,133,0.028466972445732656026128114241,0.0284674403268807674500496844068,1.643593e-05,NEW ARRANGEMENT,hp
crc_400,134,0.028409750533377982620875190527,0.0284098887584930916168092638007,4.865411e-06,NEW ARRANGEMENT,hp
crc_400,135,0.028388475305432615042213079041,0.0283888514078110123732895881938,1.324842e-05,NEW ARRANGEMENT,hp
crc_400,137,0.028119048886690898301913132417,0.0281193584121718991810737297934,1.100768e-05,NEW ARRANGEMENT,hp
crc_400,138,0.027970157541658982881310387662,0.027974494383645054973920521162,1.550525e-04,NEW ARRANGEMENT,hp
crc_400,141,0.027777784092733368914057834888,0.027777814670052135105020975948,1.100783e-06,REFINEMENT,hp
crc_400,142,0.027359612987747249582205539260,0.0273635519160443764430326198841,1.439687e-04,NEW ARRANGEMENT,hp
crc_400,143,0.027267861453412023177378717933,0.0272682775609818288746722035003,1.526000e-05,NEW ARRANGEMENT,hp
crc_400,146,0.026879868365202072044742920372,0.026907324672040248948459859374,1.021445e-03,NEW ARRANGEMENT,hp
crc_400,147,0.026801961733035980191327866364,0.0268221049408589069476617418813,7.515572e-04,NEW ARRANGEMENT,hp
crc_400,148,0.026792919109786619419684206092,0.0267930707978051059329070714173,5.661497e-06,NEW ARRANGEMENT,hp
crc_400,149,0.026584722835361357167499163700,0.026624953135382846481968114933,1.513286e-03,NEW ARRANGEMENT,hp
crc_400,152,0.026374668046756992121864546245,0.0264056973470302892183564259776,1.176481e-03,NEW ARRANGEMENT,hp
crc_400,153,0.026293892254753685785774590064,0.0262946536414195447123931603212,2.895679e-05,NEW ARRANGEMENT,hp
crc_400,154,0.026213060707211464030909954697,0.0262235900142938562934667551832,4.016817e-04,NEW ARRANGEMENT,hp
crc_400,155,0.026133010840436738952888871001,0.026140932235911727222033252931,3.031184e-04,NEW ARRANGEMENT,hp
crc_400,157,0.026015359636872298505422163420,0.0260153767358903827084346147418,6.572663e-07,SMALL (unclear),hp
crc_400,158,0.025937108067267294063319650469,0.0259371243546807061055861921785,6.279580e-07,SMALL (unclear),hp
crc_400,160,0.025809271654642935304205206000,0.0258095168081270035643579791487,9.498660e-06,NEW ARRANGEMENT,hp
crc_400,161,0.025775611733719186854326253626,0.0257758044459395180441199546678,7.476533e-06,NEW ARRANGEMENT,hp
crc_400,162,0.025701021299375320103824657985,0.0257010232849535808744024862579,7.725678e-08,SMALL (unclear),hp
crc_400,164,0.025569314060349641151447008213,0.0255693212443987047920593573572,2.809637e-07,SMALL (unclear),hp
crc_400,165,0.025549699961009599060269564795,0.0255497818652057898959288930592,3.205681e-06,NEW ARRANGEMENT,hp
crc_400,166,0.025525829497529888453309701068,0.0255258295162341358952786416482,7.327577e-10,REFINEMENT,hp
crc_400,168,0.025399828845138709873459927715,0.0253999333581403537001727858937,4.114713e-06,NEW ARRANGEMENT,hp
crc_400,169,0.025356271184290413360762554001,0.025357180742722128773838727636,3.587114e-05,NEW ARRANGEMENT,hp
crc_400,170,0.025341480266968665678612614171,0.0253414922977301616799895587822,4.747458e-07,SMALL (unclear),hp
crc_400,175,0.025023766538461118739279179164,0.0250237880988971147308195653395,8.615984e-07,REFINEMENT,hp
crc_400,176,0.025008790177009842554182497996,0.0250092801789544658750796384205,1.959319e-05,REFINEMENT,hp
crc_400,177,0.024723290510432062552264640435,0.0247325349513590640857065805384,3.739163e-04,NEW ARRANGEMENT,hp
crc_400,179,0.024535533102713022474309058822,0.0245416933920351794695943075337,2.510762e-04,NEW ARRANGEMENT,hp
crc_400,182,0.024225297813985825260499063634,0.0242463202053144321502264443916,8.677867e-04,NEW ARRANGEMENT,hp
crc_400,183,0.024172655389079123651004312191,0.0241785541213390937398289787822,2.440250e-04,NEW ARRANGEMENT,hp
crc_400,184,0.024130124475982102893688379081,0.0241309223402837058044634199201,3.306507e-05,NEW ARRANGEMENT,hp
crc_400,186,0.023926747873660293922908646575,0.0239703667697590056424661620045,1.823018e-03,NEW ARRANGEMENT,hp
crc_400,188,0.023808708604638853465189515335,0.0238099583714482812281849466986,5.249200e-05,NEW ARRANGEMENT,hp
crc_400,189,0.023793206880681504845286062243,0.0237934361365144410856036254102,9.635348e-06,NEW ARRANGEMENT,hp
crc_400,190,0.023699575549957755951998273787,0.023705957061067966064551791509,2.692669e-04,NEW ARRANGEMENT,hp
crc_400,191,0.023608332865178536781545253469,0.0236237806312289428700097618244,6.543353e-04,NEW ARRANGEMENT,hp
crc_400,192,0.023589100078245727766188384500,0.0235891219875407227017213063525,9.287889e-07,REFINEMENT,hp
crc_400,193,0.023515507948351870036649595752,0.0235177012157690645664797049402,9.326898e-05,NEW ARRANGEMENT,hp
crc_400,194,0.023457642756193708966734181174,0.0234589950993130628669709153489,5.765043e-05,NEW ARRANGEMENT,hp
crc_400,195,0.023411391100550054042512064852,0.0234115519843937663131688830805,6.872033e-06,NEW ARRANGEMENT,hp
crc_400,196,0.023364993875872884562007826316,0.0233649960130699501991461804454,9.147005e-08,SMALL (unclear),hp
crc_400,197,0.023325010161266404305293073176,0.0233250176643072249428681239006,3.216736e-07,SMALL (unclear),hp
crc_400,198,0.023274508232478236921867774056,0.0232765497681132009660762444257,8.771552e-05,NEW ARRANGEMENT,hp
crc_400,199,0.023248183054087657174982152526,0.0232484519732716090247916287018,1.156732e-05,NEW ARRANGEMENT,hp
crc_400,201,0.023124962704069266931904251072,0.0231392221156259143568287264857,6.166242e-04,NEW ARRANGEMENT,hp
crc_400,202,0.023078309663899964446528624018,0.0230947210577312421926040136098,7.111177e-04,NEW ARRANGEMENT,hp
crc_400,203,0.023068106490299170792871134512,0.0230681124184368556214268149001,2.569841e-07,SMALL (unclear),hp
crc_400,205,0.023013785401508065571556083393,0.0230139613046100834150934712695,7.643380e-06,NEW ARRANGEMENT,hp
crc_400,206,0.022950690009249585859341953168,0.0229557085570055632378744966733,2.186665e-04,NEW ARRANGEMENT,hp
crc_400,207,0.022917007423424433416882188851,0.0229171394063356448655954416175,5.759169e-06,NEW ARRANGEMENT,hp
crc_400,208,0.022895923065063722326650611509,0.0228965194939439047569235621604,2.604957e-05,NEW ARRANGEMENT,hp
crc_400,209,0.022887420556702964959542346474,0.0228874209176640398489232633983,1.577116e-08,REFINEMENT,hp
crc_400,210,0.022864798007961189071183778840,0.022864836890890590726810962673,1.700559e-06,REFINEMENT,hp
crc_400,212,0.022771542120917044490392218232,0.0227715498611331030737620801666,3.399074e-07,REFINEMENT,hp
crc_400,213,0.022747812906965666711610135988,0.0227478458159204764187219061854,1.446687e-06,NEW ARRANGEMENT,hp
crc_400,214,0.022728547501984817598065974774,0.0227297873172926465734923578192,5.454881e-05,NEW ARRANGEMENT,hp
crc_400,216,0.022493119717750098515538576006,0.0224943470603261326637714337292,5.456524e-05,NEW ARRANGEMENT,hp
crc_400,217,0.022396777527459154777886064557,0.0224367331115456234592182022355,1.783988e-03,NEW ARRANGEMENT,hp
crc_400,218,0.022334264689312831164362250867,0.0223413861047015855348891209921,3.188560e-04,NEW ARRANGEMENT,hp
crc_400,219,0.022296829135697615189082352687,0.0223013457086690569348425174585,2.025657e-04,NEW ARRANGEMENT,hp
crc_400,221,0.022116587680222287782985294669,0.022118270377797339825545356152,7.608306e-05,NEW ARRANGEMENT,hp
crc_400,222,0.022057041868929521481900904016,0.0220579552048206212660871225636,4.140790e-05,NEW ARRANGEMENT,hp
crc_400,223,0.021993704951664341038772265845,0.0219953622771986077694808914302,7.535454e-05,NEW ARRANGEMENT,hp
crc_400,224,0.021948315901106577901546697909,0.0219502531694129456796553629162,8.826501e-05,NEW ARRANGEMENT,hp
crc_400,226,0.021809934124701424808564459997,0.0218271830860951788502086009191,7.908764e-04,NEW ARRANGEMENT,hp
crc_400,227,0.021739131430836842965363724186,0.0217453279955533382494804316034,2.850420e-04,NEW ARRANGEMENT,hp
crc_400,228,0.021663345141615250721797754193,0.0216873080650886302556994918701,1.106151e-03,NEW ARRANGEMENT,hp
crc_400,229,0.021655178084086490318945465912,0.0216554238628371022404848824288,1.134965e-05,NEW ARRANGEMENT,hp
crc_400,230,0.021618100538821535993368419148,0.0216182459960633734433565038741,6.728493e-06,REFINEMENT,hp
crc_400,231,0.021547222809090441843242429817,0.0215533379001464151082036852528,2.837995e-04,NEW ARRANGEMENT,hp
crc_400,232,0.021459988440422865203992657547,0.0214888249069015641947519486103,1.343732e-03,NEW ARRANGEMENT,hp
crc_400,233,0.021443990310172724169810229668,0.0214525982041560083307268852958,4.014129e-04,NEW ARRANGEMENT,hp
crc_400,234,0.021415992252486824250092785110,0.0214175478508702843034476079669,7.263723e-05,NEW ARRANGEMENT,hp
crc_400,235,0.021412497348697612100855492846,0.0214129742627921276823254981679,2.227270e-05,NEW ARRANGEMENT,hp
crc_400,236,0.021350697407763151022358797632,0.0213532367367733652858432277127,1.189342e-04,NEW ARRANGEMENT,hp
crc_400,238,0.021283324923563666668269186649,0.0212833338395226729123166299085,4.189176e-07,REFINEMENT,hp
crc_400,239,0.021221581951314230748799901778,0.021232057706357264970443163053,4.936369e-04,NEW ARRANGEMENT,hp
crc_400,240,0.021205542186987322742040971220,0.0212075975822306547277489657462,9.692727e-05,NEW ARRANGEMENT,hp
crc_400,241,0.021174314133359855666325312605,0.0211755686283598386223159722069,5.924607e-05,NEW ARRANGEMENT,hp
crc_400,242,0.021123563410769934334550722714,0.0211279411732442199100283500293,2.072455e-04,NEW ARRANGEMENT,hp
crc_400,243,0.021069794513289509711677816090,0.0210826637032267359208114026482,6.107886e-04,NEW ARRANGEMENT,hp
crc_400,244,0.021030673739067458995805793360,0.0210479609891156537994080489442,8.220017e-04,NEW ARRANGEMENT,hp
crc_400,245,0.021027299667925049128129418084,0.0210283381529608677042087365064,4.938747e-05,NEW ARRANGEMENT,hp
crc_400,246,0.021007314232259870738403056963,0.0210245962181040445459869328921,8.226652e-04,NEW ARRANGEMENT,hp
crc_400,247,0.020987837083916983471474292626,0.0209878385845869089147502831148,7.150189e-08,REFINEMENT,hp
crc_400,248,0.020970178450878288609315532519,0.0209706244212924178363711846825,2.126689e-05,NEW ARRANGEMENT,hp
crc_400,249,0.020901175533322781620433255438,0.0209228464718290138429641497713,1.036829e-03,NEW ARRANGEMENT,hp
crc_400,250,0.020884147930934435847485048397,0.0208874844251444837632238650749,1.597620e-04,NEW ARRANGEMENT,hp
crc_400,251,0.020870654390428440281720121010,0.0208706650760247415126256171733,5.119914e-07,REFINEMENT,hp
crc_400,252,0.020854775153922776229423905657,0.0208622649791327972868219596656,3.591420e-04,NEW ARRANGEMENT,hp
crc_400,254,0.020792120349417948140619010582,0.0207922300662622341298948051609,5.276847e-06,NEW ARRANGEMENT,hp
crc_400,255,0.020776860507624182009236480168,0.0207768689896452603685440053933,4.082436e-07,SMALL (unclear),hp
crc_400,256,0.020752969322751500974787944096,0.0207550327921881914564263978968,9.943008e-05,NEW ARRANGEMENT,hp
crc_400,257,0.020739082556449734497875571106,0.0207403677646733659380505047553,6.197035e-05,NEW ARRANGEMENT,hp
crc_400,258,0.020737520859335731716506069846,0.020738633376843439109361480392,5.364757e-05,NEW ARRANGEMENT,hp
crc_400,260,0.020602663650188000995626142864,0.0206032021090974561055943977283,2.613540e-05,NEW ARRANGEMENT,hp
crc_400,262,0.020475188646808759519056009665,0.0204781143960117586548603999974,1.428924e-04,NEW ARRANGEMENT,hp
crc_400,265,0.020292976393441037125585937575,0.0203016273945499080415872864404,4.263052e-04,NEW ARRANGEMENT,hp
crc_400,266,0.020229038815730137832252358256,0.0202327989907284159163611315405,1.858801e-04,NEW ARRANGEMENT,hp
crc_400,268,0.020142995183648535278243389842,0.0201431544109391116525866260802,7.904847e-06,NEW ARRANGEMENT,hp
crc_400,269,0.020126093344767781561542815599,0.0201260944625734639335955492894,5.554012e-08,SMALL (unclear),hp
crc_400,271,0.020005017673213609159359736588,0.0200052112169385200638566829025,9.674759e-06,NEW ARRANGEMENT,hp
crc_400,272,0.019927859345237913034285320342,0.0199627652969405990600758766392,1.751616e-03,NEW ARRANGEMENT,hp
crc_400,276,0.019797164321008617200220443578,0.01985515164779039108557891696,2.929072e-03,NEW ARRANGEMENT,hp
crc_400,277,0.019741907705655785258164004802,0.01975208823090730821630912114,5.156809e-04,NEW ARRANGEMENT,hp
crc_400,278,0.019691255409287263157312443562,0.0197027143966418211648441588669,5.819328e-04,NEW ARRANGEMENT,hp
crc_400,279,0.019666498986075105383158074601,0.0196736932151111422748334024873,3.658114e-04,NEW ARRANGEMENT,hp
crc_400,280,0.019660371085370718727695465595,0.0196606208777883243962487474024,1.270538e-05,NEW ARRANGEMENT,hp
crc_400,281,0.019603713406291650598050960619,0.0196108027253030042678923347715,3.616314e-04,NEW ARRANGEMENT,hp
crc_400,282,0.019572699588722284973534300634,0.0195727204386426256400377474355,1.065255e-06,NEW ARRANGEMENT,hp
crc_400,283,0.019534406968077567366188829571,0.0195398600645851171884111276605,2.791534e-04,NEW ARRANGEMENT,hp
crc_400,284,0.019508739649749504434784895035,0.0195092556070290430404293390606,2.644749e-05,NEW ARRANGEMENT,hp
crc_400,285,0.019479817366648839020467135385,0.0194809773608718357470621191154,5.954852e-05,NEW ARRANGEMENT,hp
crc_400,286,0.019432679165109660186071620442,0.0194503790716258641138331299673,9.108320e-04,NEW ARRANGEMENT,hp
crc_400,287,0.019401903398878272823105199900,0.0194226883829540863819601851745,1.071286e-03,NEW ARRANGEMENT,hp
crc_400,288,0.019391695080731696443576212449,0.0193998468952821466178269962262,4.203766e-04,NEW ARRANGEMENT,hp
crc_400,289,0.019349366307891768697261342488,0.0193792812759368339706417801517,1.546044e-03,NEW ARRANGEMENT,hp
crc_400,290,0.019341900406284706210855492356,0.0193419129550892311133652131605,6.487886e-07,SMALL (unclear),hp
crc_400,291,0.019318991973993167648470310847,0.0193201456575696897014501354303,5.971759e-05,NEW ARRANGEMENT,hp
crc_400,292,0.019275284166547567079844281448,0.019317862482092821970272810943,2.208959e-03,NEW ARRANGEMENT,hp
crc_400,293,0.019268752742089564465157073910,0.0192794412661236020690184392048,5.547076e-04,NEW ARRANGEMENT,hp
crc_400,294,0.019266875537644070720638626100,0.0192668755483824485949592675689,5.573492e-10,SMALL (unclear),hp
crc_400,295,0.019226433709666146176692333639,0.0192369743023248668655045447953,5.482344e-04,NEW ARRANGEMENT,hp
crc_400,296,0.019205610234789917395660124293,0.0192252300264711413418788504366,1.021566e-03,NEW ARRANGEMENT,hp
crc_400,297,0.019185804819413448413992501737,0.0191881222339316469319790458813,1.207880e-04,NEW ARRANGEMENT,hp
crc_400,298,0.019180899578615387983548637766,0.0191813780154025253345409299738,2.494340e-05,NEW ARRANGEMENT,hp
crc_400,299,0.019167850760922819367289711008,0.0191681342102449095960406770454,1.478775e-05,NEW ARRANGEMENT,hp
crc_500,36,0.058528001390752912998822122969,0.0585367049178830668686784245491,1.487071e-04,NEW ARRANGEMENT,hp
crc_500,37,0.058005263287499033189237805679,0.0580053348014281546893879019082,1.232887e-06,NEW ARRANGEMENT,hp
crc_500,39,0.056869687311079409555242253989,0.0568733910722946261076065949235,6.512716e-05,NEW ARRANGEMENT,hp
crc_500,50,0.050142287471139294753868254653,0.0501779173156977960879536996392,7.105748e-04,NEW ARRANGEMENT,hp
crc_500,53,0.048809537200804487642610287642,0.0488138907479826754270204521045,8.919460e-05,NEW ARRANGEMENT,hp
crc_500,56,0.047853713201627127034293701652,0.0478538573193897424590165650312,3.011632e-06,NEW ARRANGEMENT,hp
crc_500,57,0.047653713411493648625646346508,0.0476544421561082256951961702389,1.529250e-05,NEW ARRANGEMENT,hp
crc_500,58,0.047243389501077936665427108193,0.0472510204783385186819230348903,1.615248e-04,NEW ARRANGEMENT,hp
crc_500,59,0.047126588165473066409583748155,0.0471294899628231896630564138837,6.157453e-05,NEW ARRANGEMENT,hp
crc_500,61,0.046225992794225535501999773532,0.0462317174952226582048430200478,1.238416e-04,NEW ARRANGEMENT,hp
crc_500,67,0.043622899472312524209825004291,0.0436229755793318583554457676463,1.744658e-06,NEW ARRANGEMENT,hp
crc_500,68,0.043201265736692864133621358584,0.0432014477487858739350544884312,4.213119e-06,NEW ARRANGEMENT,hp
crc_500,69,0.042930061617729661001072932760,0.043012847798479652611952546455,1.928397e-03,NEW ARRANGEMENT,hp
crc_500,70,0.042635291302461060569843903551,0.0426469500888187873313273236122,2.734539e-04,NEW ARRANGEMENT,hp
crc_500,71,0.042393241618374906130350178069,0.0423932475219575908077581064389,1.392576e-07,SMALL (unclear),hp
crc_500,73,0.041932470579286307542193317763,0.0419327404557366005608234620987,6.435978e-06,NEW ARRANGEMENT,hp
crc_500,74,0.041707829184156647021925114669,0.041709083912503943307263305443,3.008376e-05,NEW ARRANGEMENT,hp
crc_500,76,0.041337977640229239254996582794,0.0413380018927784739332027909251,5.866893e-07,SMALL (unclear),hp
crc_500,79,0.040776371214460525536308867001,0.0407800116948015390155419981294,8.927916e-05,NEW ARRANGEMENT,hp
crc_500,85,0.039356733062302146493957830446,0.0393568482226324697550505677122,2.926064e-06,NEW ARRANGEMENT,hp
crc_500,86,0.039034349725912202594995428228,0.03903713668051907426418787214,7.139749e-05,NEW ARRANGEMENT,hp
crc_500,92,0.037473232388110558136722762134,0.0375332855500071530215959228289,1.602562e-03,NEW ARRANGEMENT,hp
crc_500,93,0.037325032326601734455544405537,0.0373280092428580137172381666315,7.975656e-05,NEW ARRANGEMENT,hp
crc_500,95,0.037041337463301754997468058617,0.0370414025704311137320479004533,1.757688e-06,NEW ARRANGEMENT,hp
crc_500,98,0.036476955779110724971034101307,0.0364783961650119934387248269421,3.948756e-05,NEW ARRANGEMENT,hp
crc_500,99,0.036361094919354451148096507900,0.0363626735162862461640255729081,4.341445e-05,NEW ARRANGEMENT,hp
crc_500,102,0.035941023544174026998796707917,0.0359438056482305051068413812773,7.740748e-05,NEW ARRANGEMENT,hp
crc_500,103,0.035904565298857659992845146794,0.0359046057561697195711579432981,1.126801e-06,NEW ARRANGEMENT,hp
crc_500,104,0.035799673236013333428892266926,0.0357999048226227505085096476561,6.468959e-06,REFINEMENT,hp
crc_500,105,0.035617153709178924351362343472,0.0356179483281727674331106049928,2.231001e-05,NEW ARRANGEMENT,hp
crc_500,106,0.035524785154266454123315441872,0.0355248989506210338755809174863,3.203295e-06,NEW ARRANGEMENT,hp
crc_500,107,0.035490076907234818239428480609,0.0354906369519806456488463363467,1.578032e-05,NEW ARRANGEMENT,hp
crc_500,110,0.034836066725984940353270761905,0.0348360667547493346711572698584,8.257073e-10,SMALL (unclear),hp
crc_500,113,0.034197885134882832419923765394,0.0341990300450272239890252819135,3.347898e-05,NEW ARRANGEMENT,hp
crc_500,114,0.033976666163959316737526691031,0.0339773469558935230310588044118,2.003704e-05,NEW ARRANGEMENT,hp
crc_500,115,0.033812840620867094408324013681,0.0338154081856094562744059158808,7.593461e-05,NEW ARRANGEMENT,hp
crc_500,116,0.033728283609856567083219774278,0.0337283368417431132042396798368,1.578257e-06,NEW ARRANGEMENT,hp
crc_500,118,0.033421036648604225218737857958,0.0334211087526578919313698492863,2.157445e-06,NEW ARRANGEMENT,hp
crc_500,121,0.032898941383116217301800802759,0.032913838404043516230165263337,4.528116e-04,NEW ARRANGEMENT,hp
crc_500,122,0.032769143187758488004306834410,0.0328045716163089552542758128824,1.081152e-03,NEW ARRANGEMENT,hp
crc_500,124,0.032578214153997432801386872080,0.0325782187239286350800224000676,1.402757e-07,SMALL (unclear),hp
crc_500,127,0.032221401821155752656064731828,0.032263055291073683510004139639,1.292727e-03,NEW ARRANGEMENT,hp
crc_500,128,0.032152738848303439166661472212,0.0321705561357786852188019573349,5.541452e-04,NEW ARRANGEMENT,hp
crc_500,129,0.032111690007027140829298741067,0.0321121278873313106704260731607,1.363617e-05,NEW ARRANGEMENT,hp
crc_500,132,0.031836285162943187589544020442,0.0318365820234738191883167762072,9.324597e-06,NEW ARRANGEMENT,hp
crc_500,133,0.031765249959456289370280153386,0.0317666130837788734843045820336,4.291244e-05,NEW ARRANGEMENT,hp
crc_500,134,0.031747675676243598892591981865,0.0317476757360644040639968965925,1.884258e-09,REFINEMENT,hp
crc_500,138,0.031353448896212707770040941609,0.0313534503915972607813786647817,4.769442e-08,REFINEMENT,hp
crc_500,141,0.030832247684132922728303277942,0.0308339853457650782593864569585,5.635858e-05,NEW ARRANGEMENT,hp
crc_500,142,0.030648977160549346038431441395,0.0306491280031435978123030428079,4.921619e-06,NEW ARRANGEMENT,hp
crc_500,143,0.030524298789264589533492081681,0.0305518859565625251848644119044,9.037773e-04,NEW ARRANGEMENT,hp
crc_500,144,0.030504838873534247385607364780,0.030504860543810853883313354354,7.103882e-07,SMALL (unclear),hp
crc_500,145,0.030253161384122585174416403796,0.0302535363616456309395971095602,1.239466e-05,NEW ARRANGEMENT,hp
crc_500,146,0.030118710794236567075190203235,0.0301187107980480016357924810417,1.265471e-10,SMALL (unclear),hp
crc_500,147,0.029996034415041702998703677546,0.0299960668960190274357763540181,1.082842e-06,NEW ARRANGEMENT,hp
crc_500,148,0.029939498172237215628250668980,0.0299395129884301726108635950518,4.948711e-07,REFINEMENT,hp
crc_500,149,0.029919015690121834039814954783,0.0299193180460016204244881364148,1.010581e-05,NEW ARRANGEMENT,hp
crc_500,150,0.029755549335495874515855989992,0.0297560539209729028849559829088,1.695769e-05,NEW ARRANGEMENT,hp
crc_500,151,0.029583427716873667128551761728,0.0295858542502955891289136355647,8.202340e-05,NEW ARRANGEMENT,hp
crc_500,152,0.029531729632610148868772065103,0.02953347596746657608420693651,5.913419e-05,NEW ARRANGEMENT,hp
crc_500,156,0.029202766669026161242808650602,0.0292027698350006669767727904023,1.084135e-07,SMALL (unclear),hp
crc_500,157,0.029119214409784814953283095528,0.0291195138447979500037650141047,1.028307e-05,NEW ARRANGEMENT,hp
crc_500,158,0.029058237273437755400315142620,0.029061078808376475634443310363,9.778759e-05,NEW ARRANGEMENT,hp
crc_500,159,0.029023709820116717074324623872,0.0290239635086171523069752311816,8.740733e-06,NEW ARRANGEMENT,hp
crc_500,160,0.028924095514503622084926890786,0.0289289560654472585496262588475,1.680450e-04,NEW ARRANGEMENT,hp
crc_500,162,0.028767689234845603615444808841,0.0287751347809965917396437465285,2.588163e-04,NEW ARRANGEMENT,hp
crc_500,163,0.028736775955143162594938170194,0.0287367760248259613971681081904,2.424865e-09,SMALL (unclear),hp
crc_500,164,0.028709087374056238416836270953,0.0287090873786710118631206221333,1.607426e-10,REFINEMENT,hp
crc_500,165,0.028668598518972321055370654619,0.0286694553502440453799846049114,2.988745e-05,NEW ARRANGEMENT,hp
crc_500,166,0.028563251083422741014652857837,0.0285670808946090249470468500807,1.340818e-04,NEW ARRANGEMENT,hp
crc_500,167,0.028521023700264348432896607831,0.0285210579427223980234509534875,1.200604e-06,NEW ARRANGEMENT,hp
crc_500,168,0.028481894514575358161479073921,0.0284819562113157453726931245758,2.166174e-06,NEW ARRANGEMENT,hp
crc_500,169,0.028468419676542691635782768725,0.0284686757677753479042485050487,8.995625e-06,NEW ARRANGEMENT,hp
crc_500,171,0.028155157990097527246117191432,0.0281551589659896795548672108614,3.466122e-08,REFINEMENT,hp
crc_500,173,0.027974980513621630868689035472,0.0279749963325688839588954167744,5.654677e-07,REFINEMENT,hp
crc_500,174,0.027877534651427880692080167858,0.0278823339390109305282971541459,1.721561e-04,NEW ARRANGEMENT,hp
crc_500,177,0.027469518079713647735583102232,0.0274883562167280808053506461282,6.857833e-04,NEW ARRANGEMENT,hp
crc_500,178,0.027440138405255882778077978281,0.0274402058382238493052708730938,2.457457e-06,NEW ARRANGEMENT,hp
crc_500,180,0.027320875054589898960751665082,0.0273209060004810752008166009462,1.132683e-06,NEW ARRANGEMENT,hp
crc_500,181,0.027160747740299551798438346006,0.0271620211500096005636798372401,4.688419e-05,NEW ARRANGEMENT,hp
crc_500,182,0.027070140901292798062709387233,0.0270714460277841989003236589308,4.821277e-05,NEW ARRANGEMENT,hp
crc_500,185,0.026894728096383453585744927931,0.0268954927461493416254199966714,2.843121e-05,NEW ARRANGEMENT,hp
crc_500,186,0.026801101672654646396249086073,0.0268011018474910357436269519907,6.523478e-09,SMALL (unclear),hp
crc_500,187,0.026729066848563772908624074399,0.0267315483395791127871369982176,9.283867e-05,NEW ARRANGEMENT,hp
crc_500,188,0.026668676074390265577253248509,0.0266686879331969165301867795222,4.446717e-07,SMALL (unclear),hp
crc_500,189,0.026603324440616178478757357325,0.0266033248951875629276938277112,1.708701e-08,REFINEMENT,hp
crc_500,190,0.026549309863213483240776269847,0.0265493982664424669539807855921,3.329775e-06,NEW ARRANGEMENT,hp
crc_500,191,0.026539268843604086931301889821,0.0265393227419970268316024503551,2.030892e-06,NEW ARRANGEMENT,hp
crc_500,192,0.026432957846190840434234036648,0.0264442800372415728497919037526,4.283361e-04,NEW ARRANGEMENT,hp
crc_500,193,0.026396682215842580358984795563,0.0263983929837983168503711941773,6.480996e-05,NEW ARRANGEMENT,hp
crc_500,195,0.026268710378111639270662074695,0.0262692320892661472959218796558,1.986055e-05,NEW ARRANGEMENT,hp
crc_500,196,0.026247895915702708712779968149,0.0262487992580244285378138311802,3.441580e-05,NEW ARRANGEMENT,hp
crc_500,197,0.026202902783482076315423261043,0.0262047907039719895829225689097,7.205005e-05,NEW ARRANGEMENT,hp
crc_500,199,0.026098878874533704510192820051,0.0260988800889645649057583234075,4.653192e-08,SMALL (unclear),hp
crc_500,200,0.026064142423986239629381457131,0.026064668059339315493040223792,2.016699e-05,NEW ARRANGEMENT,hp
crc_500,202,0.026009679124707085858275318327,0.0260096792298286721972360864691,4.041633e-09,SMALL (unclear),hp
crc_500,203,0.025994436777372496251725088401,0.0259965125155226225712978308837,7.985317e-05,NEW ARRANGEMENT,hp
crc_500,205,0.025888784816969074081007973899,0.0258889249749693383851776484509,5.413850e-06,NEW ARRANGEMENT,hp
crc_500,207,0.025727497645450246695495097588,0.0257278205657050579988678879991,1.255156e-05,NEW ARRANGEMENT,hp
crc_500,208,0.025683654829247473440333872666,0.0256836564676190536507453520191,6.379044e-08,SMALL (unclear),hp
crc_500,210,0.025430942147710306904662007948,0.0254309728423371103159530424601,1.206980e-06,NEW ARRANGEMENT,hp
crc_500,211,0.025324204178219183871859708381,0.0253318094209834751674559974058,3.003152e-04,NEW ARRANGEMENT,hp
crc_500,213,0.025191584740009428865580669440,0.0251915847487597187156274358759,3.473497e-10,REFINEMENT,hp
crc_500,214,0.025152777696328487642633393911,0.0251527982054028998250323127098,8.153801e-07,SMALL (unclear),hp
crc_500,215,0.025121237583400945744594094755,0.0251239549781226422778047850352,1.081712e-04,NEW ARRANGEMENT,hp
crc_500,217,0.024957350991830491677875932769,0.0249592901047433934740240111038,7.769706e-05,NEW ARRANGEMENT,hp
crc_500,218,0.024954417219028271464737577037,0.0249546347926628379797685261007,8.718843e-06,NEW ARRANGEMENT,hp
crc_500,220,0.024756927609435777493786222180,0.0247593181757948563344072361562,9.656151e-05,NEW ARRANGEMENT,hp
crc_500,222,0.024583954303142997308698963937,0.024585576444075640472331626676,6.598373e-05,NEW ARRANGEMENT,hp
crc_500,223,0.024546145899888458355453388975,0.0245463144119618241653622412518,6.865113e-06,NEW ARRANGEMENT,hp
crc_500,225,0.024456307413175520448382456503,0.0244563656983227976482311718845,2.383236e-06,NEW ARRANGEMENT,hp
crc_500,226,0.024434837930513668593500524012,0.0244379293822297973619544014009,1.265182e-04,NEW ARRANGEMENT,hp
crc_500,227,0.024382320286205430405171065019,0.0243830904451723488562868961767,3.158678e-05,NEW ARRANGEMENT,hp
crc_500,228,0.024303644990277716800630557247,0.0243073857642555477571600029563,1.539182e-04,NEW ARRANGEMENT,hp
crc_500,231,0.024182835029953092954747519875,0.0241828350525663918994026504024,9.350971e-10,REFINEMENT,hp
crc_500,232,0.024168042122966510371217051544,0.0241682448743520375095004185953,8.389235e-06,NEW ARRANGEMENT,hp
crc_500,233,0.024108474399411274020936580295,0.0241102213302110160076772853284,7.246128e-05,NEW ARRANGEMENT,hp
crc_500,235,0.024034321211533409925537408993,0.0240343213050445842226760736056,3.890735e-09,SMALL (unclear),hp
crc_500,236,0.023998028408993557240587846661,0.023998028431084892764635416285,9.205479e-10,REFINEMENT,hp
crc_500,237,0.023959665258176061074171647376,0.0239599052884546093350198338563,1.001810e-05,NEW ARRANGEMENT,hp
crc_500,238,0.023947748728349824886379776742,0.023947786033278530713090509416,1.557763e-06,NEW ARRANGEMENT,hp
crc_500,239,0.023932825228432520546903511811,0.0239328321641923597674160843226,2.898011e-07,REFINEMENT,hp
crc_500,240,0.023906597128458200936964534529,0.0239072701733348165161224872163,2.815310e-05,NEW ARRANGEMENT,hp
crc_500,242,0.023816374464428687945713293248,0.0238163767335534781899036965638,9.527583e-08,SMALL (unclear),hp
crc_500,243,0.023789483750642631837469824590,0.0237895606336453137429730060856,3.231806e-06,NEW ARRANGEMENT,hp
crc_500,244,0.023773925474852827831909549391,0.0237739361775941346310208321041,4.501882e-07,SMALL (unclear),hp
crc_500,245,0.023766787833391966426231571578,0.0237669065583411383323848117929,4.995414e-06,NEW ARRANGEMENT,hp
crc_500,247,0.023552493213875367425720524415,0.023552518116943461829416658631,1.057343e-06,NEW ARRANGEMENT,hp
crc_500,248,0.023493272150631340734062439717,0.0234959205325336241045000875744,1.127294e-04,NEW ARRANGEMENT,hp
crc_500,250,0.023355890353995782344336889832,0.0233682481646164972347865786162,5.291089e-04,NEW ARRANGEMENT,hp
crc_500,251,0.023322991809768651564780342356,0.0233358187056743311443655279066,5.499679e-04,NEW ARRANGEMENT,hp
crc_500,252,0.023302577855523479490307661727,0.0233133864928760859007097693742,4.638387e-04,NEW ARRANGEMENT,hp
crc_500,253,0.023164683161765541621232760977,0.0231676097469515347189829596649,1.263382e-04,NEW ARRANGEMENT,hp
crc_500,254,0.023083379387426491015983171478,0.023087899892361576658292153773,1.958338e-04,NEW ARRANGEMENT,hp
crc_500,255,0.023021477795255211112176199464,0.0230338394011820704385168618082,5.369597e-04,NEW ARRANGEMENT,hp
crc_500,257,0.022949936262126711223912094941,0.0229526724435661328964008824231,1.192239e-04,NEW ARRANGEMENT,hp
crc_500,258,0.022921626939540217620628036102,0.0229236991566653288713805338208,9.040445e-05,NEW ARRANGEMENT,hp
crc_500,259,0.022842320989425122366770557694,0.0228688046277040246856213467759,1.159411e-03,NEW ARRANGEMENT,hp
crc_500,260,0.022749079140619140019153761688,0.0227802082184501215696393876168,1.368367e-03,NEW ARRANGEMENT,hp
crc_500,261,0.022738827242976757328087022617,0.0227622704403731311907933020974,1.030977e-03,NEW ARRANGEMENT,hp
crc_500,262,0.022738847982564955100319041160,0.0227594110563603032088067488073,9.043147e-04,NEW ARRANGEMENT,hp
crc_500,263,0.022742944515625178490254324584,0.0227429691234949423666039466822,1.082000e-06,NEW ARRANGEMENT,hp
crc_500,264,0.022686356854871270942962255755,0.0226864061068283384329147380574,2.170995e-06,NEW ARRANGEMENT,hp
crc_500,265,0.022619624326634222264045283090,0.0226198182469858875196371332873,8.573102e-06,NEW ARRANGEMENT,hp
crc_500,266,0.022545816626216991389068308962,0.0225518118344319025357197562204,2.659122e-04,NEW ARRANGEMENT,hp
crc_500,267,0.022505251361713945564281194540,0.022505251663750703404151283232,1.342072e-08,SMALL (unclear),hp
crc_500,268,0.022475576482647568823107159347,0.0224756370429898490489118792841,2.694496e-06,NEW ARRANGEMENT,hp
crc_500,269,0.022433443041362350209228618065,0.0224346951681073924734790578026,5.581518e-05,NEW ARRANGEMENT,hp
crc_500,270,0.022404903893470077438210156233,0.022405239386713035117681621274,1.497410e-05,NEW ARRANGEMENT,hp
crc_500,271,0.022401124925992715560822018887,0.0224011305151525700890771146334,2.495035e-07,SMALL (unclear),hp
crc_500,272,0.022330800265160510296636066671,0.0223318318171264369519492419705,4.619413e-05,NEW ARRANGEMENT,hp
crc_500,273,0.022309942945733705340077142644,0.0223099429518872784505329921242,2.758220e-10,REFINEMENT,hp
crc_500,274,0.022276160952751874110322264175,0.0222761610153174149801350927005,2.808632e-09,REFINEMENT,hp
crc_500,275,0.022241928046184515186987003304,0.0222419287160134158951504297716,3.011560e-08,SMALL (unclear),hp
crc_500,276,0.022210809994061184149439728019,0.0222113246349623352372878135358,2.317074e-05,NEW ARRANGEMENT,hp
crc_500,277,0.022195759728175783452382722984,0.0221959107809800818175836960152,6.805480e-06,NEW ARRANGEMENT,hp
crc_500,278,0.022181481611371754803750404940,0.0221956071820183893965380587276,6.368182e-04,NEW ARRANGEMENT,hp
crc_500,280,0.022143157008859841031584934347,0.0221431570723014167081107040072,2.865065e-09,REFINEMENT,hp
crc_500,282,0.022060035660516849909989614503,0.0220603045763855874709742015707,1.219018e-05,NEW ARRANGEMENT,hp
crc_500,283,0.022037939881602512214869180100,0.0220403003473447877232140092569,1.071092e-04,NEW ARRANGEMENT,hp
crc_500,284,0.022026935871964960496770940892,0.0220270042299641306505483866869,3.103382e-06,NEW ARRANGEMENT,hp
crc_500,285,0.022019462748245911473512947087,0.0220199130759827585323032380543,2.045135e-05,NEW ARRANGEMENT,hp
crc_500,287,0.021953790770444916435502275178,0.0219538367139422213731735724929,2.092736e-06,NEW ARRANGEMENT,hp
crc_500,289,0.021866843179344365245297082582,0.0218681919852543771907139047893,6.168270e-05,NEW ARRANGEMENT,hp
crc_500,290,0.021804543254270266341907428040,0.0218046527156143006573044599554,5.020116e-06,NEW ARRANGEMENT,hp
crc_500,291,0.021776541570683319599002782964,0.0217771582076573556594120982991,2.831657e-05,NEW ARRANGEMENT,hp
crc_500,294,0.021583863206326468391301056427,0.0215885008238927662092349431181,2.148650e-04,NEW ARRANGEMENT,hp
crc_500,295,0.021507617364507104896785004206,0.021513922724528235594646938161,2.931687e-04,NEW ARRANGEMENT,hp
crc_500,296,0.021465834659063596848891407390,0.0214705324789137871743691383644,2.188510e-04,NEW ARRANGEMENT,hp
crc_500,297,0.021414645930970905169837150803,0.0214225987314440507849139963408,3.713720e-04,NEW ARRANGEMENT,hp
crc_500,298,0.021393555810296541561152482170,0.0213983239330286951808454759157,2.228766e-04,NEW ARRANGEMENT,hp
crc_500,299,0.021358825842630550654695276806,0.0213796538439729162758946609411,9.751473e-04,NEW ARRANGEMENT,hp
crc_500,300,0.021293996955586860418567236853,0.0212939969612837066883861090474,2.675330e-10,SMALL (unclear),hp
crc_600,16,0.093797838338222718713266723881,0.0938248671628331155222499581729,2.881604e-04,NEW ARRANGEMENT,hp
crc_600,19,0.086139465043560085744089332046,0.0861450050824604942206026120951,6.431476e-05,NEW ARRANGEMENT,hp
crc_600,22,0.083333390926571692920705530966,0.0833333909687154386067885200828,5.057246e-10,REFINEMENT,hp
crc_600,31,0.068983877503286077022884143746,0.0689860277161466721149687115921,3.116979e-05,NEW ARRANGEMENT,hp
crc_600,34,0.067224848345629393909876512775,0.067224865704974398351925874008,2.582281e-07,SMALL (unclear),hp
crc_600,42,0.060050889756071894912618890029,0.0600931527282654816037868228038,7.037859e-04,NEW ARRANGEMENT,hp
crc_600,46,0.057373989202189921721680286809,0.0573772493572257560094052469671,5.682288e-05,NEW ARRANGEMENT,hp
crc_600,49,0.056298951605230106563868615085,0.0563075411696412428692549639624,1.525706e-04,NEW ARRANGEMENT,hp
crc_600,51,0.055583903409206094373719803296,0.0555855241665998235099377392591,2.915875e-05,NEW ARRANGEMENT,hp
crc_600,58,0.051237910320536906490482141180,0.0512380132942613816926505072241,2.009717e-06,NEW ARRANGEMENT,hp
crc_600,59,0.050706174315801995478246356597,0.0507063611134277633746698562186,3.683923e-06,NEW ARRANGEMENT,hp
crc_600,61,0.050182346715695772179223575945,0.0501926696466845754854693003288,2.057084e-04,NEW ARRANGEMENT,hp
crc_600,65,0.048996637465208928326848777752,0.0490029813416245876596150000443,1.294758e-04,NEW ARRANGEMENT,hp
crc_600,71,0.046845939657103390984717011752,0.0468464229458406156343509762177,1.031656e-05,NEW ARRANGEMENT,hp
crc_600,72,0.046454400273506725972324693338,0.0464579481675307787332494116727,7.637369e-05,NEW ARRANGEMENT,hp
crc_600,73,0.046115119350366066638652143470,0.046115119357536166441587734707,1.554826e-10,SMALL (unclear),hp
crc_600,74,0.045943929309031043069390760402,0.0459439293168798455370822529158,1.708344e-10,REFINEMENT,hp
crc_600,75,0.045529788975339611234628761837,0.0455307720658082099634104709345,2.159225e-05,NEW ARRANGEMENT,hp
crc_600,76,0.045062666008299022987615217020,0.0450626660450223788344270454374,8.149397e-10,REFINEMENT,hp
crc_600,80,0.044024472311550027429922689820,0.0440246189325129783499789259165,3.330442e-06,NEW ARRANGEMENT,hp
crc_600,81,0.043770785252999991499400659697,0.0437765894955395919054412060394,1.326054e-04,NEW ARRANGEMENT,hp
crc_600,82,0.043622023044679100922527684288,0.043622328817946130188376934349,7.009608e-06,REFINEMENT,hp
crc_600,83,0.043400610809484700317996902222,0.043400625175592941143501286711,3.310117e-07,SMALL (unclear),hp
crc_600,87,0.042772277821076229840796827272,0.0427737753719598530480857907257,3.501218e-05,NEW ARRANGEMENT,hp
crc_600,89,0.042391428293754711239213251551,0.0423914293588863147165147014793,2.512611e-08,REFINEMENT,hp
crc_600,92,0.041724924554608747131330656711,0.0417254855469356933103623693941,1.344502e-05,NEW ARRANGEMENT,hp
crc_600,93,0.041666672490105979936457489951,0.0416667177206396862742811637454,1.085533e-06,REFINEMENT,hp
crc_600,99,0.039705133723128588452475142309,0.0397128437013981756629377264817,1.941809e-04,NEW ARRANGEMENT,hp
crc_600,101,0.039395550373002270829281261777,0.0393955507321204939552684190463,9.115705e-09,REFINEMENT,hp
crc_600,102,0.039219929578305156839739422587,0.0392199504049296010527392787939,5.310215e-07,REFINEMENT,hp
crc_600,103,0.039024466504370088593760029126,0.039025676598469730910113470122,3.100860e-05,NEW ARRANGEMENT,hp
crc_600,104,0.038824656938777344709555126466,0.038988949800867428533352002437,4.231663e-03,NEW ARRANGEMENT,hp
crc_600,105,0.038695258580272363135736101717,0.0387230681746269634024973710437,7.186822e-04,NEW ARRANGEMENT,hp
crc_600,106,0.038591710769278615170651086770,0.0386298795465943973777670748372,9.890408e-04,NEW ARRANGEMENT,hp
crc_600,107,0.038465300822719144657169962077,0.0384668549671054331124667156008,4.040380e-05,NEW ARRANGEMENT,hp
crc_600,109,0.038161714003952677975162625306,0.0382010198170722281549680447172,1.029980e-03,NEW ARRANGEMENT,hp
crc_600,110,0.038072360058739145232236021172,0.0381208804905467492414326359291,1.274427e-03,NEW ARRANGEMENT,hp
crc_600,111,0.038049094852954012781849863304,0.0380491187397832677693090214982,6.277897e-07,SMALL (unclear),hp
crc_600,114,0.037644408547753311119541989070,0.0376446552909919306670873931665,6.554579e-06,NEW ARRANGEMENT,hp
crc_600,116,0.037230168485884040237819061331,0.0372327492188071036814068166947,6.931833e-05,NEW ARRANGEMENT,hp
crc_600,118,0.036698886764217093168933752324,0.0367031309260718693795846037317,1.156482e-04,NEW ARRANGEMENT,hp
crc_600,119,0.036476444068007089709547099981,0.0365363094393011651973247147094,1.641206e-03,NEW ARRANGEMENT,hp
crc_600,120,0.036290083585114096902612492052,0.0363172886385307887464484329656,7.496553e-04,NEW ARRANGEMENT,hp
crc_600,121,0.036207859355308014814897247452,0.0362190257898520260903772405627,3.083981e-04,NEW ARRANGEMENT,hp
crc_600,122,0.036070333100163751699094648406,0.0361190813536891665469537448646,1.351478e-03,NEW ARRANGEMENT,hp
crc_600,123,0.035842470183765791375281322662,0.0358441541054284521131975287162,4.698118e-05,NEW ARRANGEMENT,hp
crc_600,126,0.035468718119521284135424937731,0.0354697843384910244971896043173,3.006083e-05,NEW ARRANGEMENT,hp
crc_600,127,0.035407730637512828290468244251,0.0354077775591239967876322894932,1.325180e-06,NEW ARRANGEMENT,hp
crc_600,129,0.035019926001753872856333353554,0.0350210942648018097476643414177,3.335995e-05,NEW ARRANGEMENT,hp
crc_600,130,0.034988991949928848400978368331,0.0349890006712010566525607211928,2.492576e-07,REFINEMENT,hp
crc_600,131,0.034816261951563169578967496568,0.0348168715853148885455419132397,1.751003e-05,NEW ARRANGEMENT,hp
crc_600,132,0.034738961664461883772389843411,0.0347389908622515061483599837826,8.404911e-07,SMALL (unclear),hp
crc_600,133,0.034703820292364330195742789904,0.0347076693090328723889510874378,1.109105e-04,NEW ARRANGEMENT,hp
crc_600,134,0.034575768752801840849303857736,0.0345770797545726028728517956991,3.791678e-05,NEW ARRANGEMENT,hp
crc_600,138,0.034243125032239252670297028295,0.0342474457597497644713156980969,1.261780e-04,NEW ARRANGEMENT,hp
crc_600,139,0.034218031188992641572308503719,0.0342186991646905545882683373767,1.952116e-05,NEW ARRANGEMENT,hp
crc_600,143,0.033604127826936151415528929275,0.0336041278323961028221605697127,1.624786e-10,REFINEMENT,hp
crc_600,145,0.033400919531632180194292724313,0.0334121782250053606210317890117,3.370773e-04,NEW ARRANGEMENT,hp
crc_600,146,0.033342677786254706072396413244,0.0333456909010952940902884628936,9.036811e-05,NEW ARRANGEMENT,hp
crc_600,147,0.032899698280410432017543860083,0.0329265606910054180134179080699,8.164941e-04,NEW ARRANGEMENT,hp
crc_600,148,0.032783402189623942329709396078,0.0327901776907096416378937718353,2.066747e-04,NEW ARRANGEMENT,hp
crc_600,150,0.032643080281879979247158115096,0.03264752311342330883402642698,1.361033e-04,NEW ARRANGEMENT,hp
crc_600,151,0.032437263015501888043455117983,0.0324762288298990688147462202755,1.201267e-03,NEW ARRANGEMENT,hp
crc_600,152,0.032317232929172710210326734728,0.0323174863752254531886213201111,7.842443e-06,NEW ARRANGEMENT,hp
crc_600,154,0.032093377520621047433644727778,0.0320933823856196816795377158819,1.515889e-07,REFINEMENT,hp
crc_600,155,0.032003177974121316095029004046,0.0320090708651997046763560367672,1.841346e-04,NEW ARRANGEMENT,hp
crc_600,156,0.031913949683438346230046057226,0.0319139502816418900216560077041,1.874427e-08,SMALL (unclear),hp
crc_600,157,0.031878643189728845161112563121,0.031900973163397778345101935576,7.004681e-04,NEW ARRANGEMENT,hp
crc_600,158,0.031798677478125552084209082952,0.0317998972329655147422414453524,3.835867e-05,NEW ARRANGEMENT,hp
crc_600,159,0.031740219573971966232601807368,0.031740396227634604009487332739,5.565609e-06,NEW ARRANGEMENT,hp
crc_600,161,0.031629136778028430016117359109,0.0316291382293131975740301318502,4.588443e-08,SMALL (unclear),hp
crc_600,163,0.031437908021694459970211274607,0.0314441146918792495026078635779,1.974263e-04,NEW ARRANGEMENT,hp
crc_600,164,0.031399636336131800414927385413,0.0314003107183536826964009404315,2.147739e-05,REFINEMENT,hp
crc_600,166,0.031231674787779595772128702938,0.0312329737346950276608588075226,4.159069e-05,NEW ARRANGEMENT,hp
crc_600,167,0.031199100069534795981712270054,0.0311996383092374768039414954003,1.725177e-05,NEW ARRANGEMENT,hp
crc_600,168,0.031147565591920175424101572001,0.0311502388395512141284930047523,8.582525e-05,NEW ARRANGEMENT,hp
crc_600,169,0.031120722699875756032307688712,0.0311212849357103997018763014608,1.806628e-05,NEW ARRANGEMENT,hp
crc_600,170,0.031109780252290281448138197176,0.0311097803969070223697001026261,4.648594e-09,REFINEMENT,hp
crc_600,172,0.030773291058771098926581659329,0.0307753423276861497762952276862,6.665744e-05,NEW ARRANGEMENT,hp
crc_600,173,0.030640801929732220766681529960,0.0306447700439189528150474388489,1.295043e-04,NEW ARRANGEMENT,hp
crc_600,176,0.030380795825634950192079479512,0.0303853688205570718035300670117,1.505226e-04,NEW ARRANGEMENT,hp
crc_600,177,0.030166655873251916465427501311,0.0301671840875489253781771114279,1.750987e-05,NEW ARRANGEMENT,hp
crc_600,178,0.030039846290078817263956174741,0.0300404030102204908331662522726,1.853272e-05,NEW ARRANGEMENT,hp
crc_600,179,0.029932310495000476419504554837,0.0300248439865065118275201584899,3.091425e-03,NEW ARRANGEMENT,hp
crc_600,180,0.030000272979068800516719953962,0.0300085712308336610299505582201,2.766059e-04,NEW ARRANGEMENT,hp
crc_600,181,0.030000226677712598459585167344,0.0300036684845030272423010449516,1.147260e-04,NEW ARRANGEMENT,hp
crc_600,182,0.029752980903883024637898701562,0.029753040618375287712356396468,2.007009e-06,NEW ARRANGEMENT,hp
crc_600,183,0.029618547047457066528623161349,0.0296185515458787476880617118674,1.518785e-07,SMALL (unclear),hp
crc_600,184,0.029476593252140407964680593239,0.0294770303338114581719240571887,1.482809e-05,NEW ARRANGEMENT,hp
crc_600,185,0.029411475086797224230592097577,0.0294121396346787315850947281653,2.259485e-05,NEW ARRANGEMENT,hp
crc_600,186,0.029354052515907870376406975462,0.0293540525198722279063247356153,1.350532e-10,REFINEMENT,hp
crc_600,187,0.029288759450674240041045764092,0.0292888723558865739622640293452,3.854899e-06,NEW ARRANGEMENT,hp
crc_600,188,0.029242609853932227758256291952,0.0292426181315642478236146442448,2.830675e-07,SMALL (unclear),hp
crc_600,189,0.029140407586418325645616141542,0.029152558049801322248446149234,4.169627e-04,NEW ARRANGEMENT,hp
crc_600,190,0.029064406954861338197549243594,0.029088776925258061469021085538,8.384816e-04,NEW ARRANGEMENT,hp
crc_600,191,0.029043049677999418749535065438,0.0290430521251824322661870293067,8.426054e-08,REFINEMENT,hp
crc_600,193,0.028926682864779503049263121971,0.0289283110164055258365063527061,5.628546e-05,NEW ARRANGEMENT,hp
crc_600,194,0.028861425173095472286448201439,0.0288614251763330069530869551117,1.121751e-10,REFINEMENT,hp
crc_600,195,0.028839849620386961911693258314,0.0288398541594708947565300069161,1.573893e-07,SMALL (unclear),hp
crc_600,196,0.028784308322136055936974351371,0.0287890008792969791162069280935,1.630248e-04,NEW ARRANGEMENT,hp
crc_600,199,0.028621495111403511816937200188,0.0286223652950162504918922597069,3.040315e-05,NEW ARRANGEMENT,hp
crc_600,200,0.028592689891498870215136720450,0.0285932104754603315668334677651,1.820689e-05,NEW ARRANGEMENT,hp
crc_600,201,0.028550338789768405336245622430,0.0285541763014310703357396028164,1.344121e-04,NEW ARRANGEMENT,hp
crc_600,202,0.028531227701887814962601307444,0.0285312279947478615061518498766,1.026454e-08,REFINEMENT,hp
crc_600,203,0.028520073423883192537383835665,0.0285211979866484629015905981426,3.943057e-05,NEW ARRANGEMENT,hp
crc_600,205,0.028184286775978505185322449229,0.0282075474873711109224270715708,8.253078e-04,NEW ARRANGEMENT,hp
crc_600,206,0.028121608653889651458668982571,0.028121754062754689959284595472,5.170716e-06,NEW ARRANGEMENT,hp
crc_600,207,0.028053964475707300872224292977,0.0280546234137153454472392983013,2.348823e-05,NEW ARRANGEMENT,hp
crc_600,208,0.027936329575554562043411809283,0.0279365510416816099772781578448,7.927531e-06,NEW ARRANGEMENT,hp
crc_600,210,0.027868986138080925704178616854,0.0278728788155173072106711469049,1.396778e-04,NEW ARRANGEMENT,hp
crc_600,211,0.027803324263653919595083824932,0.0278034904285085366399586732981,5.976438e-06,NEW ARRANGEMENT,hp
crc_600,212,0.027569811433140979162236606668,0.0275708364731319756582334672239,3.717980e-05,NEW ARRANGEMENT,hp
crc_600,214,0.027418806577034438364036871747,0.0274198899462040841129117652117,3.951190e-05,NEW ARRANGEMENT,hp
crc_600,215,0.027366792506779333500379267039,0.027367377567013205337853162025,2.137847e-05,NEW ARRANGEMENT,hp
crc_600,216,0.027352575634240782131966383375,0.0273525757489619956605120878679,4.194165e-09,REFINEMENT,hp
crc_600,217,0.027224150609892677399283304579,0.027295927523578679460211396573,2.636516e-03,NEW ARRANGEMENT,hp
crc_600,218,0.027164056488324357232365886878,0.0272934841890851897892543732118,4.764668e-03,NEW ARRANGEMENT,hp
crc_600,219,0.027087661397881286152597227372,0.0272736823927810936156723581531,6.867370e-03,NEW ARRANGEMENT,hp
crc_600,220,0.027272728372699205044366726436,0.0272729138681147585377242409919,6.801498e-06,NEW ARRANGEMENT,hp
crc_600,221,0.027272727272727272727272727273,0.0272727801449215046966347302193,1.938647e-06,REFINEMENT,hp
crc_600,222,0.026996864488041587146323501962,0.0269968653708904401462804044599,3.270190e-08,REFINEMENT,hp
crc_600,223,0.026925456281096396206893070772,0.0269264936778133418523675195407,3.852847e-05,NEW ARRANGEMENT,hp
crc_600,224,0.026878316629862250905863629959,0.0268783212660947994572343288215,1.724897e-07,SMALL (unclear),hp
crc_600,225,0.026830644902879938843983726418,0.0268562528195112570242235646692,9.544279e-04,NEW ARRANGEMENT,hp
crc_600,226,0.026776122606057054291515816556,0.0267787938855282345674563049746,9.976349e-05,NEW ARRANGEMENT,hp
crc_600,227,0.026759694099582265587435073720,0.0267599122155146130293757570012,8.150913e-06,NEW ARRANGEMENT,hp
crc_600,229,0.026616897020529773795639539749,0.0266264647758443901983627087931,3.594617e-04,NEW ARRANGEMENT,hp
crc_600,230,0.026592914684728304739820681044,0.0265929865904252712375835160708,2.703942e-06,NEW ARRANGEMENT,hp
crc_600,231,0.026579741997837480360698487099,0.0265873717331052092604998129937,2.870508e-04,NEW ARRANGEMENT,hp
crc_600,232,0.026551161257434696835288218366,0.0265511666577084555638379894814,2.033912e-07,SMALL (unclear),hp
crc_600,233,0.026521301330875501239439150406,0.0265222847485676957808389182529,3.708030e-05,NEW ARRANGEMENT,hp
crc_600,235,0.026420450838107652692899093626,0.0264204508413381415108627448204,1.222723e-10,SMALL (unclear),hp
crc_600,236,0.026403219150426022091762586964,0.0264032200144697911478149426903,3.272494e-08,SMALL (unclear),hp
crc_600,238,0.026341892367063298285890044182,0.0263453316682911500460318100566,1.305639e-04,NEW ARRANGEMENT,hp
crc_600,239,0.026329893757181922882057132581,0.0263299296130581240779512660764,1.361793e-06,NEW ARRANGEMENT,hp
crc_600,241,0.026315791718677725832493694701,0.0263158703884159536528517905588,2.989450e-06,REFINEMENT,hp
crc_600,242,0.026066919461668114918034711111,0.0260669499050314149032287051746,1.167893e-06,REFINEMENT,hp
crc_600,244,0.025862851250391072802924742620,0.025868151041335018948335292091,2.049191e-04,NEW ARRANGEMENT,hp
crc_600,245,0.025784333219823765148774316987,0.0257929005287055093650082975902,3.322680e-04,NEW ARRANGEMENT,hp
crc_600,246,0.025740817046143247064106917530,0.0257640238322926817232355889052,9.015559e-04,NEW ARRANGEMENT,hp
crc_600,247,0.025725197994896957051141498281,0.0257370140295890049646795707901,4.593175e-04,NEW ARRANGEMENT,hp
crc_600,248,0.025594025822939095618951477825,0.0256099054677280752674116259405,6.204434e-04,NEW ARRANGEMENT,hp
crc_600,249,0.025513977635286375355705030910,0.0255140256473485698835497335763,1.881794e-06,NEW ARRANGEMENT,hp
crc_600,250,0.025429796599605019771883183565,0.0254355266922064060425340575329,2.253299e-04,NEW ARRANGEMENT,hp
crc_600,251,0.025402450167439768719927136472,0.0254042563035583721794462150599,7.110086e-05,NEW ARRANGEMENT,hp
crc_600,252,0.025322161635267527760294136615,0.0253343294757353584211604625736,4.805214e-04,NEW ARRANGEMENT,hp
crc_600,253,0.025306680671956082380880661164,0.0253294102204446054743444259058,8.981640e-04,NEW ARRANGEMENT,hp
crc_600,254,0.025267550008597889812198213619,0.0253014832492603061486714533386,1.342957e-03,NEW ARRANGEMENT,hp
crc_600,255,0.025194223148236117961715197518,0.0251945937704711811075892664659,1.471060e-05,NEW ARRANGEMENT,hp
crc_600,256,0.025134991083437822013963070338,0.0251351342427438636037261649739,5.695618e-06,NEW ARRANGEMENT,hp
crc_600,257,0.025083330693356314765760360106,0.0250845389582157248545047885052,4.817003e-05,NEW ARRANGEMENT,hp
crc_600,258,0.025065013917735581561856169278,0.0250650189789621199368377448942,2.019239e-07,REFINEMENT,hp
crc_600,260,0.024980368485814516639423857259,0.025022336712384734455575911725,1.680048e-03,NEW ARRANGEMENT,hp
crc_600,261,0.024962730170891139226673368749,0.024975103267611130740681631073,4.956628e-04,NEW ARRANGEMENT,hp
crc_600,262,0.024959387575023820377098831758,0.0249622627796213463140818969326,1.151953e-04,NEW ARRANGEMENT,hp
crc_600,263,0.024956897424612416021867156603,0.0249570757753025396463036163945,7.146349e-06,NEW ARRANGEMENT,hp
crc_600,264,0.024951687022049461416289131926,0.0249517156631015598793778788002,1.147860e-06,NEW ARRANGEMENT,hp
crc_600,267,0.024743985816422562252806660977,0.0247440160308735520721856329916,1.221083e-06,NEW ARRANGEMENT,hp
crc_600,268,0.024693893613377944518777023936,0.0246938974887701642876842329928,1.569373e-07,SMALL (unclear),hp
crc_600,270,0.024663645933318877272439541289,0.024663647089824463370067443293,4.689110e-08,REFINEMENT,hp
crc_600,271,0.024628150570044006604522279226,0.0246281507453320391854735245941,7.117385e-09,REFINEMENT,hp
crc_600,272,0.024615796091601033413484158055,0.0246158216741006949665839415164,1.039272e-06,NEW ARRANGEMENT,hp
crc_600,274,0.024527073955751477836756397642,0.0245277343028278301032473788938,2.692319e-05,NEW ARRANGEMENT,hp
crc_600,275,0.024514295683388060629347520244,0.0245143010198314673548225795801,2.176870e-07,SMALL (unclear),hp
crc_600,277,0.024453952060534108407806916906,0.024454192202879207340651807295,9.820185e-06,NEW ARRANGEMENT,hp
crc_600,278,0.024427388543216239266727956245,0.0244274950547356042283241269042,4.360332e-06,NEW ARRANGEMENT,hp
crc_600,279,0.024403646363224419760997280708,0.0244036980457153124252814173706,2.117818e-06,NEW ARRANGEMENT,hp
crc_600,282,0.024096775690898332048673899277,0.0241189593211678275651136214525,9.206058e-04,NEW ARRANGEMENT,hp
crc_600,283,0.024057910218987999860065094460,0.0240585068222455921628275088728,2.479863e-05,NEW ARRANGEMENT,hp
crc_600,284,0.024003624466759196859419163282,0.0240038624662297056807908839404,9.915147e-06,NEW ARRANGEMENT,hp
crc_600,285,0.023948485224995422412492984848,0.0239581350107818693823223879967,4.029393e-04,NEW ARRANGEMENT,hp
crc_600,286,0.023928224366071727631470662339,0.0239299503497903479510759715387,7.213171e-05,NEW ARRANGEMENT,hp
crc_600,287,0.023928224255743220050441452954,0.0239284031141190486352770204118,7.474787e-06,NEW ARRANGEMENT,hp
crc_600,288,0.023927751889555548089278808124,0.0239282242181659972887391847559,1.973978e-05,NEW ARRANGEMENT,hp
crc_600,289,0.023725761205130319803546579242,0.0237257620914119293311584682949,3.735524e-08,REFINEMENT,hp
crc_600,290,0.023656117518829317675687674518,0.0236567467459283775246241966696,2.659892e-05,NEW ARRANGEMENT,hp
crc_600,291,0.023599759793262936068619462341,0.0236001052143666469026765641881,1.463664e-05,NEW ARRANGEMENT,hp
crc_600,292,0.023563466881362489276065869929,0.0235880152699560618697747705851,1.041799e-03,NEW ARRANGEMENT,hp
crc_600,293,0.023535547828115300347485082499,0.0235564793164373256400296598326,8.893563e-04,NEW ARRANGEMENT,hp
crc_600,294,0.023521522943535559824997292009,0.0235379116442808617858715235668,6.967534e-04,NEW ARRANGEMENT,hp
crc_600,295,0.023500163555372985952056435514,0.0235008813621049165778331344418,3.054475e-05,NEW ARRANGEMENT,hp
crc_600,296,0.023461206880485300286640076146,0.0234612069496955595046345171452,2.949987e-09,SMALL (unclear),hp
crc_600,297,0.023405600922652805048250173422,0.0234063140452826327719672086142,3.046803e-05,NEW ARRANGEMENT,hp
crc_600,298,0.023362017568086337936568413192,0.0233700475939202133339344726335,3.437214e-04,NEW ARRANGEMENT,hp
crc_600,299,0.023346372477131727916619360498,0.0233480628964857980869114165938,7.240608e-05,NEW ARRANGEMENT,hp
crc_600,300,0.023275893755896650785991783252,0.0233454234016082502147116720845,2.987196e-03,NEW ARRANGEMENT,hp
crc_600,301,0.023236480482963347803747558402,0.0232657986595898921420961735532,1.261731e-03,NEW ARRANGEMENT,hp
crc_600,302,0.023215425055959923683019565366,0.0232235115012878371588125201247,3.483221e-04,NEW ARRANGEMENT,hp
crc_600,303,0.023200617088860396991193494332,0.0232117877529035781503485993642,4.814813e-04,NEW ARRANGEMENT,hp
crc_600,304,0.023173681497999945436747130176,0.0232100693580648381740574188734,1.570224e-03,NEW ARRANGEMENT,hp
crc_600,306,0.023139834197111943590490737592,0.0231409622232919436714744357299,4.874824e-05,NEW ARRANGEMENT,hp
crc_600,307,0.023134143833945586175676545278,0.0231341518691063521373513698903,3.473291e-07,REFINEMENT,hp
crc_700,31,0.074848562871263167211984873834,0.0748670800813772218062618826166,2.473957e-04,NEW ARRANGEMENT,hp
crc_700,32,0.074023210305284956740704566116,0.0740235082073851060672890089071,4.024442e-06,NEW ARRANGEMENT,hp
crc_700,40,0.066334648857052592918875412100,0.066348672105483935073934520082,2.114016e-04,NEW ARRANGEMENT,hp
crc_700,41,0.066031090064732256684994375895,0.0660318505890419411481461762865,1.151767e-05,NEW ARRANGEMENT,hp
crc_700,43,0.064260797556073890506673162019,0.0642975702929503623211370693885,5.722421e-04,NEW ARRANGEMENT,hp
crc_700,46,0.062625942915089805909080484752,0.0626259431386966237890151216244,3.570514e-09,REFINEMENT,hp
crc_700,48,0.060545277328947515494466862204,0.0605452869966417962282202774913,1.596771e-07,SMALL (unclear),hp
crc_700,50,0.059391831265027711718710105853,0.0593949604598109731625454319462,5.268729e-05,NEW ARRANGEMENT,hp
crc_700,54,0.057490648556709649878292975831,0.0574906717515031970269479171567,4.034533e-07,REFINEMENT,hp
crc_700,57,0.056574708487379293427803106219,0.0565748940076513993135107775431,3.279209e-06,NEW ARRANGEMENT,hp
crc_700,58,0.056073726692250897353553684481,0.0560737482411261746191510730282,3.842954e-07,SMALL (unclear),hp
crc_700,61,0.054524912520642854945880597708,0.0545249351737015828273329923948,4.154625e-07,REFINEMENT,hp
crc_700,62,0.053792657419078793503436786729,0.0537954066785564207509192159282,5.110845e-05,NEW ARRANGEMENT,hp
crc_700,63,0.053333972215302442504605623570,0.0533924195327756624315535034932,1.095874e-03,NEW ARRANGEMENT,hp
crc_700,64,0.052916789201406106279826141222,0.0529167893288406340767895423244,2.408206e-09,REFINEMENT,hp
crc_700,65,0.052477091876488782448099789269,0.0524780773356213816674852528102,1.877884e-05,NEW ARRANGEMENT,hp
crc_700,69,0.051070764921551307901946410908,0.0510707798302862798415795317074,2.919231e-07,REFINEMENT,hp
crc_700,70,0.050726199215756024399565471827,0.0507396559690628081526847187885,2.652821e-04,NEW ARRANGEMENT,hp
crc_700,71,0.050589655296940238398790261317,0.050589655349005297853628736971,1.029164e-09,SMALL (unclear),hp
crc_700,73,0.050007651343488671782457857521,0.0500167968932713994925100437848,1.828830e-04,NEW ARRANGEMENT,hp
crc_700,75,0.049700465673074189985757373681,0.049701207728405850648462005969,1.493055e-05,NEW ARRANGEMENT,hp
crc_700,77,0.048974373533981839717857197960,0.0489744800212401155458690390742,2.174347e-06,REFINEMENT,hp
crc_700,78,0.048446874110363620837894029312,0.0484469186849286926992896774506,9.200710e-07,SMALL (unclear),hp
crc_700,81,0.047361148031253469630782707348,0.0473611574330896425063733351362,1.985137e-07,SMALL (unclear),hp
crc_700,85,0.046228763708287895283345802490,0.046228780171646046854224020799,3.561280e-07,SMALL (unclear),hp
crc_700,86,0.045906287015557137508610833570,0.0459083826990679338227354654927,4.565134e-05,NEW ARRANGEMENT,hp
crc_700,87,0.045690830700752213605133206804,0.0456908323186685991321471050694,3.541009e-08,REFINEMENT,hp
crc_700,88,0.045421536735251749168288160429,0.0454226273262915915362256436407,2.401044e-05,NEW ARRANGEMENT,hp
crc_700,89,0.045284248342325280158819939359,0.0452843187010223420514792492864,1.553712e-06,NEW ARRANGEMENT,hp
crc_700,90,0.045063618475774893497000040657,0.0450638496267091615711978020277,5.129436e-06,REFINEMENT,hp
crc_700,91,0.044827999845571342380733485239,0.0448280712946610014661583094015,1.593850e-06,NEW ARRANGEMENT,hp
crc_700,92,0.044694261550766240052515847562,0.0446942627523636390741726367019,2.688482e-08,REFINEMENT,hp
crc_700,93,0.044582386076288906664750984499,0.0445826939263842537914290161688,6.905196e-06,NEW ARRANGEMENT,hp
crc_700,94,0.044541654888297572167936301153,0.044541758016203324433232496124,2.315314e-06,REFINEMENT,hp
crc_700,96,0.044172292072017878966619659190,0.0441723101718157996490383512489,4.097546e-07,SMALL (unclear),hp
crc_700,98,0.043672216580868364443683718263,0.0437534226408267201832123690126,1.859444e-03,NEW ARRANGEMENT,hp
crc_700,100,0.042967348623505254471836570977,0.0429684335557959329535059884496,2.525016e-05,NEW ARRANGEMENT,hp
crc_700,101,0.042742738777919416281004367869,0.0427427397452756826711734807391,2.263206e-08,SMALL (unclear),hp
crc_700,102,0.042436365898685296402132709476,0.0424365070146487833233536695567,3.325355e-06,NEW ARRANGEMENT,hp
crc_700,104,0.042169849119418017960878665350,0.0421703131276362970867429719107,1.100332e-05,NEW ARRANGEMENT,hp
crc_700,105,0.041798275534226474010642437486,0.0417992518712380536409621219092,2.335831e-05,NEW ARRANGEMENT,hp
crc_700,107,0.041364669953437850897298662365,0.0413648538784902282498999783575,4.446429e-06,NEW ARRANGEMENT,hp
crc_700,109,0.041012318528019390539436847718,0.0410354378711326509520226442956,5.637170e-04,NEW ARRANGEMENT,hp
crc_700,110,0.040947907249312236227783657150,0.0409495386094450273457397156624,3.983989e-05,NEW ARRANGEMENT,hp
crc_700,111,0.040906106126673551107392170901,0.0409075078052783641918896723688,3.426575e-05,NEW ARRANGEMENT,hp
crc_700,113,0.040441912936944149392680566248,0.0404442380376609713742182480927,5.749235e-05,NEW ARRANGEMENT,hp
crc_700,116,0.040045076786409452710128546772,0.0400706934935613096316783122472,6.396968e-04,NEW ARRANGEMENT,hp
crc_700,117,0.039964438557230056806858624622,0.0399682346099433378055711322095,9.498576e-05,NEW ARRANGEMENT,hp
crc_700,118,0.039891003952282283345203008251,0.0398912722062333851459782223477,6.724673e-06,NEW ARRANGEMENT,hp
crc_700,119,0.039859129485117269265294164158,0.0398599820456910652842078555193,2.138934e-05,NEW ARRANGEMENT,hp
crc_700,121,0.039286482743469243760163776373,0.0392864833901850460882045749304,1.646153e-08,SMALL (unclear),hp
crc_700,122,0.039127305347762422272966200125,0.0391273078376243372198717540776,6.363489e-08,REFINEMENT,hp
crc_700,124,0.038725198679952218947591542419,0.0387290938168963802759642865579,1.005840e-04,NEW ARRANGEMENT,hp
crc_700,125,0.038637048724904784623213337153,0.0386633483944756542364127325674,6.806853e-04,NEW ARRANGEMENT,hp
crc_700,126,0.038528271489763310787874822984,0.0385282732298374223894304517159,4.516357e-08,REFINEMENT,hp
crc_700,127,0.038350058854159177920148387632,0.0383500594768315464406002760742,1.623654e-08,REFINEMENT,hp
crc_700,129,0.037874383606925062659619967876,0.0379554454189909258871148563335,2.140281e-03,NEW ARRANGEMENT,hp
crc_700,130,0.037686828043399282983284448792,0.0377579960859730526773213769994,1.888406e-03,NEW ARRANGEMENT,hp
crc_700,132,0.037394638467319262866769724869,0.0373947670298349679081907898779,3.437993e-06,NEW ARRANGEMENT,hp
crc_700,133,0.037218331466544864304962072641,0.0372194348653326244245512743846,2.964665e-05,NEW ARRANGEMENT,hp
crc_700,134,0.037126896601780637809023846371,0.0371269175396583192393061460252,5.639544e-07,SMALL (unclear),hp
crc_700,135,0.037058276433791298394105125726,0.0370583814118812461350170023296,2.832784e-06,NEW ARRANGEMENT,hp
crc_700,136,0.036965681182585385750308235271,0.0370251060603541649510231968386,1.607569e-03,NEW ARRANGEMENT,hp
crc_700,137,0.036884352548964042679140134613,0.0368852206104598171667241885938,2.353468e-05,NEW ARRANGEMENT,hp
crc_700,141,0.036495586534724440533744248782,0.036496430977268258353364275933,2.313821e-05,NEW ARRANGEMENT,hp
crc_700,142,0.036475266243951032518363212966,0.0364764127064484716540845226091,3.143123e-05,NEW ARRANGEMENT,hp
crc_700,143,0.036432092554263451988750954019,0.03643657879078566639941033586,1.231397e-04,NEW ARRANGEMENT,hp
crc_700,144,0.036259508791085745557716102164,0.0362605146915447861321304380656,2.774170e-05,NEW ARRANGEMENT,hp
crc_700,147,0.035848020819740986871600782383,0.0358506161998972933926865809816,7.239954e-05,NEW ARRANGEMENT,hp
crc_700,148,0.035778943860868034836384683032,0.0357842928469188444273879585168,1.495009e-04,NEW ARRANGEMENT,hp
crc_700,149,0.035746800529412666069304921000,0.0357482764994089962190376070239,4.128957e-05,NEW ARRANGEMENT,hp
crc_700,151,0.035125399319497946852350837768,0.0351319254458880817789067951136,1.857951e-04,NEW ARRANGEMENT,hp
crc_700,152,0.035032679447906249898836800116,0.0350491777054489459396671720062,4.709391e-04,NEW ARRANGEMENT,hp
crc_700,153,0.035008059727787206043318457393,0.0350375659298858365283586963324,8.428403e-04,NEW ARRANGEMENT,hp
crc_700,154,0.034810530433773789228015396589,0.0348140025486847668951872447316,9.974323e-05,NEW ARRANGEMENT,hp
crc_700,156,0.034458090040123598670162494283,0.0344609201555213994137863730822,8.213210e-05,NEW ARRANGEMENT,hp
crc_700,158,0.034278991277997032083177493813,0.0342809480119467454188456677829,5.708260e-05,NEW ARRANGEMENT,hp
crc_700,159,0.034214346162395224820055082986,0.0342153626948824293682926361694,2.971071e-05,NEW ARRANGEMENT,hp
crc_700,160,0.034110087521970959553787888958,0.0341100875408121362862482041693,5.523638e-10,REFINEMENT,hp
crc_700,161,0.033978700794880358138276063902,0.0340589255659593499495812520298,2.361031e-03,NEW ARRANGEMENT,hp
crc_700,162,0.033926742206370845942860304777,0.0340092038087811646549946344351,2.430578e-03,NEW ARRANGEMENT,hp
crc_700,163,0.033827232055424297573680483089,0.0338325360594539816144528342678,1.567969e-04,NEW ARRANGEMENT,hp
crc_700,164,0.033760957332570278407461993767,0.0337711925828685554206554136675,3.031682e-04,NEW ARRANGEMENT,hp
crc_700,165,0.033697316186754197041362244650,0.0336973688047424135716553843254,1.561489e-06,REFINEMENT,hp
crc_700,166,0.033667325633897840617754564861,0.0336673267900611901998550488324,3.434081e-08,REFINEMENT,hp
crc_700,167,0.033605330944917836056516627001,0.0336100664020476888146389373079,1.409139e-04,NEW ARRANGEMENT,hp
crc_700,169,0.033424655209037930171990125366,0.0334252540933624585114116985441,1.791744e-05,NEW ARRANGEMENT,hp
crc_700,170,0.033381979966146668207863484315,0.0333823972634750593597132310833,1.250068e-05,NEW ARRANGEMENT,hp
crc_700,171,0.033317130252161349602580365369,0.0333223167804629834054416701204,1.556715e-04,NEW ARRANGEMENT,hp
crc_700,172,0.033289711554239429634193405191,0.0332897270200173360947343054026,4.645813e-07,SMALL (unclear),hp
crc_700,173,0.033274791005750542686793059329,0.0332750186267889909188568877782,6.840645e-06,NEW ARRANGEMENT,hp
crc_700,177,0.032644061668012050649845328838,0.032650629703539241715524202516,2.012015e-04,NEW ARRANGEMENT,hp
crc_700,178,0.032511955628503771519992668971,0.0325131885608357966039284665848,3.792243e-05,NEW ARRANGEMENT,hp
crc_700,179,0.032423517658237893676376477853,0.0324386738180713331057267823987,4.674434e-04,NEW ARRANGEMENT,hp
crc_700,180,0.032371607381062897132755567209,0.0324015045726342126895606996365,9.235622e-04,NEW ARRANGEMENT,hp
crc_700,181,0.032216741337194731348039125926,0.0322310037874201992789031800024,4.427031e-04,NEW ARRANGEMENT,hp
crc_700,182,0.032040705415279004177978690937,0.0320485381088307815308964303333,2.444607e-04,NEW ARRANGEMENT,hp
crc_700,183,0.031925708297746697867995855975,0.03194287154856512904427037062,5.375997e-04,NEW ARRANGEMENT,hp
crc_700,184,0.031844174407583025002282682989,0.0318811176602662913001461101902,1.160126e-03,NEW ARRANGEMENT,hp
crc_700,185,0.031819504997561122003915939222,0.0318399364186742051236660381639,6.421037e-04,NEW ARRANGEMENT,hp
crc_700,186,0.031807170160261533200670605087,0.0318187747235486614478780732646,3.648411e-04,NEW ARRANGEMENT,hp
crc_700,187,0.031645212471856445708291815499,0.0318134740024117170512353904195,5.317124e-03,NEW ARRANGEMENT,hp
crc_700,188,0.031629906495741722802884706480,0.0318067405429289266957049742986,5.590723e-03,NEW ARRANGEMENT,hp
crc_700,189,0.031617616782494775727046219775,0.0318059105645023102982575836511,5.955344e-03,NEW ARRANGEMENT,hp
crc_700,190,0.031418078731439135724368442367,0.0316039831613876250433465184085,5.917116e-03,NEW ARRANGEMENT,hp
crc_700,191,0.031343623468239481991598852902,0.0313436235067792774256763701675,1.229590e-09,SMALL (unclear),hp
crc_700,192,0.031281991316498124701425787078,0.0312821451720109154488021393032,4.918341e-06,NEW ARRANGEMENT,hp
crc_700,193,0.031269142139481334510909090001,0.0312692166993957897618434097972,2.384457e-06,NEW ARRANGEMENT,hp
crc_700,194,0.031159999127201480969881276135,0.0311628190909353082326392731145,9.049948e-05,NEW ARRANGEMENT,hp
crc_700,195,0.031133308759598885033330078871,0.0311333117612774908456962560535,9.641374e-08,SMALL (unclear),hp
crc_700,196,0.031008300696750470197110947147,0.0310353022769702880456843361154,8.707856e-04,NEW ARRANGEMENT,hp
crc_700,197,0.030983113515006265401189003996,0.0309831340877045553796630970555,6.639971e-07,SMALL (unclear),hp
crc_700,198,0.030932007116863156978415059810,0.0309341855404912166361816491437,7.042620e-05,NEW ARRANGEMENT,hp
crc_700,199,0.030898200966284484207291473484,0.0308998454428840032039255707315,5.322241e-05,NEW ARRANGEMENT,hp
crc_700,200,0.030889733748551800177632633537,0.030890197230174439416404345611,1.500439e-05,NEW ARRANGEMENT,hp
crc_700,201,0.030866239361593085472628781259,0.0308670975374531298602103605432,2.780306e-05,NEW ARRANGEMENT,hp
crc_700,203,0.030718260947590295677534969246,0.0307185700731909718812917229128,1.006325e-05,NEW ARRANGEMENT,hp
crc_700,204,0.030619545669136592468371807633,0.0306203897756932124521806247634,2.756757e-05,NEW ARRANGEMENT,hp
crc_700,205,0.030515260186957251771373125063,0.0305152728015359757243038111224,4.133859e-07,SMALL (unclear),hp
crc_700,206,0.030422571802385026966626484858,0.0304261505380592902930965848918,1.176342e-04,NEW ARRANGEMENT,hp
crc_700,209,0.030083154544520346627000581893,0.0302172545075726194520860626856,4.457643e-03,NEW ARRANGEMENT,hp
crc_700,210,0.029985031735515407941869762094,0.0299852549276241368289095547509,7.443451e-06,NEW ARRANGEMENT,hp
crc_700,211,0.029882212828119280022052433050,0.0298917301275991727953371296047,3.184938e-04,NEW ARRANGEMENT,hp
crc_700,212,0.029806434831821343592673829196,0.0298068027903023881865983051011,1.234493e-05,NEW ARRANGEMENT,hp
crc_700,213,0.029738999680865345466623848517,0.0297390101949054567200395790045,3.535438e-07,SMALL (unclear),hp
crc_700,214,0.029674844171813738402908909898,0.0296992330140331686517747289099,8.218693e-04,NEW ARRANGEMENT,hp
crc_700,215,0.029665179011083418336720003826,0.0296948848994742305633406429789,1.001372e-03,NEW ARRANGEMENT,hp
crc_700,216,0.029483357055965719991747346196,0.0295363900212776098485357516494,1.798742e-03,NEW ARRANGEMENT,hp
crc_700,217,0.029399637952356164682253122944,0.0294270739197809439912114728182,9.332077e-04,NEW ARRANGEMENT,hp
crc_700,218,0.029328798743165601768268158873,0.0293491271590485697226525539598,6.931213e-04,NEW ARRANGEMENT,hp
crc_700,219,0.029262205268033870183459826893,0.0293139990710422195088223008467,1.769990e-03,NEW ARRANGEMENT,hp
crc_700,220,0.029239428477735430870451888754,0.0292406442854261456642999353185,4.158110e-05,NEW ARRANGEMENT,hp
crc_700,221,0.029212730457715600518389693994,0.0292167323094815253278981501488,1.369900e-04,NEW ARRANGEMENT,hp
crc_700,223,0.029072660016491866729885814036,0.0290889332790327710076383371086,5.597445e-04,NEW ARRANGEMENT,hp
crc_700,224,0.029034509428316777385416584865,0.0290347253795413579925014118582,7.437743e-06,NEW ARRANGEMENT,hp
crc_700,225,0.028988576342011552988088119640,0.028988576353198810179212410931,3.859195e-10,REFINEMENT,hp
crc_700,227,0.028870136300345710412711452736,0.0288701414912550504862004776569,1.798020e-07,REFINEMENT,hp
crc_700,228,0.028846552690553455014845888571,0.0288498807261436254836418043242,1.153703e-04,NEW ARRANGEMENT,hp
crc_700,229,0.028840086180779656437854965503,0.0288403528755034300586001179747,9.247362e-06,NEW ARRANGEMENT,hp
crc_700,230,0.028801271943674297841307923139,0.028801271953227342618221761202,3.316883e-10,REFINEMENT,hp
crc_700,233,0.028645178831316469447076343900,0.0286451857397411401733093561449,2.411723e-07,SMALL (unclear),hp
crc_700,234,0.028595884410067751646076302036,0.0285991433539434295226501534026,1.139655e-04,NEW ARRANGEMENT,hp
crc_700,235,0.028565732837173503724770829433,0.028574084974770916764424632934,2.923831e-04,NEW ARRANGEMENT,hp
crc_700,236,0.028560860268414765329156638340,0.0285624285103669032121308357563,5.490878e-05,NEW ARRANGEMENT,hp
crc_700,237,0.028557716423546672477079822171,0.0285578553566914181197447500217,4.864995e-06,NEW ARRANGEMENT,hp
crc_700,239,0.028261091571216945035019257877,0.0282611076027661665711358779701,5.672657e-07,SMALL (unclear),hp
crc_700,240,0.028190799001182559707818031468,0.0281911700571213957146241938031,1.316231e-05,NEW ARRANGEMENT,hp
crc_700,241,0.028109017078741013086409163418,0.0281095291231200944492547911141,1.821637e-05,NEW ARRANGEMENT,hp
crc_700,242,0.028015874675834566828424145925,0.0280230652744081083370760188335,2.566616e-04,NEW ARRANGEMENT,hp
crc_700,243,0.027942060176863751653401447832,0.0279612778473657679097990548681,6.877686e-04,NEW ARRANGEMENT,hp
crc_700,244,0.027916022465499722320268881936,0.027921835280619914897653415604,2.082250e-04,NEW ARRANGEMENT,hp
crc_700,245,0.027885780606082855055689723856,0.0279073416687693487041554714993,7.731920e-04,NEW ARRANGEMENT,hp
crc_700,246,0.027826457424809671714439110798,0.0278305496683055870244882090843,1.470630e-04,NEW ARRANGEMENT,hp
crc_700,247,0.027627821969026663894988852878,0.0276368495656292762984479108766,3.267574e-04,NEW ARRANGEMENT,hp
crc_700,248,0.027569033588096554795132148310,0.0275711309987771263507975311697,7.607850e-05,NEW ARRANGEMENT,hp
crc_700,249,0.027503274292393338252001114625,0.0275441151290391965027012767654,1.484945e-03,NEW ARRANGEMENT,hp
crc_700,250,0.027470443512538894428588228615,0.0275374023617445069961560914019,2.437487e-03,NEW ARRANGEMENT,hp
crc_700,251,0.027459786300045151541910586784,0.0275280406157297986272203825464,2.485610e-03,NEW ARRANGEMENT,hp
crc_700,252,0.027432962414632842742252651642,0.0274768330413993025792162443609,1.599194e-03,NEW ARRANGEMENT,hp
crc_700,253,0.027362010988476033318053668779,0.0273649474871805640981199113197,1.073203e-04,NEW ARRANGEMENT,hp
crc_700,255,0.027221018655478180942119482921,0.0272210186811783684818619054373,9.441303e-10,REFINEMENT,hp
crc_700,256,0.027131438080532030800004003860,0.0272020416510406177273656948654,2.602279e-03,NEW ARRANGEMENT,hp
crc_700,257,0.027111770063023043147549090113,0.0271610009835099571805513181781,1.815850e-03,NEW ARRANGEMENT,hp
crc_700,258,0.027086427181355894332319524193,0.0270994430263609407834990277695,4.805302e-04,NEW ARRANGEMENT,hp
crc_700,259,0.027070805644898719778016148136,0.0270708066475051634315556678905,3.703645e-08,REFINEMENT,hp
crc_700,260,0.027063141207505655062634411475,0.027063224502943164887094579128,3.077819e-06,NEW ARRANGEMENT,hp
crc_700,261,0.027022625695940291779283719929,0.0270360593483404559190082650609,4.971261e-04,NEW ARRANGEMENT,hp
crc_700,262,0.026971417513661541336110958554,0.0269719281850434567839835695237,1.893380e-05,NEW ARRANGEMENT,hp
crc_700,264,0.026889392949336265400240850359,0.0269042059130511939091526773983,5.508850e-04,NEW ARRANGEMENT,hp
crc_700,265,0.026856817278125635983592800047,0.0268568658429864377603574097207,1.808288e-06,NEW ARRANGEMENT,hp
crc_700,266,0.026809862235988009044869335638,0.0268133076205735730445423884846,1.285118e-04,NEW ARRANGEMENT,hp
crc_700,267,0.026785018743636236226355272626,0.0267890810762139082570455707125,1.516644e-04,NEW ARRANGEMENT,hp
crc_700,268,0.026780647818529112079306514362,0.026781196679177459600612176941,2.049467e-05,NEW ARRANGEMENT,hp
crc_700,269,0.026766316032631842849847713824,0.0267669786007039791361588036575,2.475380e-05,NEW ARRANGEMENT,hp
crc_700,270,0.026757815357156105041211736180,0.0267594787105068270547610800644,6.216327e-05,NEW ARRANGEMENT,hp
crc_700,272,0.026611598615204408491238906763,0.0266116809818035400302266270211,3.095139e-06,NEW ARRANGEMENT,hp
crc_700,273,0.026550929743523651196092750836,0.0265546434552814893606051355306,1.398713e-04,NEW ARRANGEMENT,hp
crc_700,274,0.026465831105105946231696448809,0.0264661532180047990967976156084,1.217090e-05,NEW ARRANGEMENT,hp
crc_700,275,0.026405790198910335697576169111,0.0264092334605135688912073233086,1.303980e-04,NEW ARRANGEMENT,hp
crc_700,276,0.026373532908827678596349613101,0.0263757936948650117881048710833,8.572177e-05,NEW ARRANGEMENT,hp
crc_700,277,0.026350960483270269579811382573,0.0263591445962084388087560351347,3.105812e-04,NEW ARRANGEMENT,hp
crc_700,279,0.026140777209482647816282939505,0.0261824820328442412527168072302,1.595393e-03,NEW ARRANGEMENT,hp
crc_700,280,0.026036675387823430833573508672,0.0260412024418412649895524111479,1.738722e-04,NEW ARRANGEMENT,hp
crc_700,281,0.025990408622237375993721963094,0.0260224171410508299785027403263,1.231551e-03,NEW ARRANGEMENT,hp
crc_700,282,0.025934059511337326204259296329,0.025997124721626388263005820148,2.431752e-03,NEW ARRANGEMENT,hp
crc_700,283,0.025882290615011982887292085051,0.0259762195664080447103960347594,3.629082e-03,NEW ARRANGEMENT,hp
crc_700,284,0.025859603937490617612825194076,0.0259591248576987738588604223333,3.848509e-03,NEW ARRANGEMENT,hp
crc_700,285,0.025820457710821821476426547980,0.0259471234467520780124292695133,4.905635e-03,NEW ARRANGEMENT,hp
crc_700,286,0.025746579536361108583892923038,0.0259401117693473034128917731384,7.516813e-03,NEW ARRANGEMENT,hp
crc_700,287,0.025672941520360475686847974721,0.0257298287852401478186017331274,2.215845e-03,NEW ARRANGEMENT,hp
crc_700,289,0.025607084892153368342566973960,0.0256250427402864858869673149351,7.012844e-04,NEW ARRANGEMENT,hp
crc_700,290,0.025576748031841497029253119597,0.0255781918998635508218280436712,5.645237e-05,NEW ARRANGEMENT,hp
crc_700,291,0.025533446519243149337257656583,0.0255345556500536686782570551754,4.343835e-05,NEW ARRANGEMENT,hp
crc_700,292,0.025511021209684828718805291137,0.025511022266871166372208955961,4.144038e-08,REFINEMENT,hp
crc_700,293,0.025506062271840072768117720898,0.0255060663510226705263618753404,1.599299e-07,SMALL (unclear),hp
crc_700,294,0.025433967184201990678261909940,0.0254377878565701566972169329603,1.502193e-04,NEW ARRANGEMENT,hp
crc_700,295,0.025383463717889775212755253456,0.0253839142140001010667897774333,1.774762e-05,NEW ARRANGEMENT,hp
crc_700,297,0.025337676739791747600003977021,0.0253377675357570441851055288481,3.583437e-06,NEW ARRANGEMENT,hp
crc_700,298,0.025304544132583077148733316528,0.0253053878473515572257767098162,3.334242e-05,NEW ARRANGEMENT,hp
crc_700,299,0.025249989843258255490793034400,0.0252652197930338597014982384227,6.031666e-04,NEW ARRANGEMENT,hp
crc_700,300,0.025230936528290507526890918540,0.0252328991952784613260627867897,7.778811e-05,NEW ARRANGEMENT,hp
crc_700,301,0.025225402945813599535726987521,0.0252258974361946532347356017104,1.960287e-05,NEW ARRANGEMENT,hp
crc_700,303,0.025186854961595985225180496362,0.025187404043822790249791789907,2.180035e-05,NEW ARRANGEMENT,hp
crc_700,305,0.025085584383294077341672624093,0.0250986097959187756413320011812,5.192390e-04,NEW ARRANGEMENT,hp
crc_700,306,0.025065750889214232977706212887,0.0250856187477605999316099812923,7.926297e-04,NEW ARRANGEMENT,hp
crc_700,307,0.025030664648400564308261727690,0.0250666600328849412860312008562,1.438051e-03,NEW ARRANGEMENT,hp
crc_700,308,0.025020480591271075251814122990,0.0250377663205078148201422843125,6.908632e-04,NEW ARRANGEMENT,hp
crc_700,309,0.025009592782727846807908299189,0.0250226741971988795479174182511,5.230559e-04,NEW ARRANGEMENT,hp
crc_700,310,0.025000108518022504206407040761,0.0250123329389382379256114564426,4.889747e-04,NEW ARRANGEMENT,hp
crc_700,311,0.025000012962587972396114175869,0.0250003817719352843042128768312,1.475237e-05,NEW ARRANGEMENT,hp
crc_700,314,0.024709312520450022739819050351,0.0247093125618176673599458903948,1.674172e-09,REFINEMENT,hp
crc_700,315,0.024654723094324338061973694548,0.0246555023293766944898734906193,3.160591e-05,NEW ARRANGEMENT,hp
crc_700,316,0.024609832600810932915224842718,0.0246100737208932186262037323542,9.797713e-06,NEW ARRANGEMENT,hp
crc_700,317,0.024551334189886278183393711321,0.0245663008461394227259426630553,6.096066e-04,NEW ARRANGEMENT,hp
crc_700,318,0.024523853475853010505161126123,0.0245285744215432293963356988207,1.925042e-04,NEW ARRANGEMENT,hp
crc_700,319,0.024497468496362584697151646386,0.0245054017470190361661557880945,3.238396e-04,NEW ARRANGEMENT,hp
crc_700,320,0.024451813301075792629333497396,0.024474750293942496887955784084,9.380487e-04,NEW ARRANGEMENT,hp
crc_700,321,0.024325622010223022611787834421,0.0243981768775923188992912506309,2.982652e-03,NEW ARRANGEMENT,hp
crc_700,322,0.024290253519281921936939618379,0.0243477741851252305460331105489,2.368055e-03,NEW ARRANGEMENT,hp
crc_700,323,0.024233083758085976229144960436,0.0242344227244338703440514311726,5.525365e-05,NEW ARRANGEMENT,hp
crc_700,324,0.024202560065421772323949376446,0.0242279432655639717835469551546,1.048782e-03,NEW ARRANGEMENT,hp
crc_700,325,0.024166123069577285927218675426,0.024201272688851053174393159586,1.454500e-03,NEW ARRANGEMENT,hp
crc_700,326,0.024149304630295529615893474700,0.0241543212338827669416971019057,2.077328e-04,NEW ARRANGEMENT,hp
crc_700,327,0.024138065520629440702546149448,0.0241384961604459423027668219481,1.784069e-05,NEW ARRANGEMENT,hp
crc_700,328,0.024133787915369222796671788408,0.0241338044861640247984387414933,6.866222e-07,SMALL (unclear),hp
crc_700,329,0.024038319878633964296189349988,0.0241035621686728662988766046632,2.714095e-03,NEW ARRANGEMENT,hp
crc_700,330,0.024012829716813352981041353937,0.0240308863223371477867991982054,7.519566e-04,NEW ARRANGEMENT,hp
crc_700,331,0.024001960176109461739042139625,0.0240020279386476670442693719902,2.823209e-06,NEW ARRANGEMENT,hp
crc_700,332,0.023982382278513584575501119968,0.023993448377099942163978586795,4.614262e-04,NEW ARRANGEMENT,hp
crc_700,333,0.023978895272694527991521186556,0.0239802108989578937157005471629,5.486601e-05,NEW ARRANGEMENT,hp
crc_700,334,0.023976070860800200029782719409,0.0239767309912217740511350166348,2.753289e-05,NEW ARRANGEMENT,hp
crc_700,335,0.023974631709267674259634570598,0.0239760613745584234439106693139,5.963242e-05,NEW ARRANGEMENT,hp
crc_700,337,0.023844924266386995495058727568,0.0238534477734293599028596406673,3.574558e-04,NEW ARRANGEMENT,hp
crc_700,338,0.023808208581619536230919138724,0.0238249211736180866056431422563,7.019676e-04,NEW ARRANGEMENT,hp
crc_700,339,0.023785909384304898211246549766,0.0237866448192717611038491315709,3.091893e-05,NEW ARRANGEMENT,hp
crc_700,341,0.023717909889284751816076319841,0.0237220123687186965106561135597,1.729697e-04,NEW ARRANGEMENT,hp
crc_700,342,0.023677381273894284292880212638,0.0236940805364213831249218362167,7.052833e-04,NEW ARRANGEMENT,hp
crc_700,343,0.023668784562508404000144620316,0.0236689183702392095252742832669,5.653342e-06,REFINEMENT,hp
crc_700,344,0.023649449168948689160548290579,0.0236498091211151000453740699038,1.522032e-05,NEW ARRANGEMENT,hp
crc_700,345,0.023644204643894152456048721616,0.0236442054453442049277171990056,3.389626e-08,REFINEMENT,hp
crc_700,346,0.023638241609579585311297096498,0.0236383698480366985358995559484,5.425042e-06,NEW ARRANGEMENT,hp
crc_700,347,0.023634338212668059164282292883,0.0236369083618351130714596649167,1.087464e-04,NEW ARRANGEMENT,hp
crc_700,348,0.023625447345592903435571749019,0.0236255513042186348473171944395,4.400282e-06,NEW ARRANGEMENT,hp
crc_700,350,0.023470511529669562202069590188,0.0235425234305416091634877417622,3.068186e-03,NEW ARRANGEMENT,hp
crc_700,351,0.023436328093724970764003343767,0.0234906512674972103980765339451,2.317905e-03,NEW ARRANGEMENT,hp
crc_700,352,0.023420082202713330611177076439,0.0234526282967201449977400808931,1.389666e-03,NEW ARRANGEMENT,hp
crc_700,353,0.023373728664177613049121185897,0.0233757611717278398436924224872,8.695692e-05,NEW ARRANGEMENT,hp
crc_700,354,0.023336629330658799271231022397,0.0233378295669582901611045678224,5.143143e-05,NEW ARRANGEMENT,hp
crc_700,355,0.023308684020541875472291449299,0.0233086847380488498960196948866,3.078282e-08,SMALL (unclear),hp
crc_700,356,0.023291928286393933536967310679,0.0232937384903054503887626976636,7.771808e-05,NEW ARRANGEMENT,hp
crc_700,357,0.023279000699912890278682964543,0.0232816032347462703901253874493,1.117975e-04,NEW ARRANGEMENT,hp
crc_700,358,0.023156626393226301161916476978,0.0231590632553594602590390851817,1.052339e-04,NEW ARRANGEMENT,hp
crc_700,359,0.023078899867494748405653375531,0.0230798472336021900180456249471,4.104902e-05,NEW ARRANGEMENT,hp
crc_700,360,0.023078888404996200187993000107,0.0230792539110299286815473763701,1.583725e-05,NEW ARRANGEMENT,hp
crc_700,361,0.023078710080622639973623769858,0.0230787362922169345811406449218,1.135748e-06,NEW ARRANGEMENT,hp
crc_700,362,0.023065112748270831154721259735,0.0230652850995301826700708652896,7.472379e-06,REFINEMENT,hp
crc_700,364,0.022928303185165924118968541968,0.0229417046586009650167014862666,5.844948e-04,NEW ARRANGEMENT,hp
crc_700,365,0.022916514490583086467920315139,0.0229177713350753744580022003695,5.484449e-05,NEW ARRANGEMENT,hp
crc_700,366,0.022896524634503335895574445483,0.0228974120376646553570664145029,3.875711e-05,NEW ARRANGEMENT,hp
crc_700,367,0.022780601122152370504659895908,0.02282233585473112219758933656,1.832029e-03,NEW ARRANGEMENT,hp
crc_700,368,0.022738614896548940637530613647,0.02282233585473112219758933656,3.681885e-03,NEW ARRANGEMENT,hp
crc_700,369,0.022736795760008753135895737941,0.0227598492932008124138033561388,1.013931e-03,NEW ARRANGEMENT,hp
crc_700,370,0.022698489079468187873697177580,0.0227217490024256431448364577481,1.024734e-03,NEW ARRANGEMENT,hp
crc_700,371,0.022664578348515222597425867978,0.022680388393904912998026212271,6.975663e-04,NEW ARRANGEMENT,hp
crc_700,372,0.022659857568601391825628387801,0.022660558584433392971783198462,3.093646e-05,NEW ARRANGEMENT,hp
crc_700,373,0.022646912489741795661452021726,0.0226520055111241567688740514603,2.248881e-04,NEW ARRANGEMENT,hp
crc_700,374,0.022636229213064692303082973491,0.0226494433874816473282095748164,5.837622e-04,NEW ARRANGEMENT,hp
crc_700,375,0.022629688520526817506843113387,0.0226457717174610286315676663717,7.107123e-04,NEW ARRANGEMENT,hp
crc_700,376,0.022565664523671938285815923662,0.0225679574207519503904249924565,1.016100e-04,NEW ARRANGEMENT,hp
crc_700,377,0.022541468199915560058504828206,0.0225509417907611051527255628296,4.202739e-04,NEW ARRANGEMENT,hp
crc_700,378,0.022529892709989323399998455554,0.0225298927447956428907819642426,1.544895e-09,SMALL (unclear),hp
crc_700,379,0.022490863284948034279736335357,0.022500102811775290818186342894,4.108125e-04,NEW ARRANGEMENT,hp
crc_700,380,0.022477385189315918971604957092,0.022478017132205162559798203667,2.811461e-05,NEW ARRANGEMENT,hp
crc_700,381,0.022444635197571134566532951885,0.0224449267283822279416308378061,1.298889e-05,NEW ARRANGEMENT,hp
crc_700,382,0.022425460879602404526399912175,0.0224291394441054794784903254957,1.640352e-04,NEW ARRANGEMENT,hp
crc_700,383,0.022417629969157757106164870344,0.0224219210564243913737922277623,1.914157e-04,NEW ARRANGEMENT,hp
crc_700,384,0.022415915304074329999081716168,0.0224169342097513671573982372659,4.545456e-05,NEW ARRANGEMENT,hp
crc_700,385,0.022405618826067047973139253650,0.0224158806630950650736991608625,4.580028e-04,NEW ARRANGEMENT,hp
crc_700,386,0.022387690233130496222859652860,0.0223878278799174937483666432973,6.148325e-06,NEW ARRANGEMENT,hp
crc_700,388,0.022309954169559146542689814034,0.0223195213676603251329914701241,4.288309e-04,NEW ARRANGEMENT,hp
crc_700,389,0.022287534410154598132169998561,0.0223100964061752346020651086723,1.012315e-03,NEW ARRANGEMENT,hp
crc_700,390,0.022256839566856413886855711117,0.0222939546964312849328621651783,1.667583e-03,NEW ARRANGEMENT,hp
crc_700,391,0.022254755643108566197068935618,0.0222824770100501998893469011171,1.245638e-03,NEW ARRANGEMENT,hp
crc_700,392,0.022243987272294359801460576518,0.022261650454014683856650973922,7.940654e-04,NEW ARRANGEMENT,hp
crc_700,393,0.022243834742772965701797817097,0.0222518908411181344150645920147,3.621722e-04,NEW ARRANGEMENT,hp
crc_700,394,0.022234713903364975509413541468,0.0222347285883772180220305923293,6.604543e-07,SMALL (unclear),hp
crc_700,395,0.022227010524294292443884629539,0.0222270429360930499513077297073,1.458217e-06,REFINEMENT,hp
crc_700,397,0.022050168654090634072705368773,0.0220532057667694091035478290103,1.377365e-04,NEW ARRANGEMENT,hp
crc_700,398,0.021987828834989929408614308710,0.0220042211855178839026338654978,7.455193e-04,NEW ARRANGEMENT,hp
crc_700,399,0.021964481426075379747719034230,0.0219690483929028430740012402474,2.079251e-04,NEW ARRANGEMENT,hp
crc_700,400,0.021933319714099063129790051849,0.0219398709611231160515431714131,2.986893e-04,NEW ARRANGEMENT,hp
crc_700,401,0.021888084211858707870673848487,0.0218987169841943244246456972453,4.857790e-04,NEW ARRANGEMENT,hp
crc_700,402,0.021836340064251285358244249227,0.0218983717316666804538608181499,2.840754e-03,NEW ARRANGEMENT,hp
crc_700,403,0.021811109086428706270625581658,0.0218979917009435059336203024908,3.983411e-03,NEW ARRANGEMENT,hp
crc_700,405,0.021769834235195380018014420043,0.021784498859048634924525944895,6.736213e-04,NEW ARRANGEMENT,hp
crc_700,406,0.021754387226292455348588536777,0.0217821991101205588131303532632,1.278449e-03,NEW ARRANGEMENT,hp
crc_700,407,0.021713851777567236055874943598,0.021713852246491045084988715293,2.159561e-08,REFINEMENT,hp
crc_700,408,0.021639434169714228251899616294,0.021639897539190689486260533424,2.141320e-05,NEW ARRANGEMENT,hp
crc_700,409,0.021612675227558085671702790896,0.0216129982000679514609473147368,1.494366e-05,NEW ARRANGEMENT,hp
crc_700,410,0.021579777953391747942506696045,0.0215850391392596414519936204358,2.438017e-04,NEW ARRANGEMENT,hp
crc_700,411,0.021516223073151526773268893588,0.0215685614052962288791341007857,2.432506e-03,NEW ARRANGEMENT,hp
crc_700,412,0.021489895834497482408345310705,0.0215641440589419507427315301725,3.455030e-03,NEW ARRANGEMENT,hp
crc_700,413,0.021468508894633577352886698028,0.0215475404291339512554340920986,3.681277e-03,NEW ARRANGEMENT,hp
crc_700,414,0.021468235524846591371421636042,0.0215326372929864415905954917105,2.999863e-03,NEW ARRANGEMENT,hp
crc_700,415,0.021455213556040363560052394100,0.021505079207155045156647091238,2.324174e-03,NEW ARRANGEMENT,hp
crc_700,416,0.021424571098572988306917036953,0.0214893960898750761623420684854,3.025731e-03,NEW ARRANGEMENT,hp
crc_700,417,0.021409775909464243861879223297,0.0214893143203865456314513947324,3.715051e-03,NEW ARRANGEMENT,hp
crc_700,418,0.021384194087312495721924082476,0.0214367625785575894411893119716,2.458287e-03,NEW ARRANGEMENT,hp
crc_700,419,0.021363349107804896245247360825,0.0214236005933305431956598732734,2.820320e-03,NEW ARRANGEMENT,hp
crc_700,420,0.021347084766781176812433908193,0.0213623478238509458124629461228,7.149949e-04,NEW ARRANGEMENT,hp
crc_700,421,0.021338099914628065128558515021,0.0213430659048853515889477454105,2.327288e-04,NEW ARRANGEMENT,hp
crc_700,422,0.021329295871177340118233467011,0.0213310865984392897203670521486,8.395623e-05,NEW ARRANGEMENT,hp
crc_700,423,0.021319302329004406793595676464,0.0213275450982764543426288192177,3.866341e-04,NEW ARRANGEMENT,hp
crc_700,424,0.021309657165625517578882045365,0.0213253531871223461095487788817,7.365685e-04,NEW ARRANGEMENT,hp
crc_700,425,0.021276042541124347957403537353,0.0213194631140971189289565734028,2.040820e-03,NEW ARRANGEMENT,hp
crc_700,426,0.021261229008882521614911795395,0.0212832852617952426330026648887,1.037393e-03,NEW ARRANGEMENT,hp
crc_700,427,0.021243080304677384049374930506,0.0212722521310111437515544722776,1.373239e-03,NEW ARRANGEMENT,hp
crc_700,428,0.021221184358451038964220265486,0.0212707999011615531435887617533,2.338019e-03,NEW ARRANGEMENT,hp
crc_700,429,0.021209402920442373202881020456,0.0212278565435802576154854037576,8.700680e-04,NEW ARRANGEMENT,hp
crc_700,430,0.021200783252711678352811766209,0.0212222001267233070087243465163,1.010193e-03,NEW ARRANGEMENT,hp
crc_700,431,0.021183838670058295663819910390,0.0212182321681976466477563415958,1.623573e-03,NEW ARRANGEMENT,hp
crc_700,432,0.021162400852159088515975663451,0.0212164224224803839967493427554,2.552715e-03,NEW ARRANGEMENT,hp
crc_700,433,0.021156769462640853172050747495,0.0211570540386823040280160696402,1.345083e-05,NEW ARRANGEMENT,hp
crc_700,434,0.021154550142252941432823247146,0.0211548741233277774780602911203,1.531496e-05,NEW ARRANGEMENT,hp
crc_700,435,0.021151709002469172968128228953,0.0211518785346200202139354104177,8.015057e-06,NEW ARRANGEMENT,hp
crc_700,436,0.021146168351962472767012467129,0.0211462541347303489725152971109,4.056658e-06,NEW ARRANGEMENT,hp
crc_800,10,0.134224258574381790065222795652,0.134722358359009814268885166349,3.710952e-03,NEW ARRANGEMENT,hp
crc_800,26,0.087062640429280983805211727293,0.0870663904667243689352843438026,4.307287e-05,NEW ARRANGEMENT,hp
crc_800,28,0.084340088756575576984319988601,0.0843401146773988995692478237776,3.073369e-07,REFINEMENT,hp
crc_800,37,0.073568574016070527641664260205,0.0736238178489067007625646675662,7.509162e-04,NEW ARRANGEMENT,hp
crc_800,38,0.072890905684027670903328698176,0.0728962772238515840501037896109,7.369287e-05,NEW ARRANGEMENT,hp
crc_800,42,0.069110251506051524732967296468,0.0691125366488379219088763894117,3.306518e-05,NEW ARRANGEMENT,hp
crc_800,43,0.068192720630483868045748100180,0.0681927223596180072979679881851,2.535658e-08,SMALL (unclear),hp
crc_800,45,0.067054307873368633575764955974,0.0670576503444000519002858902026,4.984722e-05,NEW ARRANGEMENT,hp
crc_800,46,0.066674416812048080185571801327,0.0666747866279116166001006200079,5.546593e-06,NEW ARRANGEMENT,hp
crc_800,47,0.065589888669514147182363779599,0.0655938586687311265973665378303,6.052761e-05,NEW ARRANGEMENT,hp
crc_800,48,0.065277552294993889335577521480,0.0652776244104481750318012306473,1.104751e-06,NEW ARRANGEMENT,hp
crc_800,50,0.064197067266620434474813002025,0.0641970762034881987389290140722,1.392099e-07,SMALL (unclear),hp
crc_800,52,0.062930698071933833900005509666,0.0629391690301360940345315434316,1.346077e-04,NEW ARRANGEMENT,hp
crc_800,53,0.062670013122123255384678366458,0.0626700621590309507347956875169,7.824621e-07,REFINEMENT,hp
crc_800,56,0.060251757547649745566639287656,0.0602523163379791647864776607539,9.274258e-06,NEW ARRANGEMENT,hp
crc_800,57,0.059607365793457050070870641312,0.0596073665670881430805095110593,1.297878e-08,SMALL (unclear),hp
crc_800,58,0.059168171244214064726926683352,0.0591949405862842454269971416725,4.524281e-04,NEW ARRANGEMENT,hp
crc_800,59,0.058749107103760024718972964133,0.0587491092739368771128756946747,3.693974e-08,REFINEMENT,hp
crc_800,61,0.057876159181225037025340338168,0.0578887333663428706931357570135,2.172602e-04,NEW ARRANGEMENT,hp
crc_800,63,0.057325065828633922879914388191,0.0573272177477926539362044146996,3.753889e-05,NEW ARRANGEMENT,hp
crc_800,67,0.055800526792228472010922347178,0.0558085801402660033160014645534,1.443239e-04,NEW ARRANGEMENT,hp
crc_800,70,0.054241213386980203204459544102,0.0542926715954258357481405326906,9.486921e-04,NEW ARRANGEMENT,hp
crc_800,71,0.053841738003889231018002569093,0.0538438156112785894055535801577,3.858730e-05,NEW ARRANGEMENT,hp
crc_800,72,0.053591198129264284035739014174,0.0535927935261166544897816780974,2.976976e-05,NEW ARRANGEMENT,hp
crc_800,73,0.053086301783543024245574709691,0.053086304260050234748922405758,4.665059e-08,SMALL (unclear),hp
crc_800,74,0.052699597411196553954433754160,0.0526998803481736499173537832671,5.368864e-06,NEW ARRANGEMENT,hp
crc_800,76,0.052314721021861216967473472095,0.0523147527531343932653673868131,6.065458e-07,SMALL (unclear),hp
crc_800,78,0.051611169782250225818066420626,0.051618515183300720908219635064,1.423219e-04,NEW ARRANGEMENT,hp
crc_800,79,0.051265729976640373405183608807,0.0512658442714559457360665605239,2.229458e-06,NEW ARRANGEMENT,hp
crc_800,84,0.050241723652679180606822256891,0.0502470589924421242995255771538,1.061934e-04,NEW ARRANGEMENT,hp
crc_800,86,0.050013999247632022259596864289,0.0500153689217559238609055174042,2.738581e-05,NEW ARRANGEMENT,hp
crc_800,87,0.049137061066949403359751080795,0.0491373787934897111610285333118,6.466128e-06,NEW ARRANGEMENT,hp
crc_800,92,0.047658199371930979687178123848,0.0476587240131454413402085065913,1.100841e-05,NEW ARRANGEMENT,hp
crc_800,93,0.047494500917392956193445065967,0.0474950990254039083580689174937,1.259321e-05,NEW ARRANGEMENT,hp
crc_800,94,0.047326151141032882602005497965,0.0473261512644286009593554135173,2.607347e-09,REFINEMENT,hp
crc_800,98,0.046250823276994035771814734184,0.04625107469538811506344667185,5.435977e-06,NEW ARRANGEMENT,hp
crc_800,99,0.046141127793533851421622246592,0.046141207550490000569185107627,1.728544e-06,NEW ARRANGEMENT,hp
crc_800,101,0.045738842021252803765655554646,0.0457400452836094369597837398173,2.630723e-05,NEW ARRANGEMENT,hp
crc_800,102,0.045635212533860954892340102847,0.0456352351282906513809877672663,4.951096e-07,SMALL (unclear),hp
crc_800,103,0.045510032736024620800419872092,0.0455195038063086662417486201903,2.081095e-04,NEW ARRANGEMENT,hp
crc_800,104,0.045457958233436040732030093043,0.0454641621057794743861727337882,1.364749e-04,NEW ARRANGEMENT,hp
crc_800,106,0.044957742918623742735415143232,0.0449577539463762795997534283492,2.452915e-07,REFINEMENT,hp
crc_800,107,0.044242210462879179973380658410,0.0443917598067753971486991057529,3.380241e-03,NEW ARRANGEMENT,hp
crc_800,108,0.044139805122014646223272946034,0.0441398093481024747551917205787,9.574324e-08,REFINEMENT,hp
crc_800,109,0.044081917164168436306425366468,0.0440870187259673786063335178829,1.157291e-04,NEW ARRANGEMENT,hp
crc_800,110,0.044069520685278056908085645381,0.0440724346052796746275976341884,6.612098e-05,NEW ARRANGEMENT,hp
crc_800,112,0.043333593629283880991341683389,0.0434058581052517707368817891156,1.667632e-03,NEW ARRANGEMENT,hp
crc_800,113,0.043100863588385861103708704752,0.0431623237142922707099101251088,1.425960e-03,NEW ARRANGEMENT,hp
crc_800,114,0.042826108819098200996837070686,0.042833639074117170972773485586,1.758333e-04,NEW ARRANGEMENT,hp
crc_800,115,0.042629163053549346013953222938,0.0426956357894228358939159200141,1.559325e-03,NEW ARRANGEMENT,hp
crc_800,117,0.042403519198549880050340529148,0.0424553821889015305854408771931,1.223082e-03,NEW ARRANGEMENT,hp
crc_800,118,0.042234329521309774149027574885,0.0422343523856534395142893784025,5.413687e-07,REFINEMENT,hp
crc_800,119,0.042093590218440867786102227112,0.0420963730714958951284649148503,6.611109e-05,NEW ARRANGEMENT,hp
crc_800,120,0.042053258151036513656099006521,0.0420532598239823500123838845924,3.978160e-08,REFINEMENT,hp
crc_800,123,0.041658103776770641786228328925,0.0416613094279279354218468932026,7.695144e-05,NEW ARRANGEMENT,hp
crc_800,124,0.041560535361535079408157027930,0.0415658176018303882754067988146,1.270975e-04,NEW ARRANGEMENT,hp
crc_800,125,0.041494338549433757497637167098,0.0415049026260103417377757140428,2.545908e-04,NEW ARRANGEMENT,hp
crc_800,126,0.041477091827687327486996327525,0.0414799449057636827976708752146,6.878684e-05,NEW ARRANGEMENT,hp
crc_800,128,0.040772418647263162243643191953,0.040882527562069929136474071578,2.700574e-03,NEW ARRANGEMENT,hp
crc_800,129,0.040604698315454488257823688300,0.0406674837979304884699318246526,1.546262e-03,NEW ARRANGEMENT,hp
crc_800,130,0.040404836095477188064314160316,0.0404705682525748086161559350815,1.626839e-03,NEW ARRANGEMENT,hp
crc_800,133,0.040054517074150308700204913505,0.0400928108741733359857313741526,9.560420e-04,NEW ARRANGEMENT,hp
crc_800,134,0.040004280651692916801353660189,0.0400208385334990725125217502982,4.139028e-04,NEW ARRANGEMENT,hp
crc_800,135,0.039623004562204550901171957807,0.0396230075527884488679199065126,7.547595e-08,REFINEMENT,hp
crc_800,136,0.039361073481863738287944388902,0.0393655010426843377946306246939,1.124858e-04,NEW ARRANGEMENT,hp
crc_800,137,0.039330789040860073359687373261,0.0393310003961377904628108662258,5.373787e-06,NEW ARRANGEMENT,hp
crc_800,139,0.039040925852364094780192810642,0.0390431989669155687859549141432,5.822389e-05,NEW ARRANGEMENT,hp
crc_800,140,0.038896233580654893352170936135,0.0388965805114790623775888049219,8.919394e-06,NEW ARRANGEMENT,hp
crc_800,141,0.038722749966316070653060829907,0.0388598249549500974929075539325,3.539908e-03,NEW ARRANGEMENT,hp
crc_800,142,0.038669902703102882089707094307,0.0386699360753219951874807222825,8.630024e-07,SMALL (unclear),hp
crc_800,143,0.038636452608942184642366782069,0.038636462252469740793041542995,2.495966e-07,REFINEMENT,hp
crc_800,145,0.038311596794096885822573853657,0.0383444298209681960501649051221,8.569997e-04,NEW ARRANGEMENT,hp
crc_800,146,0.038233225969577254503124950189,0.0382889938210648997261240326154,1.458623e-03,NEW ARRANGEMENT,hp
crc_800,147,0.038205212469119990557153037075,0.0382054397357707051387789914807,5.948577e-06,NEW ARRANGEMENT,hp
crc_800,148,0.038157288473604982842458921029,0.0381581158795774472483344660163,2.168409e-05,NEW ARRANGEMENT,hp
crc_800,149,0.038129541133170228197315939055,0.0381297784531618428430226668603,6.224045e-06,NEW ARRANGEMENT,hp
crc_800,152,0.037628929625831103447301616988,0.0376348014056155668230508464638,1.560443e-04,NEW ARRANGEMENT,hp
crc_800,153,0.037410413009030624095049633872,0.0374950377875188270175383131703,2.262065e-03,NEW ARRANGEMENT,hp
crc_800,154,0.037305396007364292797165816710,0.0373180363403363871613048692812,3.388339e-04,NEW ARRANGEMENT,hp
crc_800,157,0.036815687698699073154728442365,0.0369010649627406660385028273108,2.319046e-03,NEW ARRANGEMENT,hp
crc_800,158,0.036769788135288669844338830979,0.0367698052214249159168815780965,4.646787e-07,SMALL (unclear),hp
crc_800,159,0.036538645310731765772179014824,0.0365400430396176106300113238014,3.825344e-05,NEW ARRANGEMENT,hp
crc_800,160,0.036408417167807344768737943173,0.0364121268806975322211806861009,1.018916e-04,NEW ARRANGEMENT,hp
crc_800,161,0.036365138255698227036608040304,0.0363655361425313777969873784105,1.094144e-05,NEW ARRANGEMENT,hp
crc_800,162,0.036347561303529154525191286676,0.0363476387455139558182923289247,2.130596e-06,NEW ARRANGEMENT,hp
crc_800,163,0.036133861854572842967534451563,0.0361713500748854615554579210535,1.037482e-03,NEW ARRANGEMENT,hp
crc_800,164,0.036046056542177428703875185425,0.036046056933870482208357250126,1.086646e-08,SMALL (unclear),hp
crc_800,165,0.035992104641561697847492387890,0.0359931126375220758013200035339,2.800603e-05,NEW ARRANGEMENT,hp
crc_800,166,0.035958579397542719661398955706,0.0359593260426723413322450619999,2.076403e-05,NEW ARRANGEMENT,hp
crc_800,167,0.035944606045124990413045402260,0.0359446065479422145385486519096,1.398867e-08,REFINEMENT,hp
crc_800,168,0.035900347968219895799651532134,0.0359031658987586246601672442117,7.849313e-05,NEW ARRANGEMENT,hp
crc_800,171,0.035422160123188903299643948021,0.0354490038824657973823241646504,7.578239e-04,NEW ARRANGEMENT,hp
crc_800,172,0.035389417048260662483431829021,0.0353896403011648549079639408413,6.308465e-06,NEW ARRANGEMENT,hp
crc_800,173,0.035312130277621140840392460641,0.0353157135308913068571976443558,1.014737e-04,NEW ARRANGEMENT,hp
crc_800,174,0.035287377808868588610215986129,0.0352925913589536314324322163424,1.477455e-04,NEW ARRANGEMENT,hp
crc_800,175,0.035282999759448591401495101511,0.0352830043976311585121028254679,1.314566e-07,SMALL (unclear),hp
crc_800,177,0.034966145715509192996016047970,0.0350415396009081511073554588589,2.156197e-03,NEW ARRANGEMENT,hp
crc_800,178,0.034857160883260231799989308212,0.0349208381507756314978603635096,1.826806e-03,NEW ARRANGEMENT,hp
crc_800,179,0.034728994582312797587988841688,0.0347929870514180564358792634174,1.842624e-03,NEW ARRANGEMENT,hp
crc_800,180,0.034665024581971799077779007972,0.0346668853051548273949495425411,5.367725e-05,NEW ARRANGEMENT,hp
crc_800,181,0.034592811265294631379341127944,0.0345928523212675772273920477786,1.186835e-06,NEW ARRANGEMENT,hp
crc_800,183,0.034209431925663544684324808054,0.0342679383904194655114052117877,1.710244e-03,NEW ARRANGEMENT,hp
crc_800,184,0.034092531367049947118522006774,0.0341157770962320786317555954001,6.818423e-04,NEW ARRANGEMENT,hp
crc_800,185,0.034086648851788482706364290660,0.0340868613804966448746644809979,6.234955e-06,NEW ARRANGEMENT,hp
crc_800,186,0.033996022301361596942900640903,0.0339960223414380546506735666775,1.178857e-09,SMALL (unclear),hp
crc_800,188,0.033772692972424778293754232531,0.0337985977615997636785091224972,7.670336e-04,NEW ARRANGEMENT,hp
crc_800,190,0.033594474433158624372445120936,0.0336544378107784586112890159133,1.784918e-03,NEW ARRANGEMENT,hp
crc_800,191,0.033560574848948713441126403448,0.0336585680543836276248021444339,2.919891e-03,NEW ARRANGEMENT,hp
crc_800,192,0.033467604342388333442622552734,0.0335167219035526680528678687758,1.467615e-03,NEW ARRANGEMENT,hp
crc_800,193,0.033429604179389387094923898939,0.0334362117353775172614944889362,1.976558e-04,NEW ARRANGEMENT,hp
crc_800,194,0.033387569444461777921186456506,0.0333961342441843928608886830094,2.565266e-04,NEW ARRANGEMENT,hp
crc_800,195,0.033358755559633843016617738708,0.0333684947921960081759797842391,2.919543e-04,NEW ARRANGEMENT,hp
crc_800,196,0.033343058557456723450881725939,0.0333578660369094369214449032805,4.440948e-04,NEW ARRANGEMENT,hp
crc_800,197,0.033127574986995419413996714059,0.0331275756637852755915233223826,2.042980e-08,REFINEMENT,hp
crc_800,198,0.032935920401216303611093144058,0.0329639975090938331872574470253,8.524768e-04,NEW ARRANGEMENT,hp
crc_800,199,0.032901050069105382304201883118,0.0329367917020564989208590350282,1.086337e-03,NEW ARRANGEMENT,hp
crc_800,200,0.032860370967364766184489011699,0.0328771257504948147464222465935,5.098781e-04,NEW ARRANGEMENT,hp
crc_800,201,0.032843499480092859384500228384,0.0328436954350998250130546131684,5.966325e-06,NEW ARRANGEMENT,hp
crc_800,202,0.032835684067677104295734345291,0.0328365252290953753511641415505,2.561730e-05,NEW ARRANGEMENT,hp
crc_800,204,0.032645673531096339848407777080,0.0326576792751450313348678516006,3.677591e-04,NEW ARRANGEMENT,hp
crc_800,205,0.032552476148505615225274200333,0.0326437952965069847553358902733,2.805290e-03,NEW ARRANGEMENT,hp
crc_800,206,0.032490706716386073950294276882,0.0325425688766844901582224068079,1.596215e-03,NEW ARRANGEMENT,hp
crc_800,207,0.032416816444998895279145374189,0.0324445893756545476419248905505,8.567445e-04,NEW ARRANGEMENT,hp
crc_800,209,0.032322051258146275468348778306,0.032322053232741457274834249241,6.109127e-08,SMALL (unclear),hp
crc_800,211,0.031947331185854850657181489140,0.0320016962404677468458595265735,1.701709e-03,NEW ARRANGEMENT,hp
crc_800,212,0.031895601267320373409815884567,0.0318989327599287320379608669594,1.044499e-04,NEW ARRANGEMENT,hp
crc_800,213,0.031875156516662719823037999583,0.0318782083154132852692312362732,9.574224e-05,NEW ARRANGEMENT,hp
crc_800,214,0.031867182896033067337646976094,0.0318685126031713275260122624626,4.172654e-05,NEW ARRANGEMENT,hp
crc_800,217,0.031498184144690623230095968817,0.031528144912714268802645774554,9.511903e-04,NEW ARRANGEMENT,hp
crc_800,218,0.031439945464370239248908888768,0.0314399457093438280291547103965,7.791794e-09,SMALL (unclear),hp
crc_800,219,0.031291828211934887385613899766,0.0312928509436473245644209415192,3.268367e-05,NEW ARRANGEMENT,hp
crc_800,220,0.031266481759747208093828643284,0.0312688294707350282081606574633,7.508715e-05,NEW ARRANGEMENT,hp
crc_800,221,0.031175496196931956139154408646,0.0311858762361861518969392590747,3.329551e-04,NEW ARRANGEMENT,hp
crc_800,224,0.031084592203018774423789993918,0.0310846295399131940037941540868,1.201138e-06,NEW ARRANGEMENT,hp
crc_800,225,0.030934645041041567131913697267,0.0309481568848196687271503185344,4.367868e-04,NEW ARRANGEMENT,hp
crc_800,226,0.030884832775880643966112293890,0.0308854916107104523086236806224,2.133199e-05,NEW ARRANGEMENT,hp
crc_800,227,0.030847910477960896316141010569,0.0308558661512059666975085961746,2.578999e-04,NEW ARRANGEMENT,hp
crc_800,228,0.030826111404308385573536356047,0.0308261117221129480727356981353,1.030959e-08,SMALL (unclear),hp
crc_800,229,0.030764284649778132461596909013,0.0307643025198380020325075109717,5.808703e-07,SMALL (unclear),hp
crc_800,230,0.030727042725439267177165626915,0.0307271299698107277152871276221,2.839335e-06,NEW ARRANGEMENT,hp
crc_800,231,0.030710177509329397996974757124,0.0307102531217244949344001232571,2.462128e-06,NEW ARRANGEMENT,hp
crc_800,234,0.030549340677304257804913627313,0.0305493715131082200435575824325,1.009377e-06,NEW ARRANGEMENT,hp
crc_800,235,0.030485660061233107932514137213,0.0305070423405727338031561429552,7.013881e-04,NEW ARRANGEMENT,hp
crc_800,236,0.030410813100418980725457093911,0.0304841799796718276823185651829,2.412526e-03,NEW ARRANGEMENT,hp
crc_800,237,0.030389388601581105357329993432,0.0304072729917717591646162530494,5.885077e-04,NEW ARRANGEMENT,hp
crc_800,238,0.030364355682275830971544107144,0.0303645470416055720106335071689,6.302104e-06,NEW ARRANGEMENT,hp
crc_800,239,0.030331715268164589601180229626,0.0303317638888577328909972545093,1.602966e-06,NEW ARRANGEMENT,hp
crc_800,241,0.029913929545005962520274079892,0.0300417506568044239525513226623,4.272963e-03,NEW ARRANGEMENT,hp
crc_800,242,0.029860743706544576760970619842,0.0299139922632873724286961875315,1.783229e-03,NEW ARRANGEMENT,hp
crc_800,243,0.029825829793355073028412642414,0.0298485972278114220860032572817,7.633462e-04,NEW ARRANGEMENT,hp
crc_800,244,0.029785896075546332105106196789,0.0297910405781469026235645526676,1.727161e-04,NEW ARRANGEMENT,hp
crc_800,245,0.029741399916632819316236544838,0.0297425307459630835410187726576,3.802206e-05,NEW ARRANGEMENT,hp
crc_800,247,0.029688057698606756368356633351,0.0296949024430243127974168254302,2.305555e-04,NEW ARRANGEMENT,hp
crc_800,249,0.029477290781052645753804034807,0.0295046273446021586617128412805,9.273771e-04,NEW ARRANGEMENT,hp
crc_800,250,0.029362241654946991483879987955,0.0293806604289902248758428650859,6.272945e-04,NEW ARRANGEMENT,hp
crc_800,251,0.029326103639881635928728240122,0.0293261352927649575701839711599,1.079342e-06,NEW ARRANGEMENT,hp
crc_800,253,0.029212805651967314841990676582,0.0292129362228888150256528747922,4.469647e-06,NEW ARRANGEMENT,hp
crc_800,254,0.029193249552934005802112511058,0.0291935980585438807993232766023,1.193788e-05,NEW ARRANGEMENT,hp
crc_800,255,0.029188765974011792539136345577,0.0291887745706609724279804659851,2.945191e-07,REFINEMENT,hp
crc_800,256,0.029074821794781369804899207185,0.0290835878427773444316598116665,3.014996e-04,NEW ARRANGEMENT,hp
crc_800,257,0.029036701890422310772098565187,0.0290386311897973882814761202821,6.644347e-05,NEW ARRANGEMENT,hp
crc_800,258,0.029003112258528566110258637597,0.0290083342513778950821265362326,1.800494e-04,NEW ARRANGEMENT,hp
crc_800,259,0.028921134697222417127502622609,0.0289322280826534909321881701188,3.835737e-04,NEW ARRANGEMENT,hp
crc_800,261,0.028855441946431942228590519378,0.0288560820435078719933391167306,2.218289e-05,NEW ARRANGEMENT,hp
crc_800,262,0.028843702582290154768063505341,0.0288461296965530378421387376403,8.414711e-05,NEW ARRANGEMENT,hp
crc_800,265,0.028705931497536672164241919131,0.0287059332807424315945654049127,6.211977e-08,SMALL (unclear),hp
crc_800,266,0.028677852667970647443541784685,0.0286791234063485373680097265578,4.431079e-05,NEW ARRANGEMENT,hp
crc_800,267,0.028660224907114313435145702388,0.0286605663724098346486564684322,1.191426e-05,NEW ARRANGEMENT,hp
crc_800,269,0.028596403654611543332219616335,0.0285983949833203433220793735872,6.963563e-05,NEW ARRANGEMENT,hp
crc_800,270,0.028587978748602439114067031174,0.0285879827955816429949924438473,1.415623e-07,SMALL (unclear),hp
crc_800,271,0.028574822174385153276854926133,0.0285753899182488692507280476567,1.986868e-05,NEW ARRANGEMENT,hp
crc_800,273,0.028312507632754132659491832323,0.0283125295941582719063890715748,7.756785e-07,SMALL (unclear),hp
crc_800,274,0.028210176946752356907932846776,0.0282101781604780677214831073783,4.302439e-08,SMALL (unclear),hp
crc_800,275,0.028122779491927978417776555173,0.0281282322654752922560945444056,1.938917e-04,NEW ARRANGEMENT,hp
crc_800,276,0.028052315954321463521233538999,0.0280639162233759046227635084211,4.135227e-04,NEW ARRANGEMENT,hp
crc_800,277,0.028004757553154768826910930909,0.0280053926500858896458936635543,2.267818e-05,NEW ARRANGEMENT,hp
crc_800,278,0.027955781099355888809921155468,0.0279588149197570956316885279282,1.085221e-04,NEW ARRANGEMENT,hp
crc_800,279,0.027928630154594524635364298415,0.0279448067738642905427704203016,5.792128e-04,NEW ARRANGEMENT,hp
crc_800,280,0.027898250805148835786320750349,0.0279447957429186488106844985056,1.668382e-03,NEW ARRANGEMENT,hp
crc_800,281,0.027834094719982368747859974727,0.0278625999503840218570864606159,1.024112e-03,NEW ARRANGEMENT,hp
crc_800,282,0.027694965865344580099689310694,0.0277778146700521351050209753898,2.991475e-03,NEW ARRANGEMENT,hp
crc_800,283,0.027648971904555920285254894789,0.0276692918219072688702582641555,7.349249e-04,NEW ARRANGEMENT,hp
crc_800,285,0.027548349948542578476415216083,0.0275718602898651160772665940383,8.534210e-04,NEW ARRANGEMENT,hp
crc_800,286,0.027534463318271002852004235391,0.0275363018785395444416180663931,6.677306e-05,NEW ARRANGEMENT,hp
crc_800,287,0.027445229170454912782373201897,0.0274995152610738724214085404997,1.977979e-03,NEW ARRANGEMENT,hp
crc_800,288,0.027420009173205848340990343910,0.027444382876365688686376912768,8.889021e-04,NEW ARRANGEMENT,hp
crc_800,289,0.027402957045610760360804488069,0.0274329893473892931469344353914,1.095951e-03,NEW ARRANGEMENT,hp
crc_800,290,0.027395288765424986388183194997,0.0274096339361885675332755636967,5.236364e-04,NEW ARRANGEMENT,hp
crc_800,291,0.027393114649431895233280458568,0.0273964360393624199476333573124,1.212491e-04,NEW ARRANGEMENT,hp
crc_800,292,0.027389932112204019315974201794,0.027393101323766787628756737866,1.157072e-04,NEW ARRANGEMENT,hp
crc_800,293,0.027371720593893290216531365184,0.0273762382496897154882196127083,1.650483e-04,NEW ARRANGEMENT,hp
crc_800,295,0.027200724859412082555107105433,0.0272007359375709609605245244077,4.072744e-07,REFINEMENT,hp
crc_800,296,0.027191946143109374734621530333,0.0271920225107413244082654977598,2.808465e-06,NEW ARRANGEMENT,hp
crc_800,299,0.027047899137704676016700656621,0.0270656621780996191424058835023,6.567253e-04,NEW ARRANGEMENT,hp
crc_800,300,0.027028620625486151932012062137,0.0270398696862342361430917282816,4.161907e-04,NEW ARRANGEMENT,hp
crc_800,301,0.026983773571805253256427716610,0.0270160471791920713193453540213,1.196038e-03,NEW ARRANGEMENT,hp
crc_800,302,0.026968004125984256791687854571,0.0269801862753174472423034276216,4.517260e-04,NEW ARRANGEMENT,hp
crc_800,303,0.026959408141133162739597324451,0.026963819419413545040380521593,1.636267e-04,NEW ARRANGEMENT,hp
crc_800,304,0.026954790215774993574444371425,0.0269554428934970797903169340837,2.421379e-05,NEW ARRANGEMENT,hp
crc_800,305,0.026951916124068547171458291137,0.0269523237745375027254727685421,1.512510e-05,NEW ARRANGEMENT,hp
crc_800,307,0.026747113627037078007753495598,0.0267489529379440230142957086179,6.876671e-05,NEW ARRANGEMENT,hp
crc_800,308,0.026652247962902213425979820160,0.0266600308195493475669076766939,2.920150e-04,NEW ARRANGEMENT,hp
crc_800,309,0.026621401881189168310026711740,0.0266291356007423429529290568291,2.905076e-04,NEW ARRANGEMENT,hp
crc_800,310,0.026572922821775014129012528244,0.0265758630262010483493765491644,1.106466e-04,NEW ARRANGEMENT,hp
crc_800,311,0.026521088530336774560299360958,0.0265215592157661282279916377791,1.774759e-05,NEW ARRANGEMENT,hp
crc_800,312,0.026465894313054987195697588039,0.0264751854552451905041062437863,3.510610e-04,NEW ARRANGEMENT,hp
crc_800,313,0.026427389291553521847933763638,0.0264365904965439186232061398938,3.481693e-04,NEW ARRANGEMENT,hp
crc_800,314,0.026384240968562470451709516951,0.0264268355914639389000529895323,1.614396e-03,NEW ARRANGEMENT,hp
crc_800,316,0.026315793045451815698185190533,0.0263226383117684641956164306531,2.601201e-04,NEW ARRANGEMENT,hp
crc_800,317,0.026254181683535617755558095863,0.0262545438627067998742196319061,1.379510e-05,NEW ARRANGEMENT,hp
crc_800,318,0.026229937117265293552936490668,0.0262299376926610207879744262793,2.193660e-08,REFINEMENT,hp
crc_800,319,0.026218346598160801502864035605,0.0262233079521933203364286551567,1.892321e-04,NEW ARRANGEMENT,hp
crc_800,320,0.026103966691100260184367465212,0.0261106785695299093286587435091,2.571210e-04,NEW ARRANGEMENT,hp
crc_800,321,0.026088972270526150346516738842,0.0260947991717422601387806385277,2.233473e-04,NEW ARRANGEMENT,hp
crc_800,322,0.026069551735647441837230702474,0.0260873414312528802221484764552,6.823936e-04,NEW ARRANGEMENT,hp
crc_800,323,0.026022867708217859798512041474,0.0260680552118634615337818750059,1.736454e-03,NEW ARRANGEMENT,hp
crc_800,324,0.025978266880277257748995024339,0.0260157614274875443154522650443,1.443304e-03,NEW ARRANGEMENT,hp
crc_800,325,0.025933154226097639036384863056,0.025961279559664053846749320358,1.084532e-03,NEW ARRANGEMENT,hp
crc_800,327,0.025878156767388208170948306995,0.0258787125292472964732214199591,2.147610e-05,NEW ARRANGEMENT,hp
crc_800,328,0.025857628123087029887205921968,0.0258576321134217993612634910438,1.543194e-07,SMALL (unclear),hp
crc_800,330,0.025830778061764582460971449308,0.0258307807820763673148017666136,1.053128e-07,REFINEMENT,hp
crc_800,331,0.025722538045509997956351508645,0.0257229208348308935886864179183,1.488148e-05,NEW ARRANGEMENT,hp
crc_800,332,0.025721790771915031648677968397,0.0257218153726204709201957091592,9.564150e-07,SMALL (unclear),hp
crc_800,333,0.025658863198515251275443763278,0.0256637189373936616392600919328,1.892422e-04,NEW ARRANGEMENT,hp
crc_800,334,0.025598009079072475911792747347,0.025610735696249761080675826514,4.971721e-04,NEW ARRANGEMENT,hp
crc_800,335,0.025574584424040945425602623053,0.0255817115300931396151319706267,2.786793e-04,NEW ARRANGEMENT,hp
crc_800,336,0.025555377487651609062482286891,0.0255659510431947486955955183115,4.137507e-04,NEW ARRANGEMENT,hp
crc_800,337,0.025533047237699746360724811738,0.0255437736983660900098597981548,4.201011e-04,NEW ARRANGEMENT,hp
crc_800,339,0.025508358818866925928984373788,0.0255088165465543317041029106354,1.794422e-05,REFINEMENT,hp
crc_800,340,0.025497754141553846966030270355,0.0254984952329276502767444794052,2.906497e-05,NEW ARRANGEMENT,hp
crc_800,341,0.025496900829296905380350446702,0.0254969060846484588649621752491,2.061173e-07,SMALL (unclear),hp
crc_800,343,0.025287740233667987504655463283,0.0253277160178980768622232796679,1.580837e-03,NEW ARRANGEMENT,hp
crc_800,344,0.025266577458661793654518353487,0.025287903424226771336290722247,8.440386e-04,NEW ARRANGEMENT,hp
crc_800,345,0.025230323236626272671445333805,0.0252490334423505843222498791373,7.415761e-04,NEW ARRANGEMENT,hp
crc_800,346,0.025194650445464694683103622292,0.0252167668684363498213524941411,8.778222e-04,NEW ARRANGEMENT,hp
crc_800,347,0.025137691040002553542978632374,0.0251414120646968231011923535412,1.480257e-04,NEW ARRANGEMENT,hp
crc_800,348,0.025104063517577058209810477461,0.0251051783135794253303152223632,4.440699e-05,NEW ARRANGEMENT,hp
crc_800,349,0.025080377659040966655109306147,0.0250873361637880134284056300849,2.774482e-04,NEW ARRANGEMENT,hp
crc_800,350,0.025061625675758979711446197227,0.0250722783801216550744039674768,4.250604e-04,NEW ARRANGEMENT,hp
crc_800,351,0.025045751604207096606690328455,0.02505915304082646394209341947,5.350782e-04,NEW ARRANGEMENT,hp
crc_800,352,0.025004953761503547774941578073,0.0250200126907878425577662894084,6.022378e-04,NEW ARRANGEMENT,hp
crc_800,353,0.024957060312864803794213430170,0.0249607920314208013180389337473,1.495256e-04,NEW ARRANGEMENT,hp
crc_800,354,0.024955679678082896527640650062,0.0249568516678977264197642444825,4.696285e-05,NEW ARRANGEMENT,hp
crc_800,355,0.024955669565855307185669594619,0.0249557039402985337892692302436,1.377420e-06,NEW ARRANGEMENT,hp
crc_800,356,0.024953443071286955920099595130,0.0249534453578883479886427102849,9.163470e-08,REFINEMENT,hp
crc_800,358,0.024750070461744888240143519367,0.0247500706983820450827093123595,9.561070e-09,SMALL (unclear),hp
crc_800,359,0.024634713192037511999714728166,0.0246633203834129501584202208064,1.161255e-03,NEW ARRANGEMENT,hp
crc_800,360,0.024630259554278278930423208243,0.0246343018657032261546532127056,1.641197e-04,NEW ARRANGEMENT,hp
crc_800,361,0.024589269734074286963535091623,0.0245956475745823956552552914244,2.593749e-04,NEW ARRANGEMENT,hp
crc_800,363,0.024543792715300309390783781552,0.0245439572784213217465168305921,6.704877e-06,NEW ARRANGEMENT,hp
crc_800,364,0.024499454933968850982864007027,0.0244995929006753897789566416974,5.631419e-06,NEW ARRANGEMENT,hp
crc_800,365,0.024481336007844846719187057914,0.024481336808567343449679182343,3.270747e-08,SMALL (unclear),hp
crc_800,366,0.024431377186122072967406223658,0.0244438172702898835482220816243,5.091847e-04,NEW ARRANGEMENT,hp
crc_800,367,0.024418791989480464928018431385,0.0244189965339115421492974790431,8.376517e-06,NEW ARRANGEMENT,hp
crc_800,368,0.024405985919593688223374153726,0.0244070948553151403873647630003,4.543704e-05,NEW ARRANGEMENT,hp
crc_800,369,0.024404393256922105273734665216,0.0244044159186783696676312448957,9.285933e-07,SMALL (unclear),hp
crc_800,371,0.024337406630271112784861993231,0.0243390779526571362511574937095,6.867299e-05,NEW ARRANGEMENT,hp
crc_800,372,0.024275460384233554861540316749,0.02427710073145303523408791874,6.757224e-05,NEW ARRANGEMENT,hp
crc_800,373,0.024260927219296362496240764208,0.0242674138275806769723196198693,2.673685e-04,NEW ARRANGEMENT,hp
crc_800,374,0.024232692030376433501532050403,0.0242515851527920514334586484463,7.796543e-04,NEW ARRANGEMENT,hp
crc_800,375,0.024210217975473170331077951313,0.0242283709337732572431748971149,7.498057e-04,NEW ARRANGEMENT,hp
crc_800,376,0.024207112010290863386589693971,0.0242174575370912083291365435325,4.273755e-04,NEW ARRANGEMENT,hp
crc_800,377,0.024195623640882113905956083791,0.0241984371850056497376076988421,1.162832e-04,NEW ARRANGEMENT,hp
crc_800,378,0.024192744196866064129572559685,0.0241931059276725271751830321806,1.495204e-05,NEW ARRANGEMENT,hp
crc_800,381,0.024071515792360218468854669987,0.0240880848290178291634886628803,6.883254e-04,NEW ARRANGEMENT,hp
crc_800,382,0.024013317381431524695125874979,0.0240133188414500384670136946805,6.080037e-08,REFINEMENT,hp
crc_800,383,0.023995843461698667148159633207,0.0239959033553215977454393327898,2.496000e-06,REFINEMENT,hp
crc_800,385,0.023933289720763227947965393595,0.0239339390850160355298620802935,2.713226e-05,NEW ARRANGEMENT,hp
crc_800,386,0.023897543756463322319921333035,0.0239005696344773269748443241063,1.266188e-04,NEW ARRANGEMENT,hp
crc_800,387,0.023871291302878894427772175886,0.0238747960275042580658488080388,1.468176e-04,NEW ARRANGEMENT,hp
crc_800,388,0.023848187223381524775676854412,0.0238565149737421492426365261692,3.491985e-04,NEW ARRANGEMENT,hp
crc_800,389,0.023840209433828469161245150244,0.0238492489434122668334743268662,3.791707e-04,NEW ARRANGEMENT,hp
crc_800,392,0.023613038690450029927681408090,0.0236169010792427575236681737878,1.635702e-04,NEW ARRANGEMENT,hp
crc_800,393,0.023602738785749041946853624368,0.0236128357904780288509407241636,4.277895e-04,NEW ARRANGEMENT,hp
crc_800,394,0.023596075694255367167226912626,0.0236115044283475360992831536024,6.538686e-04,NEW ARRANGEMENT,hp
crc_800,395,0.023586305314978049103719342292,0.0235916898002694519916303059216,2.282886e-04,NEW ARRANGEMENT,hp
crc_800,396,0.023567897657812978479593110717,0.0235860148509526611697972687744,7.687233e-04,NEW ARRANGEMENT,hp
crc_800,397,0.023543028744323624697409754030,0.0235433474496367680686908658741,1.353714e-05,NEW ARRANGEMENT,hp
crc_800,398,0.023442510423282873529346494946,0.0234841791831680320937743135428,1.777487e-03,NEW ARRANGEMENT,hp
crc_800,399,0.023438599473962574068301176688,0.023460626514728233162504200463,9.397763e-04,NEW ARRANGEMENT,hp
crc_800,400,0.023375155615757946303843449761,0.0233969786219074832907662052986,9.335983e-04,NEW ARRANGEMENT,hp
crc_800,401,0.023320648325443582458694133107,0.0233595052433368077281934671494,1.666202e-03,NEW ARRANGEMENT,hp
crc_800,402,0.023311905356434582621461306461,0.0233120663567466444062644558279,6.906356e-06,NEW ARRANGEMENT,hp
crc_800,403,0.023299246322880320677237307726,0.0232992464542481449050715915575,5.638286e-09,SMALL (unclear),hp
crc_800,404,0.023277504668425958538701464377,0.023277621233098843120707464518,5.007610e-06,NEW ARRANGEMENT,hp
crc_800,405,0.023245345069492052087467509870,0.0232453882711303546173319018602,1.858507e-06,NEW ARRANGEMENT,hp
crc_800,406,0.023232681281922364745681321272,0.0232327084175768660822735723985,1.167995e-06,NEW ARRANGEMENT,hp
crc_800,407,0.023219373669097719015319357923,0.0232198295689355949298221378902,1.963446e-05,NEW ARRANGEMENT,hp
crc_800,408,0.023200767068844031107365551688,0.0232168565776167174634663346452,6.934904e-04,NEW ARRANGEMENT,hp
crc_800,409,0.023166295061026001515430360106,0.0231921019023299052743404173007,1.113982e-03,NEW ARRANGEMENT,hp
crc_800,410,0.023131426654880218485992371445,0.023154411665852936252993517851,9.936703e-04,NEW ARRANGEMENT,hp
crc_800,411,0.023104154286463190140769621116,0.0231168880220163549113942365456,5.511448e-04,NEW ARRANGEMENT,hp
crc_800,412,0.023084996066391255201351904084,0.0231110657666698647650958568626,1.129292e-03,NEW ARRANGEMENT,hp
crc_800,413,0.023077306638227564048646632416,0.0231035925198105463904791419521,1.139036e-03,NEW ARRANGEMENT,hp
crc_800,414,0.023058206565791930013990494366,0.0230635357861020968704614330941,2.311203e-04,NEW ARRANGEMENT,hp
crc_800,415,0.023039084103939653067099464458,0.0230448402528408860633433827163,2.498428e-04,NEW ARRANGEMENT,hp
crc_800,416,0.023024148941025266059732083639,0.0230416813005224801581395020731,7.614770e-04,NEW ARRANGEMENT,hp
crc_800,417,0.023017666903705030055789713905,0.0230216024793473022192423246163,1.709806e-04,NEW ARRANGEMENT,hp
crc_800,418,0.023015962110374617980404777391,0.0230164009027811294670071141207,1.906470e-05,NEW ARRANGEMENT,hp
crt,54,0.047987323959451553136362699298,0.0479873609428869115594175930427,7.706918e-07,SMALL (unclear),hp
crt,64,0.044224566623236258846364834541,0.0442245732074907082170406322430,1.488823e-07,SMALL (unclear),hp
crt,67,0.043311925364952404881383052691,0.0433179421430053613178642908913,1.389174e-04,NEW ARRANGEMENT,hp
crt,68,0.043008487573184573962470605529,0.0430092155055464745140051936978,1.692532e-05,NEW ARRANGEMENT,hp
crt,73,0.041597294201379434344754464127,0.0415973001419866617743263152782,1.428123e-07,SMALL (unclear),hp
crt,77,0.040558779096203082107171923521,0.0405590153133428099692289622817,5.824069e-06,NEW ARRANGEMENT,hp
crt,79,0.040035822097006118702450300740,0.0400578806831947281542973843533,5.509712e-04,NEW ARRANGEMENT,hp
crt,84,0.038906886690802678971918807096,0.0389075017129793075416194547759,1.580754e-05,NEW ARRANGEMENT,hp
crt,88,0.038087925226711666783978530630,0.0380880315169675612864436352649,2.790655e-06,REFINEMENT,hp
crt,93,0.037087301465658458898371786150,0.0370874826996926319836072513288,4.886687e-06,NEW ARRANGEMENT,hp
crt,96,0.036528541360465405736724439656,0.0365286677931094518274526047755,3.461202e-06,NEW ARRANGEMENT,hp
crt,97,0.036370285227438766405826136730,0.0363715284199199281759987132517,3.418154e-05,NEW ARRANGEMENT,hp
crt,98,0.036188454424976049430221322261,0.0361886968311703851470510085097,6.698440e-06,NEW ARRANGEMENT,hp
crt,99,0.036005719267126801921579945796,0.0360059021783856820661453455181,5.080061e-06,NEW ARRANGEMENT,hp
crt,101,0.035658964130103636934822646848,0.0356591172042197497788364509299,4.292725e-06,NEW ARRANGEMENT,hp
crt,104,0.035161727350453294736088134374,0.0351617386138970054175445727092,3.203325e-07,SMALL (unclear),hp
crt,105,0.035002899389078017195423633237,0.0350062123321684160054776128922,9.464768e-05,NEW ARRANGEMENT,hp
crt,106,0.034864593631030463076200801255,0.0348650451414666687563509101168,1.295040e-05,NEW ARRANGEMENT,hp
crt,108,0.034542778791871884710963290664,0.0345446737703633013018434734545,5.485889e-05,NEW ARRANGEMENT,hp
crt,109,0.034372259323998769332424170875,0.0343740515633465975283879667795,5.214203e-05,NEW ARRANGEMENT,hp
crt,110,0.034233576903981078701085691481,0.0342336224191748368743123605813,1.329548e-06,NEW ARRANGEMENT,hp
crt,111,0.034086416480706564837550946824,0.0340865196121926007679478240927,3.025589e-06,NEW ARRANGEMENT,hp
crt,113,0.033819343156400040225641468055,0.0338202727891310899945780265906,2.748820e-05,NEW ARRANGEMENT,hp
crt,114,0.033660242844082393623260671437,0.0336602575123865396958238250794,4.357754e-07,SMALL (unclear),hp
crt,116,0.033371154078948269725729584124,0.0333720145857993821548104197517,2.578595e-05,NEW ARRANGEMENT,hp
crt,119,0.032983340877363024121774323941,0.0329835801886509314823590884533,7.255520e-06,NEW ARRANGEMENT,hp
crt,120,0.032858295047313347828441353756,0.032858308399104711925129596717,4.063446e-07,SMALL (unclear),hp
crt,121,0.032705202761546005561661149031,0.0327052039143122882744036401224,3.524718e-08,SMALL (unclear),hp
crt,124,0.032344586691074128980986665313,0.0323452563409950199006130880633,2.070362e-05,NEW ARRANGEMENT,hp
crt,125,0.032204794945647505784912539896,0.0322048208390831515996000949856,8.040242e-07,SMALL (unclear),hp
crt,126,0.032071871107568746657518681597,0.0320719325189310877733876132169,1.914804e-06,NEW ARRANGEMENT,hp
crt,128,0.031873082744451182800100833904,0.0318731762295029082340384814185,2.933041e-06,NEW ARRANGEMENT,hp
crt,129,0.031748588074885912844381012437,0.0317485880819960488578431021876,2.239513e-10,REFINEMENT,hp
crt,130,0.031627383835886681617513654732,0.0316273846802887181270457210880,2.669845e-08,SMALL (unclear),hp
crt,132,0.031389690640053192374514597279,0.0313897315671730303064136920698,1.303840e-06,NEW ARRANGEMENT,hp
crt,133,0.031277485056317788800295672669,0.0312777622612463544663357220573,8.862763e-06,NEW ARRANGEMENT,hp
crt,135,0.031057451010877154721001283731,0.0310636452415515239081677500327,1.994443e-04,NEW ARRANGEMENT,hp
crt,138,0.030713728156171506852076258106,0.0307137281782933336777310209879,7.202586e-10,SMALL (unclear),hp
crt,139,0.030612919211019990644170423905,0.0306177877231046497431294401393,1.590346e-04,NEW ARRANGEMENT,hp
crt,140,0.030518479587971284998313691091,0.0305188191140533391583891951896,1.112526e-05,NEW ARRANGEMENT,hp
crt,141,0.030420510118446136012223096961,0.0304222598833333854444609615156,5.751925e-05,NEW ARRANGEMENT,hp
crt,143,0.030197942233097538205010985220,0.0301979848571991637818486806758,1.411490e-06,NEW ARRANGEMENT,hp
crt,144,0.030106171472638760385730897717,0.0301083494011089584626366265776,7.234160e-05,NEW ARRANGEMENT,hp
crt,146,0.029908281494832940136653838799,0.0299083698023159366203413683422,2.952610e-06,NEW ARRANGEMENT,hp
crt,147,0.029823952104959626805553384797,0.0298246450612601004062082326927,2.323489e-05,NEW ARRANGEMENT,hp
crt,148,0.029727997293061660219278513419,0.0297281358114683190765533727848,4.659527e-06,NEW ARRANGEMENT,hp
crt,149,0.029621734496298883654906953399,0.0296217390398183345447471325152,1.533847e-07,SMALL (unclear),hp
crt,150,0.029530381065308387968980869493,0.0295303811236737334311435293457,1.976451e-09,SMALL (unclear),hp
crt,199,0.025779262519934221294384208306,0.0257843654071985656929048010942,1.979454e-04,NEW ARRANGEMENT,hp
crt,201,0.025653933362478751978855219461,0.0256552538466595969699236684978,5.147297e-05,NEW ARRANGEMENT,hp
crt,202,0.025589600144422698213793905466,0.0255897530187044380374379654081,5.974079e-06,NEW ARRANGEMENT,hp
crt,203,0.025519926593477311758998864688,0.0255219121854058655418768731526,7.780555e-05,NEW ARRANGEMENT,hp
crt,204,0.025457740774352259486593906413,0.0254588752802951724802499281407,4.456428e-05,NEW ARRANGEMENT,hp
crt,205,0.025406659007510064745367639302,0.0254067985602230656180774572061,5.492761e-06,NEW ARRANGEMENT,hp
crt,206,0.025362283181242228576113944153,0.0253622849886389255648771677003,7.126317e-08,SMALL (unclear),hp
crt,207,0.025302051136799496814026538263,0.0253020988932231540632342925673,1.887453e-06,NEW ARRANGEMENT,hp
crt,208,0.025222004336150521928974970167,0.0252222626765891701090027704787,1.024266e-05,NEW ARRANGEMENT,hp
crt,209,0.025175336841918742608446819842,0.0251753379782977777512754101131,4.513858e-08,SMALL (unclear),hp
crt,210,0.025117491728966094908613964622,0.0251185399372061828386162464578,4.173220e-05,NEW ARRANGEMENT,hp
crt,211,0.025053583413564635206227266747,0.0250558838107161023228640738646,9.181909e-05,NEW ARRANGEMENT,hp
crt,212,0.024997342920455157872331172621,0.0250051243635192560811701563098,3.112908e-04,NEW ARRANGEMENT,hp
crt,213,0.024938559239068401501841698218,0.0249427255573165727355358331445,1.670633e-04,NEW ARRANGEMENT,hp
crt,216,0.024776189239358497881503578295,0.0247761990561409243593708034889,3.962184e-07,SMALL (unclear),hp
crt,217,0.024716995098687883659283173566,0.0247185428253177901995131996026,6.261791e-05,NEW ARRANGEMENT,hp
crt,218,0.024660255999680444257989072772,0.0246614378547944494179214544422,4.792550e-05,NEW ARRANGEMENT,hp
crt,219,0.024610786519706540202334921455,0.0246130940566532958664778090641,9.376120e-05,NEW ARRANGEMENT,hp
crt,221,0.024507150869603175041801699663,0.0245072448542018690869377632467,3.834987e-06,NEW ARRANGEMENT,hp
crt,222,0.024454280555957871615986199862,0.0244569402360861257814362297911,1.087613e-04,NEW ARRANGEMENT,hp
crt,223,0.024392870678124406746824084702,0.0243929287418439369416098509898,2.380356e-06,NEW ARRANGEMENT,hp
crt,224,0.024336068923688238964020316432,0.0243398054245658710526093261379,1.535376e-04,NEW ARRANGEMENT,hp
crt,225,0.024285842720377864942836582015,0.0242858432109290097822929223024,2.019906e-08,SMALL (unclear),hp
crt,227,0.024200644133549477487370497739,0.0242006765494707160904153600745,1.339465e-06,NEW ARRANGEMENT,hp
crt,228,0.024132388434212972399450034989,0.024138734818062073711513131128,2.629820e-04,NEW ARRANGEMENT,hp
crt,229,0.024084500459467290103007722168,0.0240846843909355494458855135729,7.636923e-06,NEW ARRANGEMENT,hp
crt,230,0.024036148148198053021410571416,0.024042036372629374648579518565,2.449737e-04,NEW ARRANGEMENT,hp
crt,231,0.023986316043926012758399259040,0.0239863780217597454688751370065,2.583883e-06,NEW ARRANGEMENT,hp
crt,232,0.023935164074611907684427262278,0.0239440102354215636114463227956,3.695885e-04,NEW ARRANGEMENT,hp
crt,233,0.023893526215715307133559732738,0.0238939695146320521007203279257,1.855310e-05,NEW ARRANGEMENT,hp
crt,234,0.023843951158961837355723027786,0.0238457352192363060001806854011,7.482234e-05,NEW ARRANGEMENT,hp
crt,235,0.023789163431004572040761513113,0.0237924028166691278170349686686,1.361706e-04,NEW ARRANGEMENT,hp
crt,236,0.023743899908977693673052675853,0.0237446800346052942707620267633,3.285583e-05,NEW ARRANGEMENT,hp
crt,237,0.023695255577671141004767540353,0.0236952558144120489456719881070,9.991068e-09,SMALL (unclear),hp
crt,238,0.023646080813452248897244692365,0.0236474787100021262942751460866,5.911747e-05,NEW ARRANGEMENT,hp
crt,239,0.023588960994927703479526497723,0.0235922854523422127031033969059,1.409328e-04,NEW ARRANGEMENT,hp
crt,240,0.023540144212784773869791745828,0.0235412732325828347915117836927,4.796146e-05,NEW ARRANGEMENT,hp
crt,241,0.023489510803114194681394161845,0.0234919889345482512090581067411,1.054995e-04,NEW ARRANGEMENT,hp
crt,242,0.023449691072916169631910709134,0.0234512745850344304511152362702,6.752806e-05,NEW ARRANGEMENT,hp
crt,243,0.023402793568819185372229773591,0.0234044064684556113357376629389,6.891911e-05,NEW ARRANGEMENT,hp
crt,244,0.023361701426167729351469291911,0.0233617015253069475581365410227,4.243664e-09,SMALL (unclear),hp
crt,245,0.023309894997663702713759402136,0.0233099229875797894116102174115,1.200774e-06,NEW ARRANGEMENT,hp
crt,246,0.023260295185694073822574375711,0.0232606888112517274475076668565,1.692264e-05,NEW ARRANGEMENT,hp
crt,247,0.023220619522626652354396589463,0.0232208798671960525244062886519,1.121178e-05,NEW ARRANGEMENT,hp
crt,248,0.023168220061789816647317582681,0.0231775947847909069060103488036,4.046372e-04,NEW ARRANGEMENT,hp
crt,249,0.023128949875853259864392333018,0.0231290279395171171889299283354,3.375150e-06,NEW ARRANGEMENT,hp
crt,250,0.023079967224267566546971350123,0.0230841053497468870526303541988,1.792951e-04,NEW ARRANGEMENT,hp
crt,251,0.023035567155365513321671194263,0.0230356799722350976965238914851,4.897508e-06,NEW ARRANGEMENT,hp
crt,252,0.022990008318987469857239762320,0.0229929323939111945303907552638,1.271889e-04,NEW ARRANGEMENT,hp
crt,253,0.022944466813648199355759296254,0.0229466895374359058867150079751,9.687407e-05,NEW ARRANGEMENT,hp
crt,254,0.022895468700979210923055041016,0.0229079946073853568483094516398,5.470911e-04,NEW ARRANGEMENT,hp
crt,255,0.022858649079053652195678937719,0.0228636249134625775254422255289,2.176784e-04,NEW ARRANGEMENT,hp
crt,256,0.022823354557619637628769097697,0.0228244337640519518025073837207,4.728518e-05,NEW ARRANGEMENT,hp
crt,257,0.022778605996431135977367687870,0.0227805547325753089739380114811,8.555116e-05,NEW ARRANGEMENT,hp
crt,258,0.022734369655630379315260803513,0.0227349445482133935524889567284,2.528738e-05,NEW ARRANGEMENT,hp
crt,259,0.022695320701969673119656578088,0.0226953292293864238240716042604,3.757346e-07,SMALL (unclear),hp
crt,260,0.022647631758477380235674196963,0.0226532965136542021021736539758,2.501257e-04,NEW ARRANGEMENT,hp
crt,261,0.022610418449000517419990391520,0.0226106625150248336553878015741,1.079441e-05,NEW ARRANGEMENT,hp
crt,262,0.022570701609367717300745092083,0.0225717514748555945731541461803,4.651453e-05,NEW ARRANGEMENT,hp
crt,263,0.022529136858314441215856762693,0.0225291458607096442530468655427,3.995890e-07,SMALL (unclear),hp
crt,264,0.022495082146221514494580806220,0.0224953894548238384511609784292,1.366115e-05,NEW ARRANGEMENT,hp
crt,265,0.022444160230695194823588056264,0.0224482902280780894230583602508,1.840121e-04,NEW ARRANGEMENT,hp
crt,266,0.022398697814338573794248496356,0.0224026981872865007494315018065,1.785985e-04,NEW ARRANGEMENT,hp
crt,267,0.022363264304949120895764261604,0.0223632643111630650968531694843,2.778639e-10,SMALL (unclear),hp
crt,268,0.022317605020243469805457169785,0.0223216031559810025556666791199,1.791472e-04,NEW ARRANGEMENT,hp
crt,269,0.022290287491545429323127887859,0.0222903018962487238249512514165,6.462323e-07,SMALL (unclear),hp
crt,270,0.022245690608903079690293744197,0.0222470143554405212080438653959,5.950575e-05,NEW ARRANGEMENT,hp
crt,271,0.022195409688557981616261999271,0.0222062920364073712232313374747,4.902972e-04,NEW ARRANGEMENT,hp
crt,272,0.022160697725320837229754005722,0.0221628847388173337100866246524,9.868884e-05,NEW ARRANGEMENT,hp
crt,273,0.022117229076365001134750496389,0.0221190794941622190469574249051,8.366409e-05,NEW ARRANGEMENT,hp
crt,274,0.022086131505356453817858168329,0.0220869058527702769584738749726,3.506035e-05,NEW ARRANGEMENT,hp
crt,275,0.022055886261172340114160973353,0.0220585947780950225509744518726,1.228025e-04,NEW ARRANGEMENT,hp
crt,276,0.022010358605427197713609911864,0.0220131228654582758295041026454,1.255891e-04,NEW ARRANGEMENT,hp
crt,277,0.021971840901308172088323012152,0.0219724094094617296376879842224,2.587440e-05,NEW ARRANGEMENT,hp
crt,278,0.021924249634895798156805791058,0.0219254542965245436799068490231,5.494654e-05,NEW ARRANGEMENT,hp
crt,279,0.021885676951730618952621482638,0.0218898364683279107845216472055,1.900566e-04,NEW ARRANGEMENT,hp
crt,280,0.021853005235358596381471286167,0.021862471182177785707837278038,4.331645e-04,NEW ARRANGEMENT,hp
crt,281,0.021819887352002277079957747134,0.0218199966268112780523352482187,5.008037e-06,NEW ARRANGEMENT,hp
crt,282,0.021786052404929988593179584923,0.0217875385426813909719335959818,6.821510e-05,NEW ARRANGEMENT,hp
crt,283,0.021745284972951021241503348584,0.0217453709070146715969154573071,3.951848e-06,NEW ARRANGEMENT,hp
crt,284,0.021695998052797688780586047086,0.0217014202055178234115541006073,2.499149e-04,NEW ARRANGEMENT,hp
crt,285,0.021661292323165651734278444524,0.0216625993918101427119680917568,6.034121e-05,NEW ARRANGEMENT,hp
crt,286,0.021631326997472829715029431219,0.0216321129458851937393559372198,3.633380e-05,NEW ARRANGEMENT,hp
crt,287,0.021589188419877711311659524984,0.0215961314852444863100181189544,3.215992e-04,NEW ARRANGEMENT,hp
crt,288,0.021555939988186400630352833205,0.0215587181880932034648235029998,1.288833e-04,NEW ARRANGEMENT,hp
crt,289,0.021531503839036265433328712811,0.0215327417343265427704962063689,5.749228e-05,NEW ARRANGEMENT,hp
crt,290,0.021489806016526542749545618876,0.0214907702047218367983085852078,4.486724e-05,NEW ARRANGEMENT,hp
crt,291,0.021449966547123511348330417476,0.0214501570539405947981508657191,8.881451e-06,NEW ARRANGEMENT,hp
crt,293,0.021384735887631629126041174492,0.0213855766955844623130238829695,3.931814e-05,NEW ARRANGEMENT,hp
crt,294,0.021346547960303288556739989055,0.0213481644879986901572372916705,7.572783e-05,NEW ARRANGEMENT,hp
crt,295,0.021316856358852165442437038758,0.0213203640183326209419618320174,1.645486e-04,NEW ARRANGEMENT,hp
crt,296,0.021275607176299788668150888244,0.0212768085468597721972097364697,5.646704e-05,NEW ARRANGEMENT,hp
crt,297,0.021237377022300491080809459535,0.0212391529220553102146472439417,8.362143e-05,NEW ARRANGEMENT,hp
crt,298,0.021208993940380620791808476959,0.0212091969725368715919208907977,9.572927e-06,NEW ARRANGEMENT,hp
crt,299,0.021163661683864621636684778115,0.0211682169317408278952307334978,2.152391e-04,NEW ARRANGEMENT,hp
csc,41,0.097539055719853182722657761532,0.0975575187167727536069492395499,1.892882e-04,NEW ARRANGEMENT,hp
csc,52,0.087817433817507436917753348600,0.0878190693154980489644125388896,1.862384e-05,NEW ARRANGEMENT,hp
csc,66,0.078252927327473012271589300631,0.0782530269192304314667016477404,1.272691e-06,NEW ARRANGEMENT,hp
csc,72,0.075107368269508650166404543106,0.0751388956042098105866889224989,4.197635e-04,NEW ARRANGEMENT,hp
csc,73,0.074391154696433685038856423279,0.0743945912093012998096765729126,4.619518e-05,NEW ARRANGEMENT,hp
csc,74,0.073814151887090250484604115224,0.0738245180677923404586615639356,1.404362e-04,NEW ARRANGEMENT,hp
csc,76,0.072942793329582360457972160478,0.0729427983206675261302481149069,6.842465e-08,SMALL (unclear),hp
csc,88,0.068154499745286623419316957712,0.0681546094775641252360483251172,1.610052e-06,NEW ARRANGEMENT,hp
csc,95,0.065624461214805828445766928983,0.0656260347615227164038984579242,2.397805e-05,NEW ARRANGEMENT,hp
csc,98,0.064570058230011335736311251179,0.0645734976635314179283630192635,5.326669e-05,NEW ARRANGEMENT,hp
csc,100,0.064027617963500979241270325618,0.0640277180653358279531132751598,1.563417e-06,NEW ARRANGEMENT,hp
csc,107,0.061996918594682384859981849864,0.0620097725793340362015060857517,2.073326e-04,NEW ARRANGEMENT,hp
csc,108,0.061788945136324301359260655904,0.0617889478182926890285592741882,4.340531e-08,SMALL (unclear),hp
csc,112,0.060828833302910104790631923203,0.0608290441780380905269621610949,3.466697e-06,NEW ARRANGEMENT,hp
csc,113,0.060514942949160794310900317560,0.060515058691322558550251050476,1.912621e-06,NEW ARRANGEMENT,hp
csc,115,0.060005068920134665373887989529,0.0600070030794678269557409794383,3.223327e-05,NEW ARRANGEMENT,hp
csc,116,0.059787346818217172425287959466,0.0597912599024507640688703684006,6.545004e-05,NEW ARRANGEMENT,hp
csc,117,0.059404880382065989701249133920,0.0594095970532376669051225700403,7.939872e-05,NEW ARRANGEMENT,hp
csc,120,0.058589552976949916116335253676,0.0585933289273234262623487634301,6.444750e-05,NEW ARRANGEMENT,hp
csc,121,0.058398608171074243638896829099,0.0583996432056079311841756976201,1.772362e-05,NEW ARRANGEMENT,hp
csc,123,0.057936521442589162227686619789,0.057936983008328237706449353593,7.966749e-06,NEW ARRANGEMENT,hp
csc,125,0.057576519673373672599891802255,0.0575765560202664649502380169221,6.312798e-07,SMALL (unclear),hp
csc,128,0.057023696401740350559430156158,0.0570292318732753958778864113457,9.707318e-05,NEW ARRANGEMENT,hp
csc,129,0.056858450373147929471207551799,0.0568619407320773432017108036006,6.138681e-05,NEW ARRANGEMENT,hp
csc,132,0.056158328518030259864979400004,0.0561629702019626955497750608374,8.265353e-05,NEW ARRANGEMENT,hp
csc,133,0.055939287202258638427906066672,0.0559396982878912564289969321293,7.348782e-06,NEW ARRANGEMENT,hp
csc,134,0.055730684474279227538697124271,0.0557361045252366192225551028162,9.725434e-05,NEW ARRANGEMENT,hp
csc,135,0.055528166810711735565664773323,0.0555307500942774195527938390007,4.652204e-05,NEW ARRANGEMENT,hp
csc,137,0.055238484395898973200967454026,0.0552430169033815360042871598951,8.205344e-05,NEW ARRANGEMENT,hp
csc,139,0.054860827582506637196968634678,0.0548608588582714532486094236728,5.700928e-07,SMALL (unclear),hp
csc,141,0.054474270635525176887770061360,0.0544768575745456014044967004935,4.748919e-05,NEW ARRANGEMENT,hp
csc,142,0.054235525271534080671143823875,0.054237543556664732494761971586,3.721334e-05,NEW ARRANGEMENT,hp
csc,143,0.054005084581005638864411108291,0.0540121902619239097406059565764,1.315743e-04,NEW ARRANGEMENT,hp
csc,144,0.053791339351778583437457835021,0.0537961312301272848084350456646,8.908271e-05,NEW ARRANGEMENT,hp
csc,147,0.053133901021816626742358470423,0.0531464326049442713411832445644,2.358491e-04,NEW ARRANGEMENT,hp
csc,148,0.053013007219523555227568453336,0.0530130396227430360913751936352,6.112315e-07,SMALL (unclear),hp
csc,149,0.052831261764795599078621238822,0.0528315206070386622653234069768,4.899414e-06,NEW ARRANGEMENT,hp
csc,201,0.045805770099319394159316873640,0.045812669536915038504718339104,1.506238e-04,NEW ARRANGEMENT,hp
csc,203,0.045598196784532409376636311314,0.0456051634454429479810088778856,1.527837e-04,NEW ARRANGEMENT,hp
csc,204,0.045482723793930015186593055605,0.0454943077681594794664547998921,2.546895e-04,NEW ARRANGEMENT,hp
csc,206,0.045315606543795988629519948894,0.0453156886665967147821643160016,1.812241e-06,NEW ARRANGEMENT,hp
csc,207,0.045158063790004260950869118175,0.0451627033333013506521042617293,1.027401e-04,NEW ARRANGEMENT,hp
csc,208,0.045035630332158932107182880221,0.0450359791429582802459509909654,7.745219e-06,NEW ARRANGEMENT,hp
csc,209,0.044916766538605184111365340363,0.0449235815924464408465314703157,1.517263e-04,NEW ARRANGEMENT,hp
csc,210,0.044747780865852762778279764134,0.0447655992707292664833473689459,3.981964e-04,NEW ARRANGEMENT,hp
csc,211,0.044632716935228222702022197045,0.04463426227731765692026532992,3.462353e-05,NEW ARRANGEMENT,hp
csc,213,0.044484054534350586244309783047,0.044489687765682783721932378751,1.266348e-04,NEW ARRANGEMENT,hp
csc,214,0.044364254453869719695626841222,0.0443698341580216335249411190263,1.257703e-04,NEW ARRANGEMENT,hp
csc,215,0.044291867298695488258218343734,0.0442995829835791998279163858475,1.742009e-04,NEW ARRANGEMENT,hp
csc,216,0.044205544144813163164034613395,0.044206602348071810116291070933,2.393825e-05,NEW ARRANGEMENT,hp
csc,217,0.044104656297529097831634587809,0.0441055525539637324271093997073,2.032113e-05,NEW ARRANGEMENT,hp
csc,218,0.044040449149775568573498578880,0.0440421038285612944432681179945,3.757180e-05,NEW ARRANGEMENT,hp
csc,219,0.043960522487962605587766247053,0.0439643596744561752708487406681,8.728710e-05,NEW ARRANGEMENT,hp
csc,220,0.043873558198413590324981740001,0.0438794464420032121983282893226,1.342094e-04,NEW ARRANGEMENT,hp
csc,221,0.043786214316032567296756495927,0.0437897122401064694745897946629,7.988642e-05,NEW ARRANGEMENT,hp
csc,222,0.043675823952184178371503973754,0.0437097385352202860981895238761,7.765070e-04,NEW ARRANGEMENT,hp
csc,223,0.043590637025177062458420285865,0.043603537833298670338120414981,2.959536e-04,NEW ARRANGEMENT,hp
csc,224,0.043491195240204935987098638545,0.0434918223396758257995265418821,1.441900e-05,NEW ARRANGEMENT,hp
csc,225,0.043422671977047805614872168786,0.0434232706094250317758066701802,1.378617e-05,NEW ARRANGEMENT,hp
csc,226,0.043297949555254623393623801509,0.0433059501078706231158620868694,1.847790e-04,NEW ARRANGEMENT,hp
csc,227,0.043178999946733505641794515837,0.0432066997389224850005673197366,6.415107e-04,NEW ARRANGEMENT,hp
csc,228,0.043121154538565252112337247009,0.0431251618154069451897067407104,9.293065e-05,NEW ARRANGEMENT,hp
csc,229,0.043023577180191332566906602128,0.0430251023658610947379603469091,3.545000e-05,NEW ARRANGEMENT,hp
csc,230,0.042978286377706935054374608525,0.042978869683062272497827881185,1.357209e-05,NEW ARRANGEMENT,hp
csc,231,0.042853638751926357175186344436,0.0428722010937347264359148656315,4.331567e-04,NEW ARRANGEMENT,hp
csc,232,0.042795962401677000409819255378,0.0427959884383341728066059887677,6.083905e-07,SMALL (unclear),hp
csc,233,0.042668510795014132383259678858,0.0426992464417727686105268645618,7.203356e-04,NEW ARRANGEMENT,hp
csc,234,0.042575012883230164198897048953,0.0425852407273050861318476260584,2.402311e-04,NEW ARRANGEMENT,hp
csc,235,0.042469229728586713961237539156,0.0424700049863155288242724057665,1.825457e-05,NEW ARRANGEMENT,hp
csc,236,0.042373194552835731045912102960,0.0423795880949431229315047333079,1.508865e-04,NEW ARRANGEMENT,hp
csc,237,0.042276476563515127593717996208,0.0422776951492895033679789426378,2.882420e-05,NEW ARRANGEMENT,hp
csc,238,0.042203298991905187595315693728,0.0422039278897574083505442476691,1.490163e-05,NEW ARRANGEMENT,hp
csc,239,0.042105450229978638564665030000,0.04210640069161314845330267589,2.257336e-05,NEW ARRANGEMENT,hp
csc,240,0.041981279111216265119145591736,0.0420037818009922409830225651619,5.360172e-04,NEW ARRANGEMENT,hp
csc,241,0.041892963553749135370798948264,0.0419098737944391600486604623542,4.036535e-04,NEW ARRANGEMENT,hp
csc,242,0.041793102943229431602492189592,0.0418079893475550555921828791476,3.561928e-04,NEW ARRANGEMENT,hp
csc,243,0.041698207016647027472114587202,0.0417046840640638763527174061394,1.553316e-04,NEW ARRANGEMENT,hp
csc,245,0.041524607912420698535850018212,0.0415482391720015502802369288498,5.690905e-04,NEW ARRANGEMENT,hp
csc,246,0.041451599501467709544541098636,0.0414539606352236016790989074224,5.696122e-05,NEW ARRANGEMENT,hp
csc,248,0.041312575863900977620508259540,0.0413126109442819516642084995639,8.491453e-07,SMALL (unclear),hp
csc,249,0.041218400962635375161307083547,0.0412242681939766306557589817201,1.423450e-04,NEW ARRANGEMENT,hp
csc,250,0.041124237386118139971190331763,0.0411296670640171562121945324392,1.320311e-04,NEW ARRANGEMENT,hp
csq,467,0.024243556021,0.0242435568792925200996515495827,3.540291e-08,SMALL (unclear),hp
csq,488,0.023845410070,0.0238457485451114902325563935803,1.419456e-05,NEW ARRANGEMENT,hp
csq,501,0.023428002886,0.0234290293660684014252200087004,4.381424e-05,NEW ARRANGEMENT,hp
csq,507,0.023272252747,0.023273387995682081673793041283,4.878121e-05,NEW ARRANGEMENT,hp
csq,508,0.023245657171,0.0232456577285093621053818679714,2.398338e-08,REFINEMENT,hp
csq,510,0.023215974842,0.0232181934961843641339137242837,9.556584e-05,NEW ARRANGEMENT,hp
csq,511,0.023211176370,0.023211641350953493779112856434,2.003263e-05,NEW ARRANGEMENT,hp
csq,512,0.023202626663,0.0232033301697138256474810702115,3.032013e-05,NEW ARRANGEMENT,hp
csq,514,0.023189080109,0.0231891659825073867649651210006,3.703187e-06,NEW ARRANGEMENT,hp
csq,518,0.023087483654,0.0230876821557362173535774811252,8.597807e-06,NEW ARRANGEMENT,hp
csq,520,0.023063647836,0.023063720872790687837784700668,3.166749e-06,NEW ARRANGEMENT,hp
csq,524,0.023032646779,0.0230327326570819345304557359647,3.728537e-06,NEW ARRANGEMENT,hp
csq,526,0.022969950492,0.0229700883594674992633233489263,6.002079e-06,NEW ARRANGEMENT,hp
csq,527,0.022954745589,0.0229547991838036044055722248113,2.334803e-06,NEW ARRANGEMENT,hp
csq,530,0.022901044711,0.022901984700823456519140342277,4.104572e-05,NEW ARRANGEMENT,hp
csq,534,0.022773461611,0.0227743392479479817086488153305,3.853771e-05,NEW ARRANGEMENT,hp
csq,540,0.022588801954,0.0225888081276618400011205496507,2.733063e-07,SMALL (unclear),hp
csq,541,0.022562764383,0.0225630417094476500376983727414,1.229133e-05,NEW ARRANGEMENT,hp
csq,542,0.022539327063,0.0225394872208319536715186641843,7.105706e-06,NEW ARRANGEMENT,hp
csq,543,0.022496992087,0.0224973135564778039972399457508,1.428944e-05,NEW ARRANGEMENT,hp
csq,544,0.022488180751,0.0224882915523059188123334861177,4.927091e-06,NEW ARRANGEMENT,hp
csq,547,0.022462077421,0.0224623321863525270424263186446,1.134202e-05,NEW ARRANGEMENT,hp
csq,548,0.022434757177,0.0224576826363793006584575763083,1.021872e-03,NEW ARRANGEMENT,hp
csq,551,0.022388036256,0.0223887510985924032966791811304,3.192967e-05,NEW ARRANGEMENT,hp
csq,553,0.022334001644,0.0223345446449739314027135783616,2.431275e-05,NEW ARRANGEMENT,hp
csq,554,0.022304070378,0.0223051904899519547550546636659,5.022007e-05,NEW ARRANGEMENT,hp
csq,555,0.022286962858,0.0222869670045304588142568832844,1.860518e-07,SMALL (unclear),hp
csq,557,0.022263280729,0.0222634546766861830234386926786,7.813210e-06,NEW ARRANGEMENT,hp
csq,560,0.022233704196,0.0222337051273939962425033504673,4.189109e-08,SMALL (unclear),hp
csq,570,0.022116457958,0.0221168156156757611573846603832,1.617156e-05,NEW ARRANGEMENT,hp
csq,571,0.022113457624,0.0221134579070201335527017380274,1.279855e-08,SMALL (unclear),hp
csq,583,0.021810167340,0.0218113123296105472664101661194,5.249797e-05,NEW ARRANGEMENT,hp
csq,584,0.021791889317,0.0218053112476799556937073588353,6.159140e-04,NEW ARRANGEMENT,hp
csq,589,0.021631334369,0.0216319757736561746316353120805,2.965165e-05,NEW ARRANGEMENT,hp
csq,590,0.021608341570,0.021610813026384322213810432138,1.143751e-04,NEW ARRANGEMENT,hp
csq,592,0.021577543719,0.0215775865919352359998191139715,1.986924e-06,NEW ARRANGEMENT,hp
csq,593,0.021566293520,0.0215714077998556279873752716909,2.371423e-04,NEW ARRANGEMENT,hp
csq,594,0.021563560733,0.0215648786810447897178946003616,6.111922e-05,NEW ARRANGEMENT,hp
csq,599,0.021491273764,0.0214915831677733218775201762934,1.439672e-05,NEW ARRANGEMENT,hp
csq,600,0.021479376754,0.021479389468367923767120317669,5.919337e-07,SMALL (unclear),hp
csq,610,0.021331830854,0.0213318308617629188803029531866,3.639125e-10,REFINEMENT,hp
csq,614,0.021290527138,0.0212905271677230716986338113427,1.396070e-09,SMALL (unclear),hp
csq,622,0.021127128010,0.0211271280192910669582920857072,4.397695e-10,SMALL (unclear),hp
csq,646,0.020703772903,0.0207092103958785878497140333634,2.626329e-04,NEW ARRANGEMENT,hp
csq,647,0.020684792627,0.020684792649246589104558615562,1.075505e-09,SMALL (unclear),hp
csq,648,0.020662926049,0.0206639993611570959250217026839,5.194386e-05,NEW ARRANGEMENT,hp
csq,649,0.020652829701,0.0206576600594081009686188600564,2.338836e-04,NEW ARRANGEMENT,hp
csq,650,0.020648544504,0.0206494762501295420181687951223,4.512406e-05,NEW ARRANGEMENT,hp
csq,651,0.020645802220,0.0206458946206654649016458634901,4.475518e-06,NEW ARRANGEMENT,hp
csq,652,0.020637773745,0.0206377791641146973957033294054,2.625823e-07,SMALL (unclear),hp
csq,653,0.020609031061,0.0206140069602782820962925363989,2.414427e-04,NEW ARRANGEMENT,hp
csq,654,0.020605861685,0.0206085232212393693164762435579,1.291640e-04,NEW ARRANGEMENT,hp
csq,655,0.020604878781,0.020604946633999423395895692948,3.293055e-06,NEW ARRANGEMENT,hp
csq,659,0.020542609385,0.0205448801217982024708910560666,1.105379e-04,NEW ARRANGEMENT,hp
csq,660,0.020534535567,0.0205345356104093320563850897064,2.113967e-09,REFINEMENT,hp
csq,661,0.020527337551,0.0205302160091038600223118375791,1.402256e-04,NEW ARRANGEMENT,hp
csq,662,0.020523003813,0.0205250005283879424774518786716,9.729158e-05,NEW ARRANGEMENT,hp
csq,663,0.020516662807,0.0205191657139396798366487063759,1.219939e-04,NEW ARRANGEMENT,hp
csq,664,0.020476860675,0.0205121535292356762577264846444,1.723548e-03,NEW ARRANGEMENT,hp
csq,665,0.020465670644,0.020471603953111440647008088637,2.899152e-04,NEW ARRANGEMENT,hp
csq,666,0.020447329211,0.0204565905495216560100104398085,4.529363e-04,NEW ARRANGEMENT,hp
csq,667,0.020444799930,0.0204453822777047428305143527088,2.848390e-05,NEW ARRANGEMENT,hp
csq,673,0.020307142547,0.0203071904525237375516694437522,2.359048e-06,NEW ARRANGEMENT,hp
csq,674,0.020264252866,0.0202655601538771420064563800166,6.451202e-05,NEW ARRANGEMENT,hp
csq,675,0.020239102470,0.0202403520052751835461634801995,6.173867e-05,NEW ARRANGEMENT,hp
csq,676,0.020221011990,0.0202251885275095899830557993357,2.065444e-04,NEW ARRANGEMENT,hp
csq,677,0.020203327309,0.0202089429090112201663347432208,2.779542e-04,NEW ARRANGEMENT,hp
csq,678,0.020194809421,0.020209012532108447257067660591,7.033050e-04,NEW ARRANGEMENT,hp
csq,680,0.020161688472,0.0201616888062395925685581229986,1.657796e-08,REFINEMENT,hp
csq,684,0.020152025262,0.0201520417213917510185937792388,8.167612e-07,SMALL (unclear),hp
csq,685,0.020122730773,0.0201230053866174800677409517546,1.364694e-05,NEW ARRANGEMENT,hp
csq,690,0.020031640732,0.0200316411583591470681736460757,2.128428e-08,SMALL (unclear),hp
csq,691,0.020019129167,0.0200192663188555035137784233235,6.851040e-06,NEW ARRANGEMENT,hp
csq,700,0.019903642828,0.0199083041088539122945226953919,2.341923e-04,NEW ARRANGEMENT,hp
csq,701,0.019898772467,0.0198994371816992337351247577732,3.340481e-05,NEW ARRANGEMENT,hp
csq,704,0.019884811113,0.0198851388102060381390203896411,1.647977e-05,NEW ARRANGEMENT,hp
csq,705,0.019870507569,0.0198795850035647613968081472082,4.568295e-04,NEW ARRANGEMENT,hp
csq,706,0.019864265515,0.0198677997293036050389589253633,1.779182e-04,NEW ARRANGEMENT,hp
csq,712,0.019798426783,0.0197985318390068727008680768421,5.306281e-06,NEW ARRANGEMENT,hp
csq,715,0.019754598432,0.0197547278116050622825101347335,6.549341e-06,NEW ARRANGEMENT,hp
csq,718,0.019680399826,0.0196858166629748995606163203174,2.752402e-04,NEW ARRANGEMENT,hp
csq,719,0.019667163352,0.0196671637031134198722517772399,1.785277e-08,SMALL (unclear),hp
csq,722,0.019638919375,0.0196395551347359277509355597744,3.237244e-05,NEW ARRANGEMENT,hp
csq,723,0.019631162040,0.0196372128063501794428248274453,3.082225e-04,NEW ARRANGEMENT,hp
csq,724,0.019630679662,0.0196312986204084371984347664235,3.153016e-05,NEW ARRANGEMENT,hp
csq,727,0.019526603591,0.0195267354003175669957821961269,6.750243e-06,NEW ARRANGEMENT,hp
csq,728,0.019507618009,0.0195122425463366194350536557093,2.370631e-04,NEW ARRANGEMENT,hp
csq,730,0.019478668457,0.0194788659935109756293899804569,1.014117e-05,NEW ARRANGEMENT,hp
csq,731,0.019463751269,0.0194640949879564739936514077732,1.765944e-05,NEW ARRANGEMENT,hp
csq,733,0.019436243477,0.0194375425550003693068027916607,6.683792e-05,NEW ARRANGEMENT,hp
csq,734,0.019428093192,0.0194285333935015144410608378515,2.265799e-05,NEW ARRANGEMENT,hp
csq,735,0.019424543862,0.0194251820015205062029547627046,3.285223e-05,NEW ARRANGEMENT,hp
csq,736,0.019424328974,0.0194244044454354428207377747616,3.885408e-06,NEW ARRANGEMENT,hp
csq,737,0.019419993522,0.0194200362623045427476069256173,2.200840e-06,REFINEMENT,hp
csq,739,0.019376899607,0.019377516998204943304334995768,3.186223e-05,NEW ARRANGEMENT,hp
csq,740,0.019365818519,0.0193658737466744275308266010922,2.851812e-06,NEW ARRANGEMENT,hp
csq,742,0.019334143487,0.0193350478347184852089678576802,4.677465e-05,NEW ARRANGEMENT,hp
csq,744,0.019315824158,0.0193158244985913018115041317898,1.763276e-08,SMALL (unclear),hp
csq,749,0.019275366935,0.0192754856278143731723603852151,6.157746e-06,NEW ARRANGEMENT,hp
csq,750,0.019274486934,0.0192744871618244330652962382538,1.182000e-08,REFINEMENT,hp
csq,753,0.019222253264,0.0192224986922062848036806583651,1.276792e-05,NEW ARRANGEMENT,hp
csq,754,0.019213282440,0.0192133874665275061024160346791,5.466350e-06,NEW ARRANGEMENT,hp
csq,756,0.019198670491,0.0191993641282643650482480578677,3.612944e-05,NEW ARRANGEMENT,hp
csq,757,0.019185844726,0.0191871787677789631586531885768,6.953261e-05,NEW ARRANGEMENT,hp
csq,766,0.019099119667,0.0190998893900629179683248735097,4.030149e-05,NEW ARRANGEMENT,hp
csq,767,0.019076724543,0.0190767264966190554772258013613,1.024085e-07,SMALL (unclear),hp
csq,769,0.019031360338,0.0190316976098179547808053346367,1.772190e-05,NEW ARRANGEMENT,hp
csq,770,0.019018300494,0.0190210603220839442858332171378,1.451143e-04,NEW ARRANGEMENT,hp
csq,776,0.018931771549,0.0189318267894078577867784471825,2.917868e-06,REFINEMENT,hp
csq,781,0.018856776835,0.0188568180789325699399043564691,2.187221e-06,NEW ARRANGEMENT,hp
csq,783,0.018809364382,0.0188132286976605120422946760215,2.054464e-04,NEW ARRANGEMENT,hp
csq,784,0.018781197240,0.0187978529520803221524021807911,8.868291e-04,NEW ARRANGEMENT,hp
csq,785,0.018770901578,0.0187710965262902417356731420514,1.038566e-05,NEW ARRANGEMENT,hp
csq,791,0.018749668727,0.0187497818252406880275293664699,6.032013e-06,NEW ARRANGEMENT,hp
csq,795,0.018698383352,0.0186984049701826003885104773206,1.156152e-06,NEW ARRANGEMENT,hp
csq,796,0.018687461188,0.0186874704973190752208950058577,4.981586e-07,SMALL (unclear),hp
csq,800,0.018637592286,0.0186573370258492351873038028022,1.059404e-03,NEW ARRANGEMENT,hp
csq,801,0.018635391208,0.0186366955591671518820149587303,6.999323e-05,NEW ARRANGEMENT,hp
csq,802,0.018629369564,0.0186344172546213230653126566328,2.709534e-04,NEW ARRANGEMENT,hp
csq,803,0.018629275945,0.0186348641654562705033186512324,2.999698e-04,NEW ARRANGEMENT,hp
csq,804,0.018622072449,0.0186227914787125859613646552186,3.861169e-05,NEW ARRANGEMENT,hp
csq,807,0.018588637410,0.0185887939621765791924769122472,8.421929e-06,NEW ARRANGEMENT,hp
csq,809,0.018575251061,0.0185777409218335472349974572339,1.340418e-04,NEW ARRANGEMENT,hp
csq,810,0.018570788151,0.018571629812548893438992299482,4.532180e-05,NEW ARRANGEMENT,hp
csq,811,0.018563022541,0.018563583575028057441023584757,3.022320e-05,NEW ARRANGEMENT,hp
csq,812,0.018559333452,0.0185595950068037962100745243655,1.409290e-05,NEW ARRANGEMENT,hp
csq,814,0.018539792525,0.0185426171579398710958114895542,1.523552e-04,NEW ARRANGEMENT,hp
csq,815,0.018534095420,0.0185344911286812455336832714827,2.135031e-05,NEW ARRANGEMENT,hp
csq,816,0.018526265575,0.0185277965555887937182566940422,8.263838e-05,NEW ARRANGEMENT,hp
csq,817,0.018525328999,0.0185269235927431396747649775337,8.607641e-05,NEW ARRANGEMENT,hp
csq,818,0.018519792536,0.0185200282306093283796560469518,1.272663e-05,NEW ARRANGEMENT,hp
csq,819,0.018519180311,0.0185200282306093283796560450469,4.578602e-05,NEW ARRANGEMENT,hp
csq,826,0.018340440634,0.0183501546761501113326614432085,5.296515e-04,NEW ARRANGEMENT,hp
csq,827,0.018344305982,0.0183454874588811658747936916076,6.440565e-05,NEW ARRANGEMENT,hp
csq,828,0.018320904416,0.0183387137948667273698361041655,9.720797e-04,NEW ARRANGEMENT,hp
csq,829,0.018314779467,0.0183181100176660507406364546504,1.818504e-04,NEW ARRANGEMENT,hp
csq,831,0.018288240318,0.0182882405961044561566527445641,1.520674e-08,SMALL (unclear),hp
csq,832,0.018275594276,0.0182814723155903626847442936932,3.216333e-04,NEW ARRANGEMENT,hp
csq,834,0.018269433373,0.0182694477337634961804790211488,7.860541e-07,SMALL (unclear),hp
csq,835,0.018267843164,0.0182687747943482400372711663212,5.099838e-05,NEW ARRANGEMENT,hp
csq,836,0.018250453110,0.0182524111163317259957691188272,1.072854e-04,NEW ARRANGEMENT,hp
csq,840,0.018147055123,0.018152478854212596529948411317,2.988767e-04,NEW ARRANGEMENT,hp
csq,844,0.018130619204,0.0181356197471918264255648383252,2.758065e-04,NEW ARRANGEMENT,hp
csq,845,0.018131169971,0.0181348907224320898486965170031,2.052130e-04,NEW ARRANGEMENT,hp
csq,847,0.018123646916,0.0181238904238539783784838959899,1.343592e-05,NEW ARRANGEMENT,hp
csq,848,0.018123603968,0.0181236604821633915716471133608,3.118263e-06,REFINEMENT,hp
csq,850,0.018084171323,0.0180844742097366905942859613765,1.674872e-05,NEW ARRANGEMENT,hp
csq,851,0.018079434858,0.0180794688604518123560537981337,1.880725e-06,NEW ARRANGEMENT,hp
csq,852,0.018071123461,0.018074657111736027117042751056,1.955413e-04,NEW ARRANGEMENT,hp
csq,854,0.018060251919,0.0180634315077461315512950910806,1.760545e-04,NEW ARRANGEMENT,hp
csq,855,0.018056671611,0.0180570743944627667487440338004,2.230663e-05,NEW ARRANGEMENT,hp
csq,856,0.018046804744,0.01805333271667821314419306882,3.617246e-04,NEW ARRANGEMENT,hp
csq,857,0.018042020072,0.0180423140213285246859786,1.629248e-05,NEW ARRANGEMENT,hp
csq,858,0.018042202800,0.0180423139165233501149181533313,6.158700e-06,NEW ARRANGEMENT,hp
csq,860,0.018022841819,0.0180232512709353251611358688552,2.271850e-05,NEW ARRANGEMENT,hp
csq,861,0.018020066048,0.0180212252560775311700853934445,6.432874e-05,NEW ARRANGEMENT,hp
csq,862,0.018016061040,0.0180163460881931576917336223915,1.582189e-05,NEW ARRANGEMENT,hp
csq,870,0.017957737177,0.017957789831720492623567790564,2.932147e-06,NEW ARRANGEMENT,hp
csq,875,0.017872135469,0.0178762413384508150729572810172,2.297358e-04,NEW ARRANGEMENT,hp
csq,876,0.017868324323,0.0178716540729760782001523704736,1.863493e-04,NEW ARRANGEMENT,hp
csq,882,0.017763790806,0.0177638023353636087333775746999,6.490373e-07,SMALL (unclear),hp
csq,883,0.017740970476,0.0177409721727651563593135802428,9.564106e-08,REFINEMENT,hp
csq,884,0.017734787714,0.0177349633772254588754662296434,9.905009e-06,NEW ARRANGEMENT,hp
csq,885,0.017723199556,0.0177233757477759912874867943493,9.941307e-06,NEW ARRANGEMENT,hp
csq,886,0.017718349805,0.0177186410359587026876967442407,1.643669e-05,NEW ARRANGEMENT,hp
csq,888,0.017690077964,0.0176934418021071931939679081495,1.901539e-04,NEW ARRANGEMENT,hp
csq,889,0.017673837126,0.0176857267351806633681505172489,6.727237e-04,NEW ARRANGEMENT,hp
csq,890,0.017670695544,0.0176776230791561634491202349501,3.920352e-04,NEW ARRANGEMENT,hp
csq,907,0.017540748351,0.0175408706631573620287632546457,6.973030e-06,NEW ARRANGEMENT,hp
csq,908,0.017529951010,0.0175373334153062452726031578796,4.211310e-04,NEW ARRANGEMENT,hp
csq,909,0.017475080280,0.0174752931786915294843297868058,1.218299e-05,NEW ARRANGEMENT,hp
csq,912,0.017448731828,0.0174495041040890910685910517721,4.425973e-05,NEW ARRANGEMENT,hp
csq,919,0.017420906039,0.0174466438665111633561334,1.477410e-03,NEW ARRANGEMENT,hp
csq,920,0.017413826405,0.0174466482742470003517257,1.884817e-03,NEW ARRANGEMENT,hp
csq,929,0.017324327863,0.0173253013604611291746324216461,5.619251e-05,NEW ARRANGEMENT,hp
csq,930,0.017293344705,0.0173159858847261815913214747417,1.309242e-03,NEW ARRANGEMENT,hp
csq,931,0.017289414447,0.0172895022370813179218811951713,5.077678e-06,NEW ARRANGEMENT,hp
csq,935,0.017256251206,0.0172714837541586185162458,8.827264e-04,NEW ARRANGEMENT,hp
csq,936,0.017258732758,0.0172714891690266925108309,7.391279e-04,NEW ARRANGEMENT,hp
csq,943,0.017131519300,0.0171315531612998322331241835399,1.976550e-06,NEW ARRANGEMENT,hp
csq,944,0.017122282532,0.0171314215829803514501832597947,5.337519e-04,NEW ARRANGEMENT,hp
csq,946,0.017109200810,0.0171093496673176283412617703339,8.700425e-06,NEW ARRANGEMENT,hp
csq,953,0.017043801931,0.0171105809089241847824139262421,3.918080e-03,NEW ARRANGEMENT,hp
csq,954,0.017079170064,0.0170791894842642069809108480839,1.137073e-06,NEW ARRANGEMENT,hp
csq,955,0.017069112080,0.0170729290366204766662502617947,2.236178e-04,NEW ARRANGEMENT,hp
csq,956,0.017046545865,0.0170686636147954235384226570994,1.297492e-03,NEW ARRANGEMENT,hp
csq,958,0.017045834023,0.0170458340415933966278243798702,1.090788e-09,REFINEMENT,hp
csq,959,0.017041353520,0.0170437026277203785379430549442,1.378475e-04,NEW ARRANGEMENT,hp
csq,963,0.017010440135,0.0170109158697193451736140345815,2.796722e-05,NEW ARRANGEMENT,hp
csq,964,0.017005628862,0.0170087836631145438540576369568,1.855151e-04,NEW ARRANGEMENT,hp
csq,965,0.017001385901,0.0170014781626334178934845378588,5.426713e-06,NEW ARRANGEMENT,hp
csq,966,0.016998245526,0.0169982826926726622202892062661,2.186501e-06,NEW ARRANGEMENT,hp
csq,981,0.016920815393,0.0169211832125106208991915037506,2.173769e-05,NEW ARRANGEMENT,hp
csq,982,0.016917631480,0.0169178270577728975032670233241,1.156059e-05,NEW ARRANGEMENT,hp
csq,983,0.016916758372,0.0169168013204468240591414757725,2.538811e-06,NEW ARRANGEMENT,hp
csq,984,0.016916437949,0.0169166807613058354605435174039,1.435363e-05,NEW ARRANGEMENT,hp
csq,991,0.016714637930,0.0167195637648806271332131502904,2.947019e-04,NEW ARRANGEMENT,hp
csq,992,0.015873015873,0.01672305144993260394855,5.355224e-02,NEW ARRANGEMENT,hp
csq,998,0.016670442622,0.0167088401398761481598601,2.303329e-03,NEW ARRANGEMENT,hp
csq,1026,0.016453415228,0.01648938943993305261056,2.186428e-03,NEW ARRANGEMENT,hp
csq,1054,0.016219061461,0.0162290491765153109508234,6.158011e-04,NEW ARRANGEMENT,hp
csq,1105,0.015801646298,0.0158846981884217853018115,5.255901e-03,NEW ARRANGEMENT,hp
csq,1116,0.015877260253,0.0158775624115022874375884,1.903090e-05,NEW ARRANGEMENT,hp
csq,1224,0.015134434044,0.0151457987031836002012968,7.509141e-04,NEW ARRANGEMENT,hp
csq,1229,0.015103580610,0.015139101891981207898108,2.351845e-03,NEW ARRANGEMENT,hp
csq,1230,0.015068426910,0.0151391235253052718764746,4.691705e-03,NEW ARRANGEMENT,hp
csq,1242,0.014940581482,0.014989950695938690049304,3.304370e-03,NEW ARRANGEMENT,hp
csq,1260,0.014832791895,0.0148786928328404393071671,3.094558e-03,NEW ARRANGEMENT,hp
csq,1292,0.014693132018,0.0147087702394609012297605,1.064322e-03,NEW ARRANGEMENT,hp
csq,1293,0.014705882391,0.0147087935736867992064262,1.979604e-04,NEW ARRANGEMENT,hp
csq,1300,0.014705882353,0.0147078181967221251818032,1.316374e-04,NEW ARRANGEMENT,hp
csq,1301,0.014706116947,0.0147088123453755811876546,1.832842e-04,NEW ARRANGEMENT,hp
csq,1311,0.014534659337,0.0145634077013484875922986,1.977918e-03,NEW ARRANGEMENT,hp
csq,1312,0.014380828010,0.0145622006903375557993096,1.261212e-02,NEW ARRANGEMENT,hp
csq,1330,0.014093551590,0.0144853959017112676040982,2.780309e-02,NEW ARRANGEMENT,hp
csq,1344,0.014397766094,0.0144097331192844812668807,8.311724e-04,NEW ARRANGEMENT,hp
csq,1349,0.013888889445,0.0144094640404306795359595,3.748137e-02,NEW ARRANGEMENT,hp
csq,1353,0.014375652222,0.0144085837420664374162579,2.290784e-03,NEW ARRANGEMENT,hp
csq,1366,0.014030736154,0.0143178568808695421431191,2.046370e-02,NEW ARRANGEMENT,hp
csq,1368,0.013707656776,0.0143032768554293887231445,4.345163e-02,NEW ARRANGEMENT,hp
csq,1375,0.014285717405,0.0142941801380765918198619,5.923912e-04,NEW ARRANGEMENT,hp
csq,1387,0.013513514434,0.0141736854064855093145935,4.885265e-02,NEW ARRANGEMENT,hp
csq,1398,0.013845041544,0.0141532505181189607494818,2.226133e-02,NEW ARRANGEMENT,hp
csq,1419,0.014039117746,0.0140514569226904015430772,8.789140e-04,NEW ARRANGEMENT,hp
csq,1428,0.014017492795,0.0140451704844505678295155,1.974511e-03,NEW ARRANGEMENT,hp
csq,1440,0.013890991643,0.0139510825960084209174039,4.325894e-03,NEW ARRANGEMENT,hp
csq,1460,0.013801078109,0.0138220770215260299229784,1.521541e-03,NEW ARRANGEMENT,hp
csq,1500,0.013157896060,0.0136975543840465274456159,4.101403e-02,NEW ARRANGEMENT,hp
csq,1528,0.013431915279,0.0135475691541372924308458,8.610379e-03,NEW ARRANGEMENT,hp
csq,1530,0.013491240866,0.0135455393464473324606535,4.024721e-03,NEW ARRANGEMENT,hp
csq,1553,0.013178325680,0.0134398511545774791488454,1.984512e-02,NEW ARRANGEMENT,hp
csq,1560,0.012667237012,0.0134211711684446118288315,5.951844e-02,NEW ARRANGEMENT,hp
csq,1563,0.013397586374,0.0134137865028294442134971,1.209183e-03,NEW ARRANGEMENT,hp
csq,1584,0.013326233379,0.0133377260544253062739455,8.624099e-04,REFINEMENT,hp
csq,1596,0.013189870613,0.0132218815874250531184125,2.426936e-03,NEW ARRANGEMENT,hp
csq,1607,0.013150206364,0.0131578947368289051052631,5.846580e-04,NEW ARRANGEMENT,hp
csq,1610,0.012922408711,0.0131946424314344983575685,2.106679e-02,NEW ARRANGEMENT,hp
csq,1617,0.012820512821,0.0131694988515402785011484,2.722091e-02,NEW ARRANGEMENT,hp
csq,1620,0.013020685534,0.0131607038511960582961487,1.075353e-02,NEW ARRANGEMENT,hp
csq,1633,0.012869008726,0.0131192660723784347339276,1.944651e-02,NEW ARRANGEMENT,hp
csq,1634,0.012831674134,0.0131191122680038478877319,2.240067e-02,NEW ARRANGEMENT,hp
csq,1638,0.012658227848,0.0131082276270621917723729,3.554998e-02,NEW ARRANGEMENT,hp
csq,1643,0.012972052780,0.0131027975713664102024286,1.007896e-02,NEW ARRANGEMENT,hp
csq,1644,0.012899731264,0.0131024927726522135072273,1.571827e-02,NEW ARRANGEMENT,hp
csq,1656,0.012817623874,0.0129904667231149755332768,1.348478e-02,NEW ARRANGEMENT,hp
csq,1659,0.012500000000,0.0129904667231149755332768,3.923734e-02,NEW ARRANGEMENT,hp
csq,1665,0.012925219182,0.0129904667231149755332768,5.048080e-03,NEW ARRANGEMENT,hp
csq,1669,0.012676696651,0.0129904667231149755332768,2.475172e-02,NEW ARRANGEMENT,hp
csq,1672,0.012987012987,0.0129904667231149755332768,2.659377e-04,REFINEMENT,hp
csq,1679,0.012768155630,0.0129214194743374605805256,1.200360e-02,NEW ARRANGEMENT,hp
csq,1680,0.012732413033,0.0129046506575497303493424,1.352749e-02,NEW ARRANGEMENT,hp
csq,1689,0.012810847545,0.0128979566396201680433603,6.799636e-03,NEW ARRANGEMENT,hp
csq,1692,0.012624466998,0.0128882058913641737941086,2.089109e-02,NEW ARRANGEMENT,hp
csq,1694,0.012820512821,0.0128864861104195795138895,5.145917e-03,NEW ARRANGEMENT,hp
csq,1701,0.012195121951,0.012850320550913093679449,5.372629e-02,NEW ARRANGEMENT,hp
csq,1702,0.012720511345,0.0128476418900185553581099,9.994138e-03,NEW ARRANGEMENT,hp
csq,1716,0.012658227848,0.0128015810772759304189227,1.132491e-02,NEW ARRANGEMENT,hp
csq,1717,0.012503115528,0.0127984888762776275111237,2.362398e-02,NEW ARRANGEMENT,hp
csq,1722,0.012048192771,0.0127954556843567945443156,6.202282e-02,NEW ARRANGEMENT,hp
csq,1726,0.012640361836,0.0127955481267094314518732,1.227704e-02,NEW ARRANGEMENT,hp
csq,1738,0.012500000000,0.0126631171378858918828621,1.304937e-02,NEW ARRANGEMENT,hp
csq,1739,0.012525738741,0.0126631171378858918828621,1.096769e-02,NEW ARRANGEMENT,hp
csq,1748,0.012630351014,0.0126631171378858918828621,2.594237e-03,NEW ARRANGEMENT,hp
csq,1752,0.012389479626,0.0126631171378858918828621,2.208628e-02,NEW ARRANGEMENT,hp
csq,1753,0.012354369846,0.0126631171378858918828621,2.499094e-02,NEW ARRANGEMENT,hp
csq,1760,0.012345679012,0.0126212967403732467032596,2.232504e-02,NEW ARRANGEMENT,hp
csq,1763,0.012479058591,0.0126074580665638105419334,1.028920e-02,NEW ARRANGEMENT,hp
csq,1764,0.012410958625,0.0126037006790469482993209,1.552999e-02,NEW ARRANGEMENT,hp
csq,1776,0.012340258371,0.0125832804393006087195606,1.969343e-02,NEW ARRANGEMENT,hp
csq,1782,0.012195121951,0.0125645958686491244041313,3.029686e-02,NEW ARRANGEMENT,hp
csq,1786,0.012434055515,0.0125541715184234698284815,9.660243e-03,NEW ARRANGEMENT,hp
csq,1800,0.012292819589,0.0125002105533877207894465,1.687090e-02,NEW ARRANGEMENT,hp
csq,1801,0.012259157352,0.0125006971668685363028331,1.970281e-02,NEW ARRANGEMENT,hp
csq,1804,0.012048192771,0.0125002106151157377893848,3.751748e-02,NEW ARRANGEMENT,hp
csq,1824,0.012247079603,0.0123518134125266401865874,8.551737e-03,NEW ARRANGEMENT,hp
csq,1826,0.011904761905,0.0123518134125266401865874,3.755233e-02,NEW ARRANGEMENT,hp
csq,1833,0.012348772482,0.0123518134125266401865874,2.462537e-04,NEW ARRANGEMENT,hp
csq,1838,0.012115296398,0.0123518134125266401865874,1.952218e-02,NEW ARRANGEMENT,hp
csq,1839,0.012048366070,0.0123518134125266401865874,2.518577e-02,NEW ARRANGEMENT,hp
csq,1840,0.012345679012,0.0123518134125266401865874,4.968864e-04,REFINEMENT,hp
csq,1848,0.012202959533,0.0123234021034880035978964,9.869948e-03,NEW ARRANGEMENT,hp
csq,1849,0.012170664639,0.0123212905551817797094448,1.237615e-02,NEW ARRANGEMENT,hp
csq,1858,0.012245687231,0.0123015166513201684833486,4.559109e-03,NEW ARRANGEMENT,hp
csq,1862,0.012068832734,0.0122948985085483591014914,1.873137e-02,NEW ARRANGEMENT,hp
csq,1863,0.012195121951,0.0122854044497196515955502,7.403165e-03,NEW ARRANGEMENT,hp
csq,1870,0.011627906977,0.0122806046488207453953511,5.613200e-02,NEW ARRANGEMENT,hp
csq,1872,0.012160384971,0.0122722142728686057857271,9.196197e-03,NEW ARRANGEMENT,hp
csq,1886,0.012048192771,0.0121951219512072728780487,1.219512e-02,NEW ARRANGEMENT,hp
csq,1887,0.012024009346,0.0121951219512072728780487,1.423091e-02,NEW ARRANGEMENT,hp
csq,1888,0.011959779666,0.0121951219512072828780487,1.967781e-02,NEW ARRANGEMENT,hp
csq,1892,0.011494252874,0.0121951219512072828780487,6.097561e-02,NEW ARRANGEMENT,hp
csq,1896,0.012119285684,0.0121951219512072728780487,6.257487e-03,NEW ARRANGEMENT,hp
csq,1897,0.012088283147,0.0121951219512072828780487,8.838212e-03,NEW ARRANGEMENT,hp
csq,1900,0.011898771780,0.0121951219512072828780487,2.490595e-02,NEW ARRANGEMENT,hp
csq,1909,0.011904761905,0.0121185032672987454967326,1.795427e-02,NEW ARRANGEMENT,hp
csq,1911,0.011980751141,0.0121190448567121549551432,1.154299e-02,NEW ARRANGEMENT,hp
csq,1925,0.011853257579,0.0120554061916321635938083,1.705427e-02,NEW ARRANGEMENT,hp
csq,1926,0.011821502667,0.0120554061916321635938083,1.978628e-02,NEW ARRANGEMENT,hp
csq,1932,0.011764705882,0.0120623435375613536564624,2.529920e-02,NEW ARRANGEMENT,hp
csq,1936,0.011938987228,0.0120503426882595056573117,9.327044e-03,NEW ARRANGEMENT,hp
csq,1937,0.011877311540,0.0120488011724401471988275,1.443842e-02,NEW ARRANGEMENT,hp
csq,1950,0.011809327663,0.0120211740298152658259701,1.793890e-02,NEW ARRANGEMENT,hp
csq,1955,0.011627906977,0.0120087742202428542257797,3.275458e-02,NEW ARRANGEMENT,hp
csq,1960,0.011898650637,0.0120050142850615409857149,8.939135e-03,NEW ARRANGEMENT,hp
csq,1964,0.011690203770,0.0120046939454630743060545,2.690203e-02,NEW ARRANGEMENT,hp
csq,2000,0.011725938541,0.0118400658350782769341649,9.732892e-03,NEW ARRANGEMENT,hp
csq,2080,0.011403247846,0.0116279069767325230930232,1.970133e-02,NEW ARRANGEMENT,hp
csq,2225,0.011111111111,0.0112376499215618183500784,1.138849e-02,NEW ARRANGEMENT,hp
csq,2226,0.011094824101,0.0112376499215618183500784,1.287319e-02,NEW ARRANGEMENT,hp
csq,2232,0.010638297872,0.0112376499215618183500784,5.633909e-02,NEW ARRANGEMENT,hp
csq,2236,0.011177645622,0.0112376499215618183500784,5.368241e-03,NEW ARRANGEMENT,hp
csq,2241,0.010986167557,0.0112376499215618183500784,2.289082e-02,NEW ARRANGEMENT,hp
csq,2242,0.010958829213,0.0112376499215618183500784,2.544256e-02,NEW ARRANGEMENT,hp
csq,2322,0.010875804681,0.0109916889531169733110468,1.065524e-02,NEW ARRANGEMENT,hp
csq,2325,0.010638297872,0.0109916889531169733110468,3.321876e-02,NEW ARRANGEMENT,hp
csq,2332,0.010956541842,0.0109916889531169733110468,3.207865e-03,NEW ARRANGEMENT,hp
csq,2338,0.010770375289,0.0109916889531169733110468,2.054837e-02,NEW ARRANGEMENT,hp
csq,2339,0.010717969296,0.0109916889531169733110468,2.553839e-02,NEW ARRANGEMENT,hp
csq,2340,0.010989010989,0.0109916889531169733110468,2.436947e-04,REFINEMENT,hp
csq,2418,0.010638297872,0.0107562375315720787624684,1.108633e-02,NEW ARRANGEMENT,hp
csq,2420,0.010665399566,0.0107562375315720787624684,8.517071e-03,NEW ARRANGEMENT,hp
csq,2425,0.010204081633,0.0107562375315720787624684,5.411128e-02,NEW ARRANGEMENT,hp
csq,2430,0.010744100350,0.0107562375315720787624684,1.129660e-03,NEW ARRANGEMENT,hp
csq,2436,0.010563073213,0.0107562375315720787624684,1.828675e-02,NEW ARRANGEMENT,hp
csq,2437,0.010538059719,0.0107562375315720787624684,2.070379e-02,NEW ARRANGEMENT,hp
csq,2537,0.010363758962,0.0105306372658380443627341,1.610210e-02,NEW ARRANGEMENT,hp
csq,2538,0.010526315789,0.0105306372658380443627341,4.105403e-04,REFINEMENT,hp
csq,2592,0.010309278351,0.0104166666666562213333333,1.041667e-02,NEW ARRANGEMENT,hp
csq,2594,0.010299261562,0.0104166666666562133333333,1.139937e-02,NEW ARRANGEMENT,hp
csq,2595,0.010252877238,0.0104166666666562213333333,1.597497e-02,NEW ARRANGEMENT,hp
csq,2600,0.009900990099,0.0104166666666562133333333,5.208333e-02,NEW ARRANGEMENT,hp
csq,2604,0.010371867521,0.0104166666666562133333333,4.319294e-03,NEW ARRANGEMENT,hp
csq,2605,0.010349359797,0.0104166666666562133333333,6.503481e-03,NEW ARRANGEMENT,hp
csq,2610,0.010204149798,0.0104166666666562133333333,2.082651e-02,NEW ARRANGEMENT,hp
csq,2800,0.009900990099,0.009999999999989976,1.000000e-02,NEW ARRANGEMENT,hp
csq,2803,0.009928497199,0.009999999999989953,7.201775e-03,NEW ARRANGEMENT,hp
csq,2804,0.009885768037,0.009999999999989953,1.155519e-02,NEW ARRANGEMENT,hp
csq,2808,0.009523809524,0.009999999999989953,5.000000e-02,NEW ARRANGEMENT,hp
csq,2813,0.009997656470,0.009999999999989953,2.344079e-04,NEW ARRANGEMENT,hp
csq,2814,0.009976898620,0.009999999999989976,2.315487e-03,NEW ARRANGEMENT,hp
csq,2820,0.009838627623,0.009999999999989953,1.640192e-02,NEW ARRANGEMENT,hp
csq,2880,0.009780789704,0.0099017838428604242161571,1.237059e-02,NEW ARRANGEMENT,hp
csq,2884,0.009615384615,0.0099017838428604242161571,2.978552e-02,NEW ARRANGEMENT,hp
csq,2891,0.009846432236,0.0099017838428604242161571,5.621489e-03,NEW ARRANGEMENT,hp
csq,2898,0.009694556972,0.0099017838428604242161571,2.137559e-02,NEW ARRANGEMENT,hp
csq,2899,0.009652412597,0.0099017838428604242161571,2.583512e-02,NEW ARRANGEMENT,hp
csq,2900,0.009900990099,0.0099017838428604242161571,8.016813e-05,REFINEMENT,hp
csq,2987,0.009615384615,0.0097102321757329937678242,9.864146e-03,NEW ARRANGEMENT,hp
csq,2989,0.009610373074,0.0097102321757329937678242,1.039076e-02,NEW ARRANGEMENT,hp
csq,2996,0.009259259259,0.0097102321757329937678242,4.870508e-02,NEW ARRANGEMENT,hp
csq,3007,0.009526454746,0.0097102321757329937678242,1.929127e-02,NEW ARRANGEMENT,hp
csq,3008,0.009506243017,0.0097102321757329937678242,2.145844e-02,NEW ARRANGEMENT,hp
csq,3100,0.009445878714,0.0095259347181008370652818,8.475231e-03,NEW ARRANGEMENT,hp
csq,3103,0.009259259259,0.0095259347181008370652818,2.880095e-02,NEW ARRANGEMENT,hp
csq,3104,0.009316014770,0.0095259347181008370652818,2.253323e-02,NEW ARRANGEMENT,hp
csq,3105,0.009296079728,0.0095259347181008370652818,2.472601e-02,NEW ARRANGEMENT,hp
csq,3111,0.009508545718,0.0095259347181008370652818,1.828776e-03,NEW ARRANGEMENT,hp
csq,3119,0.009364192346,0.0095259347181008370652818,1.727243e-02,NEW ARRANGEMENT,hp
csq,3120,0.009523809524,0.0095259347181008370652818,2.231454e-04,REFINEMENT,hp
csq,3210,0.009259259259,0.0093484876447753385123552,9.636666e-03,NEW ARRANGEMENT,hp
csq,3213,0.009286998456,0.0093484876447753385123552,6.620997e-03,NEW ARRANGEMENT,hp
csq,3218,0.009159973242,0.0093484876447753385123552,2.058024e-02,NEW ARRANGEMENT,hp
csq,3219,0.009121522327,0.0093484876447753385123552,2.488239e-02,NEW ARRANGEMENT,hp
csq,3224,0.009348230344,0.0093484876447753385123552,2.752401e-05,NEW ARRANGEMENT,hp
csq,3232,0.009207464605,0.0093484876447753385123552,1.531616e-02,NEW ARRANGEMENT,hp
csq,3233,0.009188744442,0.0093484876447753385123552,1.738466e-02,NEW ARRANGEMENT,hp
csq,3348,0.009174311927,0.0091775165275080154834724,3.493015e-04,REFINEMENT,hp
csq,3410,0.009009009009,0.009090909090899958090909,9.090909e-03,NEW ARRANGEMENT,hp
csq,3413,0.009008013702,0.009090909090899947090909,9.202405e-03,NEW ARRANGEMENT,hp
csq,3414,0.008972951260,0.009090909090899958090909,1.314593e-02,NEW ARRANGEMENT,hp
csq,3417,0.008888947472,0.009090909090899947090909,2.272053e-02,NEW ARRANGEMENT,hp
csq,3420,0.008695652174,0.009090909090899958090909,4.545455e-02,NEW ARRANGEMENT,hp
csq,3424,0.009065061161,0.009090909090899958090909,2.851380e-03,NEW ARRANGEMENT,hp
csq,3425,0.009047980578,0.009090909090899947090909,4.744541e-03,NEW ARRANGEMENT,hp
csq,3432,0.008933443884,0.009090909090899958090909,1.762648e-02,NEW ARRANGEMENT,hp
csq,3609,0.008846038874,0.0088498652744981901347254,4.325552e-04,NEW ARRANGEMENT,hp
csq,3616,0.008771929825,0.0088498652744981901347254,8.884641e-03,NEW ARRANGEMENT,hp
csq,3618,0.008745330530,0.0088498652744981901347254,1.195321e-02,NEW ARRANGEMENT,hp
csq,3623,0.008633500915,0.0088498652744981901347254,2.506102e-02,NEW ARRANGEMENT,hp
csq,3624,0.008599312991,0.0088498652744981901347254,2.913631e-02,NEW ARRANGEMENT,hp
csq,3627,0.008474576271,0.0088498652744981901347254,4.428410e-02,NEW ARRANGEMENT,hp
csq,3630,0.008798600286,0.0088498652744981901347254,5.826494e-03,NEW ARRANGEMENT,hp
csq,3638,0.008675275556,0.0088498652744981901347254,2.012498e-02,NEW ARRANGEMENT,hp
csq,3639,0.008658604601,0.0088498652744981901347254,2.208909e-02,NEW ARRANGEMENT,hp
csq,3664,0.008762140230,0.0087719298245526030701754,1.117261e-03,NEW ARRANGEMENT,hp
csq,3672,0.008652607164,0.0087719298245526030701754,1.379037e-02,NEW ARRANGEMENT,hp
csq,3740,0.008608951865,0.0086964758644121535241355,1.016663e-02,NEW ARRANGEMENT,hp
csq,3744,0.008474576271,0.0086964758644121535241355,2.618415e-02,NEW ARRANGEMENT,hp
csq,3745,0.008499401927,0.0086964758644121535241355,2.318680e-02,NEW ARRANGEMENT,hp
csq,3746,0.008482938133,0.0086964758644121535241355,2.517261e-02,NEW ARRANGEMENT,hp
csq,3751,0.008196721311,0.0086964758644121535241355,6.097006e-02,NEW ARRANGEMENT,hp
csq,3752,0.008661102867,0.0086964758644121535241355,4.084122e-03,NEW ARRANGEMENT,hp
csq,3761,0.008540609203,0.0086964758644121535241355,1.825006e-02,NEW ARRANGEMENT,hp
csq,3762,0.008695652174,0.0086964758644121535241355,9.472440e-05,REFINEMENT,hp
csq,3861,0.008474576271,0.0085483025133531456974866,8.699697e-03,NEW ARRANGEMENT,hp
csq,3864,0.008476818802,0.0085483025133531456974866,8.432846e-03,NEW ARRANGEMENT,hp
csq,3870,0.008369502269,0.0085483025133531456974866,2.136331e-02,NEW ARRANGEMENT,hp
csq,3871,0.008337642931,0.0085483025133531456974866,2.526608e-02,NEW ARRANGEMENT,hp
csq,3872,0.008196721311,0.0085483025133531456974866,4.289291e-02,NEW ARRANGEMENT,hp
csq,3876,0.008527875985,0.0085483025133531456974866,2.395266e-03,NEW ARRANGEMENT,hp
csq,3885,0.008410131986,0.0085483025133531456974866,1.642906e-02,NEW ARRANGEMENT,hp
csq,3886,0.008394584058,0.0085483025133531456974866,1.831162e-02,NEW ARRANGEMENT,hp
csq,3990,0.008348733272,0.0084050839573684189160426,6.749609e-03,NEW ARRANGEMENT,hp
csq,3993,0.008196721311,0.0084050839573684189160426,2.542024e-02,NEW ARRANGEMENT,hp
csq,3996,0.008243602871,0.0084050839573684189160426,1.958865e-02,NEW ARRANGEMENT,hp
csq,3997,0.008228240616,0.0084050839573684189160426,2.149224e-02,NEW ARRANGEMENT,hp
csq,4000,0.007936507937,0.0084050839573684189160426,5.904058e-02,NEW ARRANGEMENT,hp
csq,4002,0.008398721785,0.0084050839573684189160426,7.575167e-04,NEW ARRANGEMENT,hp
csq,4012,0.008403361345,0.0084050839573684189160426,2.049909e-04,REFINEMENT,hp
csq,4140,0.008160972967,0.0082665760785126704239214,1.294001e-02,NEW ARRANGEMENT,hp
csq,4340,0.008000000000,0.0080645161290241864838709,8.064516e-03,NEW ARRANGEMENT,hp
csq,4344,0.008004863347,0.0080645161290241864838709,7.452068e-03,NEW ARRANGEMENT,hp
csq,4345,0.007977431279,0.0080645161290241864838709,1.091640e-02,NEW ARRANGEMENT,hp
csq,4350,0.007907686375,0.0080645161290241864838709,1.983257e-02,NEW ARRANGEMENT,hp
csq,4352,0.007751937984,0.0080645161290241864838709,4.032258e-02,NEW ARRANGEMENT,hp
csq,4356,0.008050816891,0.0080645161290241864838709,1.701596e-03,NEW ARRANGEMENT,hp
csq,4357,0.008037413117,0.0080645161290241864838709,3.372106e-03,NEW ARRANGEMENT,hp
csq,4366,0.007944882031,0.0080645161290241864838709,1.505801e-02,NEW ARRANGEMENT,hp
csq,4572,0.007812500000,0.0078744434701616485565298,7.928764e-03,NEW ARRANGEMENT,hp
csq,4575,0.007796668458,0.0078744434701616485565298,9.975416e-03,NEW ARRANGEMENT,hp
csq,4582,0.007704830480,0.0078744434701616485565298,2.201385e-02,NEW ARRANGEMENT,hp
csq,4583,0.007678002170,0.0078744434701616485565298,2.558495e-02,NEW ARRANGEMENT,hp
csq,4585,0.007575757576,0.0078744434701616485565298,3.942654e-02,NEW ARRANGEMENT,hp
csq,4588,0.007839891016,0.0078744434701616485565298,4.407262e-03,NEW ARRANGEMENT,hp
csq,4598,0.007739953321,0.0078744434701616485565298,1.737609e-02,NEW ARRANGEMENT,hp
csq,4599,0.007726834553,0.0078744434701616485565298,1.910341e-02,NEW ARRANGEMENT,hp
csq,4626,0.007811139173,0.0078124999999921875,1.742162e-04,NEW ARRANGEMENT,hp
csq,4636,0.007722315388,0.0078124999999921875,1.167844e-02,NEW ARRANGEMENT,hp
csq,4712,0.007688201816,0.0077527250953060932749046,8.392506e-03,NEW ARRANGEMENT,hp
csq,4716,0.007575757576,0.0077527250953060932749046,2.335971e-02,NEW ARRANGEMENT,hp
csq,4719,0.007598112951,0.0077527250953060932749046,2.034876e-02,NEW ARRANGEMENT,hp
csq,4720,0.007585138112,0.0077527250953060932749046,2.209412e-02,NEW ARRANGEMENT,hp
csq,4725,0.007730589905,0.0077527250953060932749046,2.863325e-03,NEW ARRANGEMENT,hp
csq,4736,0.007751937984,0.0077527250953060932749046,1.015374e-04,REFINEMENT,hp
csq,4840,0.007464395797,0.0076347056376900012943623,2.281629e-02,NEW ARRANGEMENT,hp
csq,4847,0.007575757576,0.0076347056376900012943623,7.781144e-03,NEW ARRANGEMENT,hp
csq,4851,0.007582749121,0.0076347056376900012943623,6.851937e-03,NEW ARRANGEMENT,hp
csq,4859,0.007494372370,0.0076347056376900012943623,1.872515e-02,NEW ARRANGEMENT,hp
csq,4860,0.007469172731,0.0076347056376900012943623,2.216215e-02,NEW ARRANGEMENT,hp
csq,4864,0.007624320961,0.0076347056376900012943623,1.362046e-03,NEW ARRANGEMENT,hp
csq,4875,0.007528517186,0.0076347056376900012943623,1.410483e-02,NEW ARRANGEMENT,hp
csq,5016,0.007518796992,0.007520219208947105780791,1.891549e-04,REFINEMENT,hp
csq,5084,0.007283444260,0.0074626865671566823134328,2.460955e-02,NEW ARRANGEMENT,hp
csq,5092,0.007407407407,0.0074626865671566823134328,7.462687e-03,NEW ARRANGEMENT,hp
csq,5096,0.007395642080,0.0074626865671566823134328,9.065405e-03,NEW ARRANGEMENT,hp
csq,5097,0.007372264890,0.0074626865671566823134328,1.226512e-02,NEW ARRANGEMENT,hp
csq,5103,0.007311896485,0.0074626865671566823134328,2.062257e-02,NEW ARRANGEMENT,hp
csq,5106,0.007194244604,0.0074626865671566823134328,3.731343e-02,NEW ARRANGEMENT,hp
csq,5109,0.007434864116,0.0074626865671566823134328,3.742160e-03,NEW ARRANGEMENT,hp
csq,5110,0.007423420992,0.0074626865671566823134328,5.289418e-03,NEW ARRANGEMENT,hp
csq,5120,0.007344221405,0.0074626865671566823134328,1.613039e-02,NEW ARRANGEMENT,hp
csq,5376,0.007094400972,0.0072463768115869336231884,2.142194e-02,NEW ARRANGEMENT,hp
csq,5382,0.007194244604,0.0072463768115869336231884,7.246377e-03,NEW ARRANGEMENT,hp
csq,5387,0.007202968329,0.0072463768115869336231884,6.026471e-03,NEW ARRANGEMENT,hp
csq,5388,0.007180921692,0.0072463768115869336231884,9.115142e-03,NEW ARRANGEMENT,hp
csq,5395,0.007122271490,0.0072463768115869336231884,1.742496e-02,NEW ARRANGEMENT,hp
csq,5396,0.006993006993,0.0072463768115869336231884,3.623188e-02,NEW ARRANGEMENT,hp
csq,5400,0.007240751728,0.0072463768115869336231884,7.768646e-04,NEW ARRANGEMENT,hp
csq,5401,0.007229953607,0.0072463768115869336231884,2.271550e-03,NEW ARRANGEMENT,hp
csq,5412,0.007153701839,0.0072463768115869336231884,1.295483e-02,NEW ARRANGEMENT,hp
csq,5483,0.007019708934,0.0071944315835583915684164,2.489030e-02,NEW ARRANGEMENT,hp
csq,5494,0.007124533174,0.0071944315835583915684164,9.810946e-03,NEW ARRANGEMENT,hp
csq,5499,0.007042253521,0.0071944315835583915684164,2.160928e-02,NEW ARRANGEMENT,hp
csq,5502,0.007046486350,0.0071944315835583915684164,2.099560e-02,NEW ARRANGEMENT,hp
csq,5503,0.007035382695,0.0071944315835583915684164,2.260700e-02,NEW ARRANGEMENT,hp
csq,5508,0.007160931058,0.0071944315835583915684164,4.678236e-03,NEW ARRANGEMENT,hp
csq,5510,0.006849315068,0.0071944315835583915684164,5.038701e-02,NEW ARRANGEMENT,hp
csq,5520,0.007194244604,0.0071944315835583915684164,2.599016e-05,REFINEMENT,hp
csq,5633,0.006930735336,0.0070926661170839913338829,2.336416e-02,NEW ARRANGEMENT,hp
csq,5634,0.006919745988,0.0070926661170839913338829,2.498938e-02,NEW ARRANGEMENT,hp
csq,5640,0.007042253521,0.0070926661170839913338829,7.158589e-03,NEW ARRANGEMENT,hp
csq,5644,0.007033897060,0.0070926661170839913338829,8.355120e-03,NEW ARRANGEMENT,hp
csq,5653,0.006957241423,0.0070926661170839913338829,1.946529e-02,NEW ARRANGEMENT,hp
csq,5654,0.006935629040,0.0070926661170839913338829,2.264208e-02,NEW ARRANGEMENT,hp
csq,5655,0.006849315068,0.0070926661170839913338829,3.552925e-02,NEW ARRANGEMENT,hp
csq,5658,0.007069644448,0.0070926661170839913338829,3.256411e-03,NEW ARRANGEMENT,hp
csq,5662,0.006666666667,0.0070926661170839913338829,6.389992e-02,NEW ARRANGEMENT,hp
csq,5670,0.006987067224,0.0070926661170839913338829,1.511348e-02,NEW ARRANGEMENT,hp
csq,5786,0.006844043935,0.0069937347378590802652621,2.187169e-02,NEW ARRANGEMENT,hp
csq,5787,0.006822650253,0.0069937347378590802652621,2.507596e-02,NEW ARRANGEMENT,hp
csq,5796,0.006945565481,0.0069937347378590802652621,6.935253e-03,NEW ARRANGEMENT,hp
csq,5800,0.006849315068,0.0069937347378590802652621,2.108527e-02,NEW ARRANGEMENT,hp
csq,5805,0.006870272241,0.0069937347378590802652621,1.797054e-02,NEW ARRANGEMENT,hp
csq,5806,0.006859784409,0.0069937347378590802652621,1.952690e-02,NEW ARRANGEMENT,hp
csq,5810,0.006980675824,0.0069937347378590802652621,1.870723e-03,NEW ARRANGEMENT,hp
csq,5811,0.006666666667,0.0069937347378590802652621,4.906021e-02,NEW ARRANGEMENT,hp
csq,5822,0.006993006993,0.0069937347378590802652621,1.040675e-04,REFINEMENT,hp
csq,5940,0.006759545775,0.006897520808913800979191,2.041188e-02,NEW ARRANGEMENT,hp
csq,5941,0.006749162431,0.006897520808913800979191,2.198175e-02,NEW ARRANGEMENT,hp
csq,5945,0.006849315068,0.006897520808913800979191,7.038038e-03,NEW ARRANGEMENT,hp
csq,5950,0.006859450526,0.006897520808913800979191,5.550048e-03,NEW ARRANGEMENT,hp
csq,5960,0.006785491071,0.006897520808913800979191,1.651019e-02,NEW ARRANGEMENT,hp
csq,5961,0.006765062043,0.006897520808913800979191,1.957983e-02,NEW ARRANGEMENT,hp
csq,5964,0.006893937199,0.006897520808913800979191,5.198205e-04,NEW ARRANGEMENT,hp
csq,5967,0.006493506494,0.006897520808913800979191,6.221820e-02,NEW ARRANGEMENT,hp
csq,6132,0.006802721088,0.0068039140021582610859978,1.753584e-04,REFINEMENT,hp
csq,6210,0.006610789988,0.0067567567567499862432432,2.208008e-02,NEW ARRANGEMENT,hp
csq,6216,0.006711409396,0.0067567567567499862432432,6.756757e-03,NEW ARRANGEMENT,hp
csq,6221,0.006705925278,0.0067567567567499862432432,7.580084e-03,NEW ARRANGEMENT,hp
csq,6222,0.006686834724,0.0067567567567499862432432,1.045667e-02,NEW ARRANGEMENT,hp
csq,6230,0.006635511857,0.0067567567567499862432432,1.827212e-02,NEW ARRANGEMENT,hp
csq,6232,0.006535947712,0.0067567567567499862432432,3.378378e-02,NEW ARRANGEMENT,hp
csq,6235,0.006738636516,0.0067567567567499862432432,2.689007e-03,NEW ARRANGEMENT,hp
csq,6236,0.006729272563,0.0067567567567499862432432,4.084274e-03,NEW ARRANGEMENT,hp
csq,6240,0.006369426752,0.0067567567567499862432432,6.081081e-02,NEW ARRANGEMENT,hp
csq,6248,0.006663101187,0.0067567567567499862432432,1.405585e-02,NEW ARRANGEMENT,hp
csq,6526,0.006509096798,0.0065789473684144400526315,1.073122e-02,NEW ARRANGEMENT,hp
csq,6532,0.006455025704,0.0065789473684144390526315,1.919770e-02,NEW ARRANGEMENT,hp
csq,6536,0.006535947712,0.0065789473684144390526315,6.578947e-03,NEW ARRANGEMENT,hp
csq,6542,0.006547234026,0.0065789473684144390526315,4.843777e-03,NEW ARRANGEMENT,hp
csq,6543,0.006529129445,0.0065789473684144390526315,7.630102e-03,NEW ARRANGEMENT,hp
csq,6552,0.006479214411,0.0065789473684144400526315,1.539275e-02,NEW ARRANGEMENT,hp
csq,6556,0.006578834763,0.0065789473684144390526315,1.711632e-05,NEW ARRANGEMENT,hp
csq,6557,0.006569950182,0.0065789473684144390526315,1.369445e-03,NEW ARRANGEMENT,hp
csq,6560,0.006211180124,0.0065789473684144390526315,5.921053e-02,NEW ARRANGEMENT,hp
csq,6650,0.006392940971,0.0065362085782417237914217,2.241028e-02,NEW ARRANGEMENT,hp
csq,6651,0.006374377350,0.0065362085782417237914217,2.538777e-02,NEW ARRANGEMENT,hp
csq,6660,0.006482270374,0.0065362085782417237914217,8.320882e-03,NEW ARRANGEMENT,hp
csq,6665,0.006410256410,0.0065362085782417237914217,1.964854e-02,NEW ARRANGEMENT,hp
csq,6670,0.006416278387,0.0065362085782417237914217,1.869155e-02,NEW ARRANGEMENT,hp
csq,6671,0.006407165764,0.0065362085782417237914217,2.014039e-02,NEW ARRANGEMENT,hp
csq,6675,0.006512820261,0.0065362085782417237914217,3.591120e-03,NEW ARRANGEMENT,hp
csq,6678,0.006250000000,0.0065362085782417237914217,4.579337e-02,NEW ARRANGEMENT,hp
csq,6688,0.006535947712,0.0065362085782417237914217,3.991253e-05,REFINEMENT,hp
csq,6815,0.006319222171,0.006452081992936662918007,2.102471e-02,NEW ARRANGEMENT,hp
csq,6816,0.006310194098,0.006452081992936662918007,2.248550e-02,NEW ARRANGEMENT,hp
csq,6820,0.006410256410,0.006452081992936662918007,6.524791e-03,NEW ARRANGEMENT,hp
csq,6825,0.006407203470,0.006452081992936662918007,7.004385e-03,NEW ARRANGEMENT,hp
csq,6836,0.006342311507,0.006452081992936662918007,1.730765e-02,NEW ARRANGEMENT,hp
csq,6837,0.006324529671,0.006452081992936662918007,2.016787e-02,NEW ARRANGEMENT,hp
csq,6840,0.006437246897,0.006452081992936662918007,2.304572e-03,NEW ARRANGEMENT,hp
csq,6846,0.006097560976,0.006452081992936662918007,5.814145e-02,NEW ARRANGEMENT,hp
csq,6983,0.006247221513,0.0063700902166369949097833,1.966774e-02,NEW ARRANGEMENT,hp
csq,6984,0.006229602117,0.0063700902166369949097833,2.255170e-02,NEW ARRANGEMENT,hp
csq,6992,0.006333874676,0.0063700902166369949097833,5.717755e-03,NEW ARRANGEMENT,hp
csq,6996,0.006250000000,0.0063700902166369949097833,1.921443e-02,NEW ARRANGEMENT,hp
csq,7003,0.006270060473,0.0063700902166369949097833,1.595355e-02,NEW ARRANGEMENT,hp
csq,7004,0.006261407578,0.0063700902166369949097833,1.735754e-02,NEW ARRANGEMENT,hp
csq,7007,0.006363421679,0.0063700902166369949097833,1.047948e-03,NEW ARRANGEMENT,hp
csq,7008,0.006213973918,0.0063700902166369949097833,2.512342e-02,NEW ARRANGEMENT,hp
csq,7009,0.006097560976,0.0063700902166369949097833,4.469480e-02,NEW ARRANGEMENT,hp
csq,7020,0.006369426752,0.0063700902166369949097833,1.041639e-04,REFINEMENT,hp
csq,7104,0.006189016765,0.0063291139240442818860759,2.263642e-02,NEW ARRANGEMENT,hp
csq,7110,0.006289308176,0.0063291139240442818860759,6.329114e-03,NEW ARRANGEMENT,hp
csq,7115,0.006273052899,0.0063291139240442818860759,8.936801e-03,NEW ARRANGEMENT,hp
csq,7116,0.006256361390,0.0063291139240442818860759,1.162857e-02,NEW ARRANGEMENT,hp
csq,7125,0.006211079487,0.0063291139240442818860759,1.900385e-02,NEW ARRANGEMENT,hp
csq,7128,0.006134969325,0.0063291139240442818860759,3.164557e-02,NEW ARRANGEMENT,hp
csq,7130,0.006301648781,0.0063291139240442818860759,4.358406e-03,NEW ARRANGEMENT,hp
csq,7131,0.006293451172,0.0063291139240442818860759,5.666645e-03,NEW ARRANGEMENT,hp
csq,7138,0.005988023952,0.0063291139240442818860759,5.696203e-02,NEW ARRANGEMENT,hp
csq,7144,0.006235485933,0.0063291139240442818860759,1.501535e-02,NEW ARRANGEMENT,hp
csq,7178,0.006144169111,0.0062901530877644098469122,2.375976e-02,NEW ARRANGEMENT,hp
csq,7181,0.005952380952,0.0062901530877644098469122,5.674572e-02,NEW ARRANGEMENT,hp
csq,7348,0.005952380952,0.0062121944057876838055942,4.364866e-02,NEW ARRANGEMENT,hp
csq,7350,0.006075953139,0.0062121944057876838055942,2.242303e-02,NEW ARRANGEMENT,hp
csq,7360,0.006211180124,0.0062121944057876838055942,1.632994e-04,REFINEMENT,hp
csq,7441,0.006100420463,0.0061728395061666381604938,1.187116e-02,NEW ARRANGEMENT,hp
csq,7448,0.006052399145,0.0061728395061666381604938,1.989961e-02,NEW ARRANGEMENT,hp
csq,7452,0.006134969325,0.0061728395061666381604938,6.172840e-03,NEW ARRANGEMENT,hp
csq,7458,0.006133982326,0.0061728395061666381604938,6.334740e-03,NEW ARRANGEMENT,hp
csq,7459,0.006118098885,0.0061728395061666381604938,8.947325e-03,NEW ARRANGEMENT,hp
csq,7469,0.006073995807,0.0061728395061666381604938,1.627326e-02,NEW ARRANGEMENT,hp
csq,7470,0.005988023952,0.0061728395061666381604938,3.086420e-02,NEW ARRANGEMENT,hp
csq,7473,0.006161669473,0.0061728395061666381604938,1.812826e-03,NEW ARRANGEMENT,hp
csq,7474,0.006153865466,0.0061728395061666381604938,3.083272e-03,NEW ARRANGEMENT,hp
csq,7475,0.006021028737,0.0061728395061666381604938,2.521343e-02,NEW ARRANGEMENT,hp
csq,7476,0.006004433844,0.0061728395061666381604938,2.804688e-02,NEW ARRANGEMENT,hp
csq,7480,0.005847953216,0.0061728395061666381604938,5.555556e-02,NEW ARRANGEMENT,hp
csq,7825,0.006020384238,0.0060240963855361085036144,6.165964e-04,NEW ARRANGEMENT,hp
csq,7828,0.005891416143,0.0060240963855361085036144,2.252094e-02,NEW ARRANGEMENT,hp
csq,7829,0.005875620700,0.0060240963855361085036144,2.526979e-02,NEW ARRANGEMENT,hp
csq,7830,0.005714285714,0.0060240963855361085036144,5.421687e-02,NEW ARRANGEMENT,hp
csq,7929,0.005869377205,0.0059883177746915606822253,2.026460e-02,NEW ARRANGEMENT,hp
csq,7930,0.005853893071,0.0059883177746915606822253,2.296330e-02,NEW ARRANGEMENT,hp
csq,7938,0.005946320947,0.0059883177746915606822253,7.062657e-03,NEW ARRANGEMENT,hp
csq,7943,0.005882352941,0.0059883177746915606822253,1.801402e-02,NEW ARRANGEMENT,hp
csq,7950,0.005889828236,0.0059883177746915606822253,1.672197e-02,NEW ARRANGEMENT,hp
csq,7951,0.005882215487,0.0059883177746915606822253,1.803781e-02,NEW ARRANGEMENT,hp
csq,7954,0.005972318461,0.0059883177746915606822253,2.678912e-03,NEW ARRANGEMENT,hp
csq,7956,0.005839730780,0.0059883177746915606822253,2.544415e-02,NEW ARRANGEMENT,hp
csq,7958,0.005747126437,0.0059883177746915606822253,4.196729e-02,NEW ARRANGEMENT,hp
csq,7965,0.005617977528,0.0059883177746915606822253,6.592056e-02,NEW ARRANGEMENT,hp
csq,7968,0.005988023952,0.0059883177746915606822253,4.906839e-05,REFINEMENT,hp
csq,8109,0.005807285649,0.0059176123176882423876823,1.899798e-02,NEW ARRANGEMENT,hp
csq,8110,0.005799737192,0.0059176123176882423876823,2.032422e-02,NEW ARRANGEMENT,hp
csq,8112,0.005882352941,0.0059176123176882423876823,5.994094e-03,NEW ARRANGEMENT,hp
csq,8118,0.005883127599,0.0059176123176882423876823,5.861630e-03,NEW ARRANGEMENT,hp
csq,8131,0.005827517347,0.0059176123176882423876823,1.546027e-02,NEW ARRANGEMENT,hp
csq,8132,0.005812631118,0.0059176123176882423876823,1.806087e-02,NEW ARRANGEMENT,hp
csq,8134,0.005908723644,0.0059176123176882423876823,1.504331e-03,NEW ARRANGEMENT,hp
csq,8137,0.005778096113,0.0059176123176882423876823,2.414571e-02,NEW ARRANGEMENT,hp
csq,8142,0.005617977528,0.0059176123176882423876823,5.333499e-02,NEW ARRANGEMENT,hp
csq,8292,0.005746520463,0.0058485547536265914452463,1.775584e-02,NEW ARRANGEMENT,hp
csq,8293,0.005731758178,0.0058485547536265914452463,2.037709e-02,NEW ARRANGEMENT,hp
csq,8300,0.005821277492,0.0058485547536265914452463,4.685786e-03,NEW ARRANGEMENT,hp
csq,8304,0.005747126437,0.0058485547536265914452463,1.764853e-02,NEW ARRANGEMENT,hp
csq,8313,0.005766532443,0.0058485547536265914452463,1.422385e-02,NEW ARRANGEMENT,hp
csq,8314,0.005759271922,0.0058485547536265914452463,1.550245e-02,NEW ARRANGEMENT,hp
csq,8316,0.005846479655,0.0058485547536265914452463,3.549313e-04,NEW ARRANGEMENT,hp
csq,8319,0.005617977528,0.0058485547536265914452463,4.104275e-02,NEW ARRANGEMENT,hp
csq,8320,0.005717779056,0.0058485547536265914452463,2.287176e-02,NEW ARRANGEMENT,hp
csq,8326,0.005494505495,0.0058485547536265914452463,6.443697e-02,NEW ARRANGEMENT,hp
csq,8330,0.005847953216,0.0058485547536265914452463,1.028629e-04,REFINEMENT,hp
csq,8416,0.005740038581,0.0058139534883662400465116,1.287708e-02,NEW ARRANGEMENT,hp
csq,8424,0.005697113632,0.0058139534883662340465116,2.050861e-02,NEW ARRANGEMENT,hp
csq,8428,0.005780346821,0.0058139534883662340465116,5.813953e-03,NEW ARRANGEMENT,hp
csq,8434,0.005769801278,0.0058139534883662340465116,7.652293e-03,NEW ARRANGEMENT,hp
csq,8435,0.005755753946,0.0058139534883662340465116,1.011154e-02,NEW ARRANGEMENT,hp
csq,8446,0.005716506176,0.0058139534883662480465116,1.704666e-02,NEW ARRANGEMENT,hp
csq,8448,0.005649717514,0.0058139534883662340465116,2.906977e-02,NEW ARRANGEMENT,hp
csq,8450,0.005794259226,0.0058139534883662340465116,3.398927e-03,NEW ARRANGEMENT,hp
csq,8451,0.005787350024,0.0058139534883662540465116,4.596830e-03,NEW ARRANGEMENT,hp
csq,8453,0.005669054043,0.0058139534883662340465116,2.555972e-02,NEW ARRANGEMENT,hp
csq,8454,0.005654416077,0.0058139534883662340465116,2.821466e-02,NEW ARRANGEMENT,hp
csq,8460,0.005524861878,0.0058139534883662480465116,5.232558e-02,NEW ARRANGEMENT,hp
csq,8505,0.005658736766,0.0057810881886693949118113,2.162168e-02,NEW ARRANGEMENT,hp
csq,8507,0.005494505495,0.0057810881886693949118113,5.215805e-02,NEW ARRANGEMENT,hp
csq,8788,0.005629970245,0.0056818181818124951818181,9.209274e-03,NEW ARRANGEMENT,hp
csq,8789,0.005623167290,0.0056818181818124951818181,1.043022e-02,NEW ARRANGEMENT,hp
csq,8798,0.005581325390,0.0056818181818124951818181,1.800518e-02,NEW ARRANGEMENT,hp
csq,8800,0.005649717514,0.0056818181818124951818181,5.681818e-03,NEW ARRANGEMENT,hp
csq,8807,0.005651998851,0.0056818181818124951818181,5.275891e-03,NEW ARRANGEMENT,hp
csq,8808,0.005638577275,0.0056818181818124951818181,7.668762e-03,NEW ARRANGEMENT,hp
csq,8820,0.005600308056,0.0056818181818124951818181,1.455458e-02,NEW ARRANGEMENT,hp
csq,8823,0.005675730862,0.0056818181818124951818181,1.072517e-03,NEW ARRANGEMENT,hp
csq,8824,0.005669127110,0.0056818181818124951818181,2.238629e-03,NEW ARRANGEMENT,hp
csq,8828,0.005554102075,0.0056818181818124951818181,2.299492e-02,NEW ARRANGEMENT,hp
csq,8829,0.005540127922,0.0056818181818124951818181,2.557527e-02,NEW ARRANGEMENT,hp
csq,8832,0.005405405405,0.0056818181818124951818181,5.113636e-02,NEW ARRANGEMENT,hp
csq,8928,0.005347593583,0.0056497513708723262486291,5.650351e-02,NEW ARRANGEMENT,hp
csq,8935,0.005534685712,0.0056497513708723262486291,2.078992e-02,NEW ARRANGEMENT,hp
csq,8936,0.005520970944,0.0056497513708723262486291,2.332568e-02,NEW ARRANGEMENT,hp
csq,8944,0.005603459673,0.0056497513708723262486291,8.261271e-03,NEW ARRANGEMENT,hp
csq,8950,0.005555555556,0.0056497513708723262486291,1.695525e-02,NEW ARRANGEMENT,hp
csq,8957,0.005553098499,0.0056497513708723262486291,1.740521e-02,NEW ARRANGEMENT,hp
csq,8958,0.005546349014,0.0056497513708723262486291,1.864332e-02,NEW ARRANGEMENT,hp
csq,8961,0.005626510865,0.0056497513708723262486291,4.130536e-03,NEW ARRANGEMENT,hp
csq,8964,0.005508089844,0.0056497513708723262486291,2.571881e-02,NEW ARRANGEMENT,hp
csq,8967,0.005434782609,0.0056497513708723262486291,3.955425e-02,NEW ARRANGEMENT,hp
csq,8976,0.005319148936,0.0056497513708723262486291,6.215326e-02,NEW ARRANGEMENT,hp
csq,9126,0.005479472923,0.005586765208990616234791,1.958077e-02,NEW ARRANGEMENT,hp
csq,9127,0.005472777088,0.005586765208990616234791,2.082820e-02,NEW ARRANGEMENT,hp
csq,9129,0.005555555556,0.005586765208990616234791,5.617738e-03,NEW ARRANGEMENT,hp
csq,9135,0.005547310333,0.005586765208990616234791,7.112434e-03,NEW ARRANGEMENT,hp
csq,9149,0.005497694189,0.005586765208990616234791,1.620152e-02,NEW ARRANGEMENT,hp
csq,9150,0.005484478765,0.005586765208990616234791,1.865017e-02,NEW ARRANGEMENT,hp
csq,9152,0.005570026365,0.005586765208990616234791,3.005164e-03,NEW ARRANGEMENT,hp
csq,9156,0.005453267787,0.005586765208990616234791,2.448026e-02,NEW ARRANGEMENT,hp
csq,9163,0.005319148936,0.005586765208990616234791,5.031186e-02,NEW ARRANGEMENT,hp
csq,9211,0.005443819625,0.0055555555555499804444444,2.052528e-02,NEW ARRANGEMENT,hp
csq,9212,0.005430465229,0.0055555555555499804444444,2.303492e-02,NEW ARRANGEMENT,hp
csq,9310,0.005235602094,0.0055251661374914588338625,5.530673e-02,NEW ARRANGEMENT,hp
csq,9320,0.005425372265,0.0055251661374914588338625,1.839392e-02,NEW ARRANGEMENT,hp
csq,9321,0.005412260493,0.0055251661374914588338625,2.086109e-02,NEW ARRANGEMENT,hp
csq,9328,0.005492287021,0.0055251661374914588338625,5.986416e-03,NEW ARRANGEMENT,hp
csq,9333,0.005434782609,0.0055251661374914588338625,1.663057e-02,NEW ARRANGEMENT,hp
csq,9342,0.005443402028,0.0055251661374914588338625,1.502077e-02,NEW ARRANGEMENT,hp
csq,9343,0.005436947189,0.0055251661374914588338625,1.622582e-02,NEW ARRANGEMENT,hp
csq,9345,0.005514673843,0.0055251661374914588338625,1.902614e-03,NEW ARRANGEMENT,hp
csq,9350,0.005399550614,0.0055251661374914588338625,2.326407e-02,NEW ARRANGEMENT,hp
csq,9359,0.005208333333,0.0055251661374914588338625,6.083190e-02,NEW ARRANGEMENT,hp
csq,9360,0.005524861878,0.0055251661374914588338625,5.507097e-05,REFINEMENT,hp
csq,9515,0.005372349774,0.0054649088745825390911254,1.722879e-02,NEW ARRANGEMENT,hp
csq,9516,0.005434782609,0.0054649088745825390911254,5.543233e-03,NEW ARRANGEMENT,hp
csq,9520,0.005331757801,0.0054649088745825390911254,2.497320e-02,NEW ARRANGEMENT,hp
csq,9523,0.005438355816,0.0054649088745825390911254,4.882553e-03,NEW ARRANGEMENT,hp
csq,9537,0.005319148936,0.0054649088745825390911254,2.740287e-02,NEW ARRANGEMENT,hp
csq,9538,0.005390188295,0.0054649088745825390911254,1.386233e-02,NEW ARRANGEMENT,hp
csq,9539,0.005377543960,0.0054649088745825390911254,1.624625e-02,NEW ARRANGEMENT,hp
csq,9540,0.005460419316,0.0054649088745825390911254,8.222003e-04,NEW ARRANGEMENT,hp
csq,9546,0.005346904465,0.0054649088745825390911254,2.206967e-02,NEW ARRANGEMENT,hp
csq,9550,0.005208333333,0.0054649088745825390911254,4.926250e-02,NEW ARRANGEMENT,hp
csq,9744,0.005295296882,0.0054059500870678800499129,2.089651e-02,NEW ARRANGEMENT,hp
csq,9752,0.005405405405,0.0054059500870678800499129,1.007662e-04,REFINEMENT,hp
csq,9845,0.005321637325,0.0053763440860160686559139,1.028006e-02,NEW ARRANGEMENT,hp
csq,9846,0.005315567074,0.0053763440860160876559139,1.143378e-02,NEW ARRANGEMENT,hp
csq,9856,0.005277905849,0.0053763440860160876559139,1.865100e-02,NEW ARRANGEMENT,hp
csq,9858,0.005347593583,0.0053763440860160686559139,5.376344e-03,NEW ARRANGEMENT,hp
csq,9861,0.005238788232,0.0053763440860160876559139,2.625719e-02,NEW ARRANGEMENT,hp
csq,9862,0.005232483844,0.0053763440860160686559139,2.749368e-02,NEW ARRANGEMENT,hp
csq,9865,0.005341353284,0.0053763440860160876559139,6.550924e-03,NEW ARRANGEMENT,hp
csq,9866,0.005329368139,0.0053763440860160876559139,8.814543e-03,NEW ARRANGEMENT,hp
csq,9879,0.005295051854,0.0053763440860160876559139,1.535249e-02,NEW ARRANGEMENT,hp
csq,9880,0.005235602094,0.0053763440860160686559139,2.688172e-02,NEW ARRANGEMENT,hp
csq,9882,0.005362506111,0.0053763440860160686559139,2.580505e-03,NEW ARRANGEMENT,hp
csq,9883,0.005356603802,0.0053763440860160966559139,3.685224e-03,NEW ARRANGEMENT,hp
csq,9888,0.005253380958,0.0053763440860160876559139,2.340647e-02,NEW ARRANGEMENT,hp
csq,9889,0.005240930334,0.0053763440860160686559139,2.583773e-02,NEW ARRANGEMENT,hp
csq,9894,0.005128205128,0.0053763440860160876559139,4.838710e-02,NEW ARRANGEMENT,hp
csq,9944,0.005244696735,0.0053482482866904147517133,1.974405e-02,NEW ARRANGEMENT,hp
csq,9996,0.005328336162,0.0053405420014921274579985,2.290741e-03,NEW ARRANGEMENT,hp
